ID                                                       , Chamaecyparis lawsoniana 'Ellwoodii'-247596-10, Chamaecyparis lawsoniana 'Ellwoodii'-247596-11, Chamaecyparis lawsoniana 'Ellwoodii'-247596-12, Chamaecyparis lawsoniana ?-LoveSun1-65, Chamaecyparis pisifera-10833_1-64, Chamaecyparis pisifera-10833_2-63, Chamaecyparis pisifera-49612_D-62, Chamaecyparis pisifera-49612_L-61, Cupressus nootkatensis-202515-13, Cupressus nootkatensis-202515-14, Cupressus nootkatensis-202515-15, Juniperus chinensis var. sargentii-423705-27, Juniperus chinensis var. sargentii-423705-28, Juniperus communis-45990-1-58, Juniperus communis-45990-2-59, Juniperus communis-45990-3-60, Juniperus communis (J. suecica)-249972-39, Juniperus communis (J. suecica)-249972-40, Juniperus communis var. saxatilis (J. sibirica)-28043-37, Juniperus communis var. saxatilis (J. sibirica)-28043-38, Juniperus davurica-20140023-19, Juniperus davurica-20140023-20, Juniperus davurica-20140023-21, Juniperus pseudosabina-342963/79-31, Juniperus pseudosabina-342963/79-32, Juniperus pseudosabina (J.turkestanica)-236061-33, Juniperus pseudosabina (J.turkestanica)-236061-34, Juniperus pseudosabina (J.turkestanica)-254450-35, Juniperus pseudosabina (J.turkestanica)-254450-36, Juniperus rigida-252947-22, Juniperus rigida-252947-23, Juniperus rigida-252947-24, Juniperus rigida-318939-4, Juniperus rigida-318939-5, Juniperus rigida-318939-6, Juniperus sabina-18-1-55, Juniperus sabina-18-2-56, Juniperus sabina-18-3-57, Juniperus scopulorum-305660-29, Juniperus scopulorum-305660-30, Juniperus virginiana-248592-41, Juniperus virginiana-248592-42, Juniperus virginiana-315380_1, 1-43, Juniperus virginiana-315380_1, 1-44, Juniperus virginiana-315380_1, 2-47, Juniperus virginiana-315380_1, 2-48, Juniperus virginiana-315380_1, 3-45, Juniperus virginiana-315380_1, 3-46, Juniperus virginiana-45989-1-49, Juniperus virginiana-45989-1-50, Juniperus virginiana-45989-2-51, Juniperus virginiana-45989-2-52, Juniperus virginiana-45989-3-53, Juniperus virginiana-45989-3-54, Microbiota decussata-20140030-16, Microbiota decussata-20140030-17, Microbiota decussata-20140030-18, Microbiota decussata-4/73-7, Microbiota decussata-4/73-8, Microbiota decussata-4/73-9, Thuja occidentalis-235076-1-71, Thuja occidentalis-235076-2-72, Thuja occidentalis-62390_1-69, Thuja occidentalis-62390_2-70, Thuja plicata-238174-1, Thuja plicata-238174-2, Thuja plicata-238174-3, Thuja plicata-288244_1-67, Thuja plicata-288244_2-68, Thujopsis dolabrata 'Variegata'-299338/72-25, Thujopsis dolabrata 'Variegata'-299338/72-26
cis-3-hexenal                                            , 28.4                                          , 24.5                                          , 16.4                                          , 47.2                                  , 16.3                             , 52.2                             , 76.6                             , 66                               , 33.4                            , 29.7                            , 26.1                            , 55.6                                        , 43                                          , 102                          , 90.9                         , 78                           , 81.1                                     , 71.3                                     , 13.8                                                    , 17.7                                                    , 33.5                          , 39.9                          , 29.6                          , 24.4                               , 17.5                               , 31                                               , 32.9                                             ,                                                  ,                                                  , 66.9                      ,                           , 59.8                      , 64                       , 70.7                     , 80.3                     , 48.9                    , 57.4                    , 58.3                    , 27.7                          , 24.6                          , 19.2                          , 15                            , 2.15                         ,     , 10.9                         , 7.12, 2.53                         , 3.27, 18.1                         , 20.5, 26.6                         , 25.4, 46.1                         , 37  , 46                             , 40.3                           , 39.2                           , 49.7                           , 48.7                           , 49.2                           , 54.8                            , 45.4                            , 52.1                            , 58.8                       , 60.3                       , 53.4                       , 50.6                          , 65.8                          , 4.53                         , 33.5                         , 28                    ,                       ,                       ,                          ,                          ,                                             , 
"2-Hexenal, (E)-"                                        , 1.94                                          , 2.9                                           ,                                               , 4.78                                  , 4.29                             , 8.13                             , 6.95                             , 7.51                             ,                                 ,                                 ,                                 , 6.2                                         , 5.28                                        , 9.5                          , 5.92                         , 9.92                         , 18.8                                     , 11.8                                     ,                                                         ,                                                         , 2.88                          , 5.07                          , 7.08                          , 3.54                               ,                                    , 5.11                                             , 4.25                                             ,                                                  ,                                                  , 8.45                      ,                           , 5.67                      , 33.2                     , 27.5                     , 28.3                     , 4.6                     , 4.96                    , 3.52                    , 3.55                          , 2.84                          ,                               ,                               ,                              ,     , 15.4                         , 11.9, 2.63                         , 2.39, 3.62                         , 3.81, 4.09                         , 4.73, 5.34                         , 6.43, 4.02                           , 2.03                           , 1.73                           , 4.07                           , 2.91                           , 2.74                           ,                                 , 2.39                            , 2.18                            ,                            ,                            , 2.17                       , 1.89                          , 7.25                          , 7.06                         ,                              ,                       ,                       ,                       ,                          ,                          ,                                             , 
alpha-thujene                                            , 5.06                                          , 5.7                                           , 4.59                                          , 3.61                                  , 58.1                             , 83.3                             , 61.6                             , 88.5                             , 5.76                            , 5.88                            , 5.89                            , 27.8                                        , 25                                          , 74.3                         , 86.1                         , 5.71                         , 8.33                                     , 8.46                                     , 7.57                                                    , 8.25                                                    , 13.3                          , 12.8                          , 9.11                          , 81.1                               , 84.5                               , 8.02                                             , 7.85                                             , 7.69                                             , 7.34                                             , 3.01                      ,                           , 3.74                      , 4.11                     , 4.1                      , 4.25                     , 20.6                    , 17.7                    , 18.2                    , 33.3                          , 35.6                          , 2.79                          ,                               , 8.28                         , 8.97, 2.86                         , 2.84, 2.15                         , 2.58, 44.3                         , 49.3, 32.2                         , 28.9, 4.45                         , 3.13, 18.1                           , 15.8                           , 16.2                           , 12.2                           , 12.3                           , 12.6                           , 8.4                             , 9.54                            , 8.33                            , 10.4                       , 76                         , 71.7                       , 65.3                          , 18.4                          , 18.9                         , 54.4                         , 66.5                  ,                       ,                       ,                          ,                          ,                                             , 
alpha-Pinene                                             , 68.4                                          , 63.6                                          , 53                                            , 72.9                                  , 7520                             , 6500                             , 8510                             , 14700                            , 2360                            , 2020                            , 2250                            , 110                                         , 105                                         , 1610                         , 773                          , 3050                         , 4330                                     , 4350                                     , 7580                                                    , 7080                                                    , 1470                          , 1550                          , 1250                          , 174                                , 182                                , 8310                                             , 8090                                             , 6500                                             , 7530                                             , 1420                      ,                           , 1950                      , 1900                     , 2330                     , 2150                     , 54.2                    , 62.9                    , 57                      , 182                           , 225                           , 54                            , 50.6                          , 280                          , 282 , 140                          , 130 , 36.2                         , 30.4, 91.5                         , 101 , 74.5                         , 67.2, 101                          , 99.8, 71.2                           , 62.5                           , 60.9                           , 58.4                           , 59.9                           , 56.5                           , 43.1                            , 44.3                            , 39.9                            , 61                         , 285                        , 275                        , 247                           , 97.7                          , 93.2                         , 250                          , 297                   ,                       ,                       ,                          ,                          ,                                             , 
alpha-fenchene                                           , 16.4                                          , 14.6                                          , 12.2                                          , 10.4                                  ,                                  , 128                              ,                                  ,                                  , 37.5                            , 32.3                            , 35.5                            ,                                             ,                                             , 5.03                         ,                              , 20                           ,                                          , 3.96                                     ,                                                         ,                                                         ,                               ,                               , 1.1                           , 4.95                               , 5.38                               ,                                                  ,                                                  ,                                                  ,                                                  , 6.06                      ,                           , 8.05                      ,                          ,                          ,                          ,                         ,                         ,                         ,                               ,                               ,                               ,                               ,                              ,     ,                              ,     ,                              ,     , 1.8                          , 1.8 , 2.19                         , 1.87,                              ,     , 15.2                           , 14.2                           , 12.9                           , 13.9                           , 14.4                           , 13.1                           , 15.4                            , 16.4                            , 18.3                            , 35.1                       , 55.4                       , 53.5                       , 48.4                          ,                               ,                              ,                              , 1.38                  ,                       ,                       ,                          ,                          ,                                             , 
Camphene                                                 , 2.36                                          , 2.06                                          , 1.88                                          , 1.9                                   , 54.4                             , 74.2                             , 56.9                             , 83.3                             , 8.92                            , 9.1                             , 9.65                            , 1.56                                        , 1.23                                        , 5.12                         , 3.98                         , 5.17                         , 12                                       , 11                                       , 24.5                                                    , 21.8                                                    , 7.66                          , 8.62                          , 5.92                          ,                                    ,                                    , 25.5                                             , 23.2                                             , 21.2                                             , 23.3                                             , 7.22                      ,                           , 10.2                      , 9.79                     , 12.8                     , 10.8                     ,                         ,                         ,                         , 7.5                           , 7.62                          ,                               ,                               , 1.46                         ,     ,                              ,     ,                              ,     , 1.41                         , 1.41,                              ,     ,                              ,     ,                                ,                                ,                                ,                                ,                                ,                                , 14.6                            , 17.8                            , 17.8                            , 33.4                       , 50.8                       , 48.5                       , 45                            ,                               ,                              , 2.54                         , 2.86                  ,                       ,                       ,                          ,                          ,                                             , 
?/? RI 965.22                                            ,                                               ,                                               ,                                               ,                                       ,                                  ,                                  ,                                  ,                                  ,                                 ,                                 ,                                 ,                                             ,                                             ,                              ,                              ,                              ,                                          ,                                          ,                                                         ,                                                         , 54.5                          , 60.2                          , 38                            ,                                    ,                                    ,                                                  ,                                                  ,                                                  ,                                                  ,                           ,                           ,                           , 6.64                     , 7.56                     , 6.81                     ,                         ,                         ,                         ,                               ,                               ,                               ,                               ,                              ,     ,                              ,     ,                              ,     ,                              ,     ,                              ,     ,                              ,     ,                                ,                                ,                                ,                                ,                                ,                                ,                                 ,                                 ,                                 ,                            ,                            ,                            ,                               ,                               ,                              ,                              ,                       ,                       ,                       ,                          ,                          ,                                             , 
1-Octen-3-ol                                             , 1.38                                          , 1.64                                          , 1.28                                          ,                                       , 9.79                             , 13.4                             , 10.5                             , 5.82                             , 5.32                            , 5.01                            , 4.96                            , 5.98                                        , 5.49                                        ,                              ,                              ,                              ,                                          , 2.31                                     ,                                                         ,                                                         , 7.47                          , 7.59                          , 7.83                          ,                                    ,                                    ,                                                  ,                                                  ,                                                  ,                                                  , 4.64                      ,                           , 3.06                      , 3.74                     , 2.97                     , 3.46                     , 3.17                    , 6.25                    , 4.82                    , 4.59                          , 5.12                          , 15.9                          , 15.5                          , 10.4                         , 9.56, 14.7                         , 14  , 12.1                         , 11.9, 8.44                         , 7.77, 7.64                         , 8.51, 5.87                         , 5.79,                                ,                                , 1.6                            ,                                ,                                ,                                , 6.5                             , 7.35                            , 7.5                             , 9.01                       ,                            , 5.02                       , 4.09                          ,                               , 1.42                         , 3.56                         , 3.98                  ,                       ,                       ,                          ,                          ,                                             , 
Sabinene                                                 , 70.5                                          , 71.2                                          , 58.7                                          , 44.2                                  , 6.27                             , 18.1                             , 8.05                             , 18.1                             , 16.9                            , 13.8                            , 15.9                            , 1280                                        , 1270                                        , 1820                         , 2530                         , 12.4                         , 13.8                                     , 13.5                                     , 5.76                                                    , 4.85                                                    , 462                           , 453                           , 372                           , 5290                               , 5620                               , 6.07                                             , 5.64                                             , 4.68                                             , 5.47                                             ,                           ,                           ,                           ,                          ,                          ,                          , 1980                    , 948                     , 772                     , 1330                          , 1490                          , 7.55                          , 6.46                          , 488                          , 484 , 129                          , 113 , 99.1                         , 91.3, 4020                         , 4380, 2770                         , 2700, 149                          , 155 , 304                            , 268                            , 260                            , 194                            , 183                            , 188                            , 191                             , 257                             , 222                             , 178                        , 2310                       , 2230                       , 2050                          , 379                           , 422                          , 3410                         , 4240                  ,                       ,                       ,                          ,                          ,                                             , 
beta-Myrcene+beta-Pinene                                 , 176                                           , 175                                           , 151                                           , 167                                   , 2300                             , 666                              , 1430                             , 1550                             , 220                             , 190                             , 208                             , 99.3                                        , 91.8                                        , 176                          , 164                          , 122                          , 176                                      , 175                                      , 524                                                     , 482                                                     , 267                           , 277                           , 213                           , 251                                , 270                                , 577                                              , 544                                              , 452                                              , 516                                              , 94.5                      ,                           , 119                       , 209                      , 252                      , 228                      , 102                     , 121                     , 117                     , 71.1                          , 81.1                          , 37.6                          , 32.3                          , 46.8                         , 45  , 24.5                         , 21.5, 13.4                         , 11.4, 95.8                         , 108 , 92.2                         , 80.4, 24.3                         , 22.2, 60.8                           , 53.4                           , 55                             , 45.1                           , 43.5                           , 43.1                           , 62                              , 73.5                            , 74.3                            , 90.7                       , 413                        , 406                        , 388                           , 139                           , 199                          , 257                          , 306                   ,                       ,                       ,                          ,                          ,                                             , 
3-Carene                                                 , 312                                           , 309                                           , 260                                           , 186                                   , 48.1                             , 7950                             , 28.2                             , 10.3                             , 1770                            , 1490                            , 1700                            ,                                             ,                                             , 116                          ,                              , 685                          , 81.9                                     , 89.8                                     , 25.8                                                    , 22.3                                                    , 1.59                          ,                               , 1.11                          , 88.9                               , 97.5                               , 13.2                                             , 14                                               , 20.1                                             , 21.8                                             , 64.8                      ,                           , 88.2                      , 16.6                     , 19.8                     , 21.6                     ,                         , 4.72                    , 3.59                    , 12.9                          , 22.4                          ,                               ,                               , 13.4                         , 12.4, 3.53                         , 2.65, 3.42                         , 2.3 , 23.5                         , 31.4, 57.8                         , 42.6, 1.78                         , 2.39, 583                            , 526                            , 489                            , 512                            , 538                            , 491                            ,                                 ,                                 ,                                 , 5.38                       ,                            ,                            ,                               ,                               ,                              , 80.6                         , 95.4                  ,                       ,                       ,                          ,                          ,                                             , 
Limonene                                                 , 4870                                          , 5350                                          , 4090                                          , 11200                                 , 300                              , 230                              , 241                              , 297                              , 396                             , 324                             , 368                             , 57                                          , 54.2                                        , 73.5                         , 82.3                         , 24.4                         , 26.6                                     , 26.7                                     , 52.5                                                    , 48.9                                                    , 3600                          , 3980                          , 3280                          , 107                                , 105                                , 57.2                                             , 52.9                                             , 46                                               , 51.7                                             , 19.6                      ,                           , 24.1                      , 57.6                     , 67.3                     , 62.7                     , 2640                    , 2470                    , 2220                    , 77.5                          , 83                            , 1270                          , 1120                          , 17.3                         , 17  , 445                          , 409 , 405                          , 358 , 47.4                         , 51.4, 30.1                         , 25.4, 521                          , 506 , 872                            , 756                            , 792                            , 627                            , 534                            , 619                            , 29.9                            , 35.7                            , 37.3                            , 37.5                       , 148                        , 145                        , 138                           , 41.2                          , 50.6                         , 53.1                         , 63.1                  ,                       ,                       ,                          ,                          ,                                             , 
beta-Phellandrene                                        , 11.7                                          , 12.1                                          , 10.5                                          , 8.56                                  , 2.27                             , 29.1                             , 1.93                             , 3.36                             , 32.4                            , 27.4                            , 30.1                            ,                                             ,                                             , 22.6                         , 10.7                         , 12.7                         , 46.1                                     , 43.3                                     , 60.2                                                    , 55.8                                                    , 25                            , 26.4                          , 19.8                          ,                                    ,                                    , 66.6                                             , 62.3                                             , 53                                               , 60.7                                             , 7.25                      ,                           , 9.6                       , 30.9                     , 36.8                     , 33.9                     , 3.49                    ,                         ,                         ,                               ,                               ,                               ,                               ,                              ,     ,                              ,     ,                              ,     ,                              ,     ,                              ,     ,                              ,     , 5.69                           , 5.08                           , 4.41                           , 4.33                           , 4.55                           , 3.61                           ,                                 , 1.47                            , 1.69                            ,                            , 5.94                       , 5.74                       , 4.68                          ,                               ,                              , 3.77                         , 4.19                  ,                       ,                       ,                          ,                          ,                                             , 
gamma-Terpinene                                          , 6.86                                          , 7.62                                          , 6.28                                          , 2.24                                  , 5.42                             , 12.9                             , 6.72                             , 5.82                             , 2.86                            , 2.36                            , 2.58                            , 1.76                                        , 2.43                                        , 14                           , 15.7                         ,                              ,                                          ,                                          ,                                                         ,                                                         , 3.76                          , 2.72                          , 2.33                          , 5.93                               , 6.21                               ,                                                  ,                                                  ,                                                  ,                                                  , 2.21                      ,                           , 3.65                      ,                          ,                          ,                          , 2.57                    , 3.01                    , 3.4                     , 1.85                          , 1.36                          ,                               ,                               ,                              ,     ,                              ,     ,                              ,     , 3.31                         , 3.4 , 3.29                         , 2.63,                              ,     , 3.04                           , 2.33                           , 2.37                           , 2.79                           , 2.12                           , 2.22                           ,                                 ,                                 , 0.83                            ,                            , 7                          , 5.05                       , 5                             , 1.83                          , 1.45                         , 30.9                         , 36.4                  ,                       ,                       ,                          ,                          ,                                             , 
Terpinolene                                              , 54.5                                          , 60                                            , 39.1                                          , 53.6                                  , 40.5                             , 303                              , 45.7                             , 61.8                             , 46.4                            , 27.6                            , 28.8                            , 12.2                                        , 5.4                                         , 60                           , 54.2                         , 55.6                         , 17.3                                     , 15.9                                     , 9.93                                                    , 9.76                                                    , 41.5                          , 43.6                          , 35.1                          , 44.1                               , 52.7                               , 10                                               , 9.72                                             , 9.56                                             , 9.4                                              , 16.4                      ,                           , 16.2                      , 6.91                     , 8.76                     , 7.92                     , 6.23                    , 2.88                    , 24.8                    , 3.94                          , 7.71                          , 6.05                          , 5.83                          , 2.42                         ,     , 5.36                         , 3.1 ,                              ,     , 15.4                         , 16  , 9.67                         , 6.41, 2.99                         , 2.31, 27.6                           , 24.5                           , 59                             , 50                             , 45.4                           , 36.4                           ,                                 ,                                 , 1.51                            ,                            , 37.5                       , 35.4                       , 42.7                          , 10.4                          , 13                           , 8.07                         , 15.3                  ,                       ,                       ,                          ,                          ,                                             , 
Fenchone                                                 , 3.59                                          , 3.58                                          , 3.33                                          , 5.46                                  ,                                  ,                                  ,                                  ,                                  ,                                 ,                                 ,                                 ,                                             ,                                             ,                              ,                              ,                              ,                                          ,                                          ,                                                         ,                                                         ,                               ,                               ,                               ,                                    ,                                    ,                                                  ,                                                  ,                                                  ,                                                  , 2.14                      ,                           , 3.7                       , 6.06                     , 6.34                     , 5.78                     ,                         ,                         ,                         ,                               ,                               ,                               ,                               ,                              ,     ,                              ,     ,                              ,     ,                              ,     ,                              ,     ,                              ,     ,                                ,                                ,                                ,                                ,                                ,                                , 204                             , 252                             , 246                             , 407                        , 486                        , 478                        , 463                           ,                               ,                              ,                              ,                       ,                       ,                       ,                          ,                          ,                                             , 
alpha-Thujone                                            ,                                               ,                                               ,                                               ,                                       ,                                  ,                                  ,                                  ,                                  ,                                 ,                                 ,                                 , 4.14                                        , 3.7                                         ,                              ,                              ,                              ,                                          ,                                          ,                                                         ,                                                         ,                               ,                               ,                               ,                                    ,                                    ,                                                  ,                                                  ,                                                  ,                                                  ,                           ,                           ,                           ,                          ,                          ,                          ,                         , 12.2                    , 13.9                    ,                               ,                               ,                               ,                               ,                              ,     ,                              ,     ,                              ,     ,                              ,     ,                              ,     ,                              ,     ,                                ,                                ,                                ,                                ,                                ,                                , 1990                            , 2930                            , 2670                            , 1670                       , 6060                       , 5860                       , 5680                          , 7310                          , 9170                         ,                              ,                       ,                       ,                       ,                          ,                          ,                                             , 
beta-Thujone                                             ,                                               ,                                               ,                                               ,                                       ,                                  ,                                  ,                                  ,                                  ,                                 ,                                 ,                                 , 73.5                                        , 60.7                                        ,                              ,                              ,                              ,                                          ,                                          ,                                                         ,                                                         ,                               ,                               ,                               ,                                    , 4.49                               ,                                                  ,                                                  ,                                                  ,                                                  ,                           ,                           ,                           ,                          ,                          ,                          ,                         , 243                     , 292                     ,                               ,                               ,                               ,                               ,                              ,     ,                              ,     ,                              ,     ,                              ,     ,                              ,     ,                              ,     ,                                ,                                ,                                ,                                ,                                ,                                , 205                             , 245                             , 127                             , 238                        , 313                        , 316                        , 305                           , 284                           , 341                          ,                              ,                       ,                       ,                       ,                          ,                          ,                                             , 
Camphor                                                  , 4.78                                          , 4.99                                          , 4.52                                          , 5.42                                  ,                                  ,                                  , 3.06                             , 1.41                             ,                                 ,                                 ,                                 ,                                             ,                                             ,                              ,                              ,                              ,                                          ,                                          ,                                                         ,                                                         ,                               ,                               ,                               ,                                    ,                                    ,                                                  ,                                                  ,                                                  ,                                                  ,                           ,                           ,                           ,                          ,                          ,                          ,                         ,                         ,                         , 9.88                          , 12.3                          ,                               ,                               ,                              ,     ,                              ,     ,                              ,     ,                              ,     ,                              ,     ,                              ,     ,                                ,                                ,                                ,                                ,                                ,                                , 41.2                            , 29.1                            , 18.2                            , 10.5                       , 80.6                       , 77.7                       , 78.9                          ,                               ,                              ,                              ,                       ,                       ,                       ,                          ,                          ,                                             , 
Fenchyl acetate                                          , 3.38                                          , 3.63                                          , 3.02                                          , 1.79                                  ,                                  ,                                  ,                                  ,                                  , 1.36                            ,                                 ,                                 ,                                             ,                                             ,                              ,                              ,                              ,                                          ,                                          ,                                                         ,                                                         , 2.26                          , 2.72                          , 1.75                          ,                                    ,                                    ,                                                  ,                                                  ,                                                  ,                                                  , 17.5                      ,                           , 25                        , 1.7                      , 2.18                     , 2.1                      ,                         ,                         ,                         ,                               ,                               ,                               ,                               ,                              ,     ,                              ,     ,                              ,     ,                              ,     ,                              ,     ,                              ,     ,                                ,                                ,                                ,                                ,                                ,                                , 2.4                             , 8.26                            , 6.17                            , 9.81                       , 16                         , 17.4                       , 16.6                          ,                               ,                              ,                              ,                       ,                       ,                       ,                          ,                          ,                                             , 
Sabinene hydrate acetate                                 , 83                                            , 90                                            , 78                                            , 86.1                                  , 20.4                             , 15.5                             , 15.1                             , 26.4                             , 6.06                            , 5.8                             , 5.64                            , 34                                          , 32.2                                        ,                              , 7.5                          ,                              ,                                          ,                                          ,                                                         ,                                                         , 32.5                          , 32.4                          , 27.5                          , 95.3                               , 101                                ,                                                  ,                                                  ,                                                  ,                                                  ,                           ,                           ,                           ,                          ,                          ,                          , 32.9                    , 29.3                    , 28                      , 18.5                          , 21                            ,                               ,                               ,                              ,     , 2.76                         , 2.81, 2                            , 1.73,                              , 2.26,                              ,     , 2.38                         , 2.55, 7.02                           , 5.71                           , 5.83                           , 2.57                           , 2.93                           , 2.81                           , 41.9                            , 68.8                            , 62.2                            , 54.7                       , 257                        , 264                        , 257                           , 77.1                          , 120                          , 54.2                         , 65.1                  ,                       ,                       ,                          ,                          ,                                             , 
Neothujyl acetate                                        ,                                               ,                                               ,                                               ,                                       ,                                  ,                                  ,                                  ,                                  ,                                 ,                                 ,                                 ,                                             ,                                             ,                              ,                              ,                              ,                                          ,                                          ,                                                         ,                                                         ,                               ,                               ,                               ,                                    ,                                    ,                                                  ,                                                  ,                                                  ,                                                  ,                           ,                           ,                           ,                          ,                          ,                          ,                         , 7.16                    , 10.8                    ,                               ,                               ,                               ,                               ,                              ,     ,                              ,     ,                              ,     ,                              ,     ,                              ,     ,                              ,     ,                                ,                                ,                                ,                                ,                                ,                                , 15                              , 28                              , 12.4                            , 16.9                       , 9.37                       , 9.35                       , 8.44                          , 2.98                          , 2.51                         ,                              ,                       ,                       ,                       ,                          ,                          ,                                             , 
trans-Sabinyl acetate                                    ,                                               ,                                               ,                                               ,                                       ,                                  ,                                  ,                                  ,                                  ,                                 ,                                 ,                                 , 555                                         , 467                                         ,                              ,                              ,                              ,                                          ,                                          ,                                                         ,                                                         ,                               ,                               ,                               , 239                                , 305                                ,                                                  ,                                                  ,                                                  ,                                                  ,                           ,                           ,                           ,                          ,                          ,                          ,                         , 233                     , 229                     ,                               ,                               ,                               ,                               ,                              ,     ,                              ,     ,                              ,     ,                              ,     ,                              ,     ,                              ,     ,                                ,                                ,                                ,                                ,                                ,                                ,                                 , 2.2                             , 1.09                            ,                            ,                            , 4.89                       , 3.71                          ,                               ,                              ,                              ,                       ,                       ,                       ,                          ,                          ,                                             , 
Bornyl acetate                                           , 25.6                                          , 28.2                                          , 24.9                                          , 11.2                                  , 899                              , 1550                             , 1080                             , 1330                             , 7.62                            , 5.25                            , 7.89                            ,                                             , 1.9                                         , 7.54                         , 3.22                         , 7.97                         , 19.4                                     , 18.6                                     , 26.6                                                    , 22.7                                                    , 8.9                           , 8.41                          , 6.68                          ,                                    ,                                    , 27                                               , 25                                               , 20.9                                             , 23.7                                             , 30.1                      ,                           , 38.4                      , 23.3                     , 25.4                     , 24.2                     , 2.81                    ,                         ,                         , 75.1                          , 81.6                          , 15                            , 15.8                          ,                              ,     ,                              ,     ,                              ,     , 2.27                         , 2.17,                              ,     ,                              ,     ,                                ,                                ,                                ,                                ,                                ,                                , 43.7                            , 94.4                            , 102                             , 173                        , 140                        , 140                        , 137                           , 5.74                          , 3.45                         , 2.26                         , 3.03                  ,                       ,                       ,                          ,                          ,                                             , 
Safrole                                                  ,                                               ,                                               ,                                               ,                                       ,                                  ,                                  ,                                  ,                                  ,                                 ,                                 ,                                 , 4.94                                        , 4.28                                        ,                              ,                              ,                              ,                                          ,                                          ,                                                         ,                                                         ,                               ,                               ,                               ,                                    ,                                    ,                                                  ,                                                  ,                                                  ,                                                  ,                           ,                           ,                           ,                          ,                          ,                          , 13.8                    ,                         ,                         ,                               ,                               , 14.6                          , 13                            ,                              ,     , 23.4                         , 20  , 7.46                         , 3.23, 53.5                         , 59.4, 5.53                         , 4.56, 37.3                         , 43.9,                                ,                                ,                                ,                                ,                                ,                                ,                                 ,                                 ,                                 ,                            ,                            ,                            ,                               ,                               ,                              ,                              ,                       ,                       ,                       ,                          ,                          ,                                             , 
Methyl myrtenate                                         , 39                                            , 42                                            , 36.1                                          , 87.6                                  ,                                  ,                                  ,                                  ,                                  ,                                 ,                                 ,                                 ,                                             ,                                             ,                              ,                              ,                              ,                                          ,                                          ,                                                         ,                                                         ,                               ,                               ,                               ,                                    ,                                    ,                                                  ,                                                  ,                                                  ,                                                  ,                           ,                           ,                           ,                          ,                          ,                          ,                         ,                         ,                         ,                               ,                               ,                               ,                               ,                              ,     ,                              ,     ,                              ,     ,                              ,     ,                              ,     ,                              ,     ,                                ,                                ,                                ,                                ,                                ,                                ,                                 ,                                 ,                                 ,                            ,                            ,                            ,                               ,                               ,                              ,                              ,                       ,                       ,                       ,                          ,                          ,                                             , 
Pregeijerene B                                           ,                                               ,                                               ,                                               ,                                       ,                                  ,                                  ,                                  ,                                  ,                                 ,                                 ,                                 ,                                             ,                                             ,                              ,                              ,                              ,                                          ,                                          ,                                                         ,                                                         , 16.7                          , 14.5                          , 14.6                          ,                                    ,                                    ,                                                  ,                                                  ,                                                  ,                                                  ,                           ,                           ,                           ,                          ,                          ,                          , 35.1                    , 38                      , 46.5                    , 56.4                          , 59.9                          , 70.7                          , 67.8                          , 3.73                         , 4.14, 49.4                         , 45  , 47.6                         , 49.5, 322                          , 324 , 215                          , 202 , 115                          , 115 ,                                ,                                ,                                ,                                ,                                ,                                ,                                 ,                                 ,                                 ,                            ,                            ,                            ,                               ,                               ,                              ,                              ,                       ,                       ,                       ,                          ,                          ,                                             , 
delta-Elemene                                            ,                                               ,                                               ,                                               ,                                       ,                                  ,                                  ,                                  ,                                  ,                                 ,                                 ,                                 , 16.6                                        , 11.8                                        , 8.7                          , 9.81                         , 13.4                         , 4.7                                      , 4.4                                      , 79.1                                                    , 74.8                                                    , 10.6                          , 11.1                          , 10.7                          , 4.28                               , 4.37                               , 77.3                                             , 77.7                                             , 78.3                                             , 74.2                                             ,                           ,                           ,                           ,                          ,                          ,                          , 8.52                    , 5.01                    , 9.17                    , 2.04                          , 2.74                          , 12.3                          , 11.8                          , 10.1                         , 8.38, 6.99                         , 5.19,                              ,     , 12.5                         , 12.1,                              ,     , 2.97                         , 2.36, 2.17                           , 2.36                           , 1.74                           ,                                ,                                ,                                ,                                 ,                                 , 0.77                            ,                            ,                            ,                            ,                               ,                               ,                              ,                              ,                       ,                       ,                       ,                          ,                          ,                                             , 
alpha-Terpinyl acetate                                   , 135                                           , 144                                           , 124                                           , 135                                   , 65.3                             , 181                              , 66                               , 92.2                             , 12.3                            , 10.3                            , 11.8                            ,                                             ,                                             ,                              , 7.64                         , 19.8                         ,                                          ,                                          ,                                                         ,                                                         , 70.2                          , 69.5                          , 58.9                          ,                                    ,                                    ,                                                  ,                                                  ,                                                  ,                                                  ,                           ,                           ,                           ,                          ,                          ,                          ,                         ,                         ,                         ,                               ,                               ,                               ,                               ,                              ,     ,                              ,     ,                              ,     ,                              ,     ,                              ,     ,                              ,     , 11.8                           , 10.8                           , 9.6                            , 5.52                           , 6.51                           , 5.75                           , 30.2                            , 43.5                            , 45.6                            , 59.8                       , 102                        , 103                        , 99.3                          , 11.3                          , 15.1                         , 27                           , 30.8                  ,                       ,                       ,                          ,                          ,                                             , 
Geranyl acetate                                          , 68.2                                          , 85.8                                          , 67.7                                          , 64                                    , 4.64                             , 5.69                             , 2.28                             , 15.4                             ,                                 ,                                 ,                                 ,                                             ,                                             ,                              ,                              ,                              ,                                          ,                                          ,                                                         ,                                                         ,                               ,                               ,                               ,                                    ,                                    ,                                                  ,                                                  ,                                                  ,                                                  ,                           ,                           ,                           ,                          ,                          ,                          ,                         ,                         ,                         ,                               ,                               ,                               ,                               ,                              ,     ,                              ,     ,                              ,     ,                              ,     ,                              ,     ,                              ,     ,                                ,                                ,                                ,                                ,                                ,                                , 2.27                            , 4.97                            , 2.04                            , 7.26                       , 15.2                       , 13.7                       , 13.6                          , 10.5                          , 12                           , 2.92                         , 3.52                  ,                       ,                       ,                          ,                          ,                                             , 
alpha-Copaene                                            ,                                               ,                                               ,                                               ,                                       ,                                  ,                                  ,                                  ,                                  , 9.33                            , 8.55                            , 9.44                            , 13.4                                        , 12.3                                        ,                              ,                              ,                              , 33.4                                     , 34.9                                     ,                                                         ,                                                         ,                               ,                               ,                               ,                                    ,                                    ,                                                  ,                                                  ,                                                  ,                                                  ,                           ,                           ,                           , 2.87                     , 3.89                     , 3.25                     , 27.8                    , 31.2                    , 26.6                    ,                               ,                               ,                               ,                               ,                              ,     ,                              ,     ,                              ,     ,                              ,     ,                              ,     ,                              ,     ,                                ,                                ,                                ,                                ,                                ,                                ,                                 ,                                 ,                                 ,                            ,                            ,                            ,                               ,                               ,                              , 2.08                         , 2.77                  ,                       ,                       ,                          ,                          ,                                             , 
beta-Elemene                                             , 14.9                                          , 14.1                                          , 14.2                                          , 24                                    ,                                  ,                                  ,                                  , 4.94                             ,                                 ,                                 ,                                 , 18.4                                        , 17.2                                        , 112                          , 85.5                         , 126                          , 41.3                                     , 41.2                                     , 85.1                                                    , 78.8                                                    , 14.6                          , 15.9                          , 13                            , 10                                 , 9.83                               , 92.8                                             , 86.3                                             , 74.9                                             , 79.5                                             , 2                         ,                           , 2.95                      , 8.53                     , 11                       , 10.8                     , 25.7                    , 24.9                    , 26.4                    , 3.61                          , 4.04                          , 10.8                          , 10.7                          , 9.77                         , 9.68, 7.62                         , 6.69, 2.38                         , 2.15, 19.6                         , 19.6, 5.64                         , 6.15, 6.67                         , 6.88, 10.2                           , 15.6                           , 17.2                           , 10.8                           , 10                             , 6.89                           , 2.98                            , 3.35                            , 5.98                            , 6.77                       , 57                         , 53.9                       , 51.3                          , 11.2                          , 20.9                         , 10                           , 12.7                  ,                       ,                       ,                          ,                          ,                                             , 
gamma-Elemene                                            , 2.28                                          , 2.66                                          , 2.25                                          ,                                       ,                                  ,                                  ,                                  , 40.3                             ,                                 ,                                 ,                                 , 38.8                                        , 21.8                                        , 39.8                         , 10.3                         , 144                          , 9.01                                     , 7.96                                     , 270                                                     , 257                                                     , 44.7                          , 50.7                          , 44.1                          , 15.5                               , 15.9                               , 294                                              , 282                                              , 246                                              , 259                                              , 6.22                      ,                           , 7.35                      , 64.3                     , 74.7                     , 72.3                     , 20.4                    , 11.4                    , 54.8                    , 7.29                          , 8.68                          , 17.6                          , 15.8                          , 14.1                         , 10.3, 21.3                         , 13.7, 3.37                         , 3.62, 51.4                         , 51.5, 10.7                         , 9.16, 12.8                         , 12.1, 5.4                            , 5.32                           , 8.65                           ,                                ,                                ,                                ,                                 ,                                 ,                                 ,                            ,                            ,                            ,                               ,                               ,                              ,                              ,                       ,                       ,                       ,                          ,                          ,                                             , 
Caryophyllene                                            , 39.9                                          , 46.7                                          , 37.4                                          , 42.7                                  , 90.3                             , 166                              , 66.4                             , 96.9                             ,                                 ,                                 ,                                 , 87.2                                        , 82.3                                        , 42.8                         , 262                          , 26.5                         , 17.1                                     , 17.1                                     , 86.9                                                    , 81.3                                                    , 25.2                          , 24.8                          , 20.2                          , 22.5                               , 23.1                               , 97.1                                             , 88.8                                             , 75.6                                             , 83.7                                             , 67.9                      ,                           , 90.5                      , 405                      , 466                      , 440                      , 99.3                    , 39.3                    , 42.3                    , 14.1                          , 14.8                          , 144                           , 139                           , 177                          , 172 , 71.6                         , 68.4, 12.3                         , 11.2, 65.1                         , 68.8, 27.1                         , 25.4, 17.8                         , 18.3,                                ,                                ,                                ,                                ,                                ,                                , 38.6                            , 64.6                            , 68.9                            , 131                        , 30.1                       , 28.4                       , 27.6                          , 11.4                          , 11.6                         , 40.4                         , 48.1                  ,                       ,                       ,                          ,                          ,                                             , 
(E)-beta-Farnesene                                       ,                                               ,                                               ,                                               ,                                       ,                                  ,                                  ,                                  ,                                  ,                                 ,                                 ,                                 ,                                             ,                                             ,                              ,                              ,                              ,                                          ,                                          ,                                                         ,                                                         ,                               ,                               ,                               ,                                    ,                                    ,                                                  ,                                                  ,                                                  ,                                                  ,                           ,                           ,                           ,                          ,                          ,                          ,                         ,                         ,                         ,                               ,                               ,                               ,                               ,                              ,     ,                              ,     ,                              ,     ,                              ,     ,                              ,     ,                              ,     , 357                            , 342                            , 369                            , 429                            , 390                            , 389                            ,                                 ,                                 ,                                 ,                            ,                            ,                            ,                               ,                               ,                              ,                              ,                       ,                       ,                       ,                          ,                          ,                                             , 
?/? RI 1462.79                                           , 16.3                                          , 17.1                                          , 15.4                                          , 19.4                                  , 10.8                             , 4.9                              , 10.3                             ,                                  ,                                 ,                                 ,                                 ,                                             ,                                             ,                              ,                              ,                              ,                                          ,                                          ,                                                         ,                                                         ,                               ,                               ,                               ,                                    ,                                    ,                                                  ,                                                  ,                                                  ,                                                  ,                           ,                           ,                           ,                          ,                          ,                          ,                         ,                         ,                         ,                               ,                               ,                               ,                               ,                              ,     ,                              ,     ,                              ,     ,                              ,     ,                              ,     ,                              ,     , 177                            , 171                            , 168                            , 242                            , 226                            , 226                            ,                                 ,                                 ,                                 ,                            ,                            ,                            ,                               ,                               ,                              ,                              ,                       ,                       ,                       ,                          ,                          ,                                             , 
?/? RI 1463.44                                           ,                                               ,                                               ,                                               ,                                       ,                                  ,                                  ,                                  ,                                  ,                                 ,                                 ,                                 ,                                             ,                                             ,                              ,                              ,                              ,                                          ,                                          ,                                                         ,                                                         ,                               ,                               ,                               ,                                    ,                                    ,                                                  ,                                                  ,                                                  ,                                                  ,                           ,                           ,                           ,                          ,                          ,                          ,                         ,                         ,                         ,                               ,                               ,                               ,                               ,                              ,     ,                              ,     ,                              ,     ,                              ,     ,                              ,     ,                              ,     ,                                ,                                ,                                ,                                ,                                ,                                , 18.3                            , 21.5                            , 41.6                            , 42.5                       , 71.4                       , 72.2                       , 69.5                          ,                               , 17.8                         ,                              ,                       ,                       ,                       ,                          ,                          ,                                             , 
cis-Thujopsene                                           , 26.9                                          , 29.1                                          , 25.9                                          , 65.4                                  , 2.95                             , 2.8                              ,                                  ,                                  ,                                 ,                                 ,                                 ,                                             ,                                             ,                              ,                              ,                              ,                                          ,                                          ,                                                         ,                                                         ,                               ,                               , 1.89                          ,                                    ,                                    ,                                                  ,                                                  ,                                                  ,                                                  ,                           ,                           , 2.08                      ,                          ,                          ,                          ,                         ,                         ,                         ,                               ,                               ,                               ,                               ,                              ,     ,                              ,     ,                              ,     ,                              ,     ,                              ,     ,                              ,     , 408                            , 409                            , 345                            , 508                            , 452                            , 479                            ,                                 ,                                 ,                                 ,                            ,                            ,                            ,                               ,                               ,                              ,                              ,                       ,                       ,                       ,                          ,                          ,                                             , 
Humulene                                                 , 29.2                                          , 32                                            , 29.7                                          , 24.6                                  ,                                  ,                                  ,                                  ,                                  ,                                 ,                                 ,                                 , 12.7                                        , 11.8                                        , 40.5                         , 166                          , 32.2                         , 18.5                                     , 16.8                                     , 15                                                      , 15                                                      , 5.99                          , 5.94                          , 5.66                          , 12.4                               , 13.2                               , 17.7                                             , 15.4                                             , 14.4                                             , 15.8                                             , 44.2                      ,                           , 55.8                      , 244                      , 281                      , 267                      , 20.7                    , 18.4                    , 18.5                    , 3.48                          , 3.95                          , 8.79                          , 9.21                          , 8.45                         , 7.41, 4.64                         , 4.78, 2.2                          ,     , 7.1                          , 7.81, 6.02                         , 5.64, 4.99                         , 5.08, 11.3                           , 10.8                           ,                                , 18.8                           , 15.1                           , 15.4                           , 15.2                            , 24.3                            , 25.1                            , 51                         , 5.74                       , 5.65                       , 5.78                          , 2.64                          , 3.96                         , 18.7                         , 23.2                  ,                       ,                       ,                          ,                          ,                                             , 
?/? RI 1518.78                                           ,                                               ,                                               ,                                               ,                                       , 3.43                             , 58.4                             ,                                  , 48.4                             , 8.42                            , 7.18                            , 9.16                            , 14.6                                        , 14                                          , 23.1                         , 23.3                         ,                              , 9.2                                      , 10.5                                     ,                                                         ,                                                         ,                               ,                               ,                               ,                                    ,                                    ,                                                  ,                                                  ,                                                  ,                                                  ,                           ,                           ,                           , 4.25                     , 5.62                     , 6.8                      , 75.7                    , 54.9                    , 51.7                    ,                               ,                               ,                               ,                               ,                              ,     ,                              ,     ,                              ,     ,                              ,     ,                              ,     ,                              ,     , 230                            , 224                            , 228                            , 311                            , 287                            , 285                            ,                                 ,                                 , 1.79                            ,                            ,                            ,                            ,                               ,                               ,                              ,                              ,                       ,                       ,                       ,                          ,                          ,                                             , 
?/? RI 1525.21                                           ,                                               ,                                               ,                                               ,                                       , 8.54                             , 94.5                             , 24.5                             , 128                              ,                                 ,                                 ,                                 ,                                             ,                                             , 7.93                         , 9.3                          , 14                           , 5.42                                     , 4.92                                     ,                                                         ,                                                         ,                               ,                               ,                               ,                                    ,                                    , 11.1                                             , 9.16                                             ,                                                  ,                                                  ,                           ,                           ,                           ,                          ,                          ,                          ,                         ,                         ,                         ,                               ,                               ,                               ,                               ,                              ,     ,                              ,     ,                              ,     ,                              ,     ,                              ,     ,                              ,     , 58.5                           , 57.7                           , 53.3                           , 79.9                           , 69.1                           , 69                             ,                                 ,                                 ,                                 ,                            ,                            ,                            ,                               ,                               ,                              ,                              ,                       ,                       ,                       ,                          ,                          ,                                             , 
?/? RI 1537.9                                            , 26.9                                          , 28.5                                          , 22.4                                          , 32.9                                  ,                                  ,                                  ,                                  ,                                  , 10.2                            , 6.59                            , 9.68                            , 12.5                                        , 11.3                                        , 36.2                         , 66.4                         , 5.75                         , 30.4                                     , 31.3                                     ,                                                         ,                                                         , 5.62                          , 6.22                          , 4.61                          , 9.13                               , 10.2                               ,                                                  ,                                                  ,                                                  ,                                                  , 20.2                      ,                           , 26.8                      , 3.3                      ,                          ,                          , 25.6                    , 20.6                    , 29.3                    ,                               ,                               ,                               ,                               , 6.62                         , 5.99, 3.64                         , 3.57,                              ,     ,                              ,     ,                              ,     ,                              ,     ,                                ,                                , 156                            ,                                ,                                ,                                ,                                 ,                                 ,                                 ,                            ,                            ,                            ,                               ,                               ,                              , 17.1                         , 23                    ,                       ,                       ,                          ,                          ,                                             , 
?/? RI 1540.22                                           ,                                               ,                                               ,                                               ,                                       , 10.5                             , 32.6                             , 9.25                             , 24.6                             ,                                 ,                                 ,                                 ,                                             ,                                             ,                              ,                              ,                              ,                                          ,                                          ,                                                         ,                                                         ,                               ,                               ,                               ,                                    ,                                    ,                                                  ,                                                  ,                                                  ,                                                  ,                           ,                           ,                           ,                          ,                          ,                          ,                         ,                         ,                         ,                               ,                               ,                               ,                               ,                              ,     ,                              ,     ,                              ,     ,                              ,     ,                              ,     ,                              ,     , 75.8                           , 74.1                           , 436                            , 269                            , 244                            , 230                            ,                                 ,                                 ,                                 ,                            ,                            ,                            ,                               ,                               ,                              ,                              ,                       ,                       ,                       ,                          ,                          ,                                             , 
?/? RI 1542.49                                           ,                                               ,                                               ,                                               ,                                       ,                                  ,                                  ,                                  ,                                  ,                                 ,                                 ,                                 ,                                             ,                                             ,                              ,                              ,                              ,                                          ,                                          ,                                                         ,                                                         , 11.9                          , 9.63                          , 13.1                          ,                                    ,                                    ,                                                  ,                                                  ,                                                  ,                                                  ,                           ,                           ,                           ,                          ,                          ,                          ,                         , 53.1                    , 55.2                    , 8.87                          , 9.41                          , 9.55                          , 16.2                          ,                              ,     , 14.8                         , 14  , 9.31                         , 8.49, 28.6                         , 29.6, 25.8                         , 23.3, 36.5                         , 35.3,                                ,                                ,                                ,                                ,                                ,                                ,                                 ,                                 ,                                 ,                            ,                            ,                            ,                               ,                               ,                              ,                              ,                       ,                       ,                       ,                          ,                          ,                                             , 
10-epi-Cubebol                                           , 472                                           , 515                                           , 456                                           , 543                                   , 7.93                             , 17.3                             , 9.91                             , 20.4                             , 3.78                            , 3.27                            , 4.1                             ,                                             ,                                             ,                              ,                              ,                              ,                                          ,                                          ,                                                         ,                                                         ,                               ,                               ,                               ,                                    ,                                    ,                                                  ,                                                  ,                                                  ,                                                  ,                           ,                           ,                           ,                          ,                          ,                          ,                         ,                         ,                         ,                               ,                               ,                               ,                               ,                              ,     ,                              ,     ,                              ,     ,                              ,     ,                              ,     ,                              ,     ,                                ,                                ,                                , 10.7                           , 8.25                           ,                                ,                                 ,                                 ,                                 ,                            ,                            ,                            ,                               ,                               ,                              ,                              ,                       ,                       ,                       ,                          ,                          ,                                             , 
?/? RI 1563.20                                           ,                                               ,                                               ,                                               ,                                       , 10.3                             , 38.4                             , 12.4                             , 46.5                             , 3.41                            ,                                 , 3.21                            ,                                             ,                                             ,                              ,                              ,                              ,                                          ,                                          , 52.3                                                    , 47.5                                                    , 4.78                          , 5.21                          , 5.15                          ,                                    ,                                    , 51.3                                             , 47.8                                             , 42.5                                             , 48.8                                             , 18                        ,                           , 25.9                      , 5.65                     , 7.48                     , 6.61                     ,                         ,                         ,                         ,                               ,                               ,                               ,                               ,                              ,     ,                              ,     ,                              ,     , 4.75                         ,     ,                              ,     ,                              ,     ,                                ,                                ,                                ,                                ,                                ,                                ,                                 ,                                 ,                                 ,                            ,                            ,                            ,                               ,                               ,                              ,                              ,                       ,                       ,                       ,                          ,                          ,                                             , 
?/? RI 1564.91                                           , 28.6                                          , 29.7                                          , 26.1                                          , 28.1                                  ,                                  ,                                  ,                                  ,                                  ,                                 ,                                 ,                                 ,                                             ,                                             ,                              ,                              ,                              ,                                          ,                                          ,                                                         ,                                                         ,                               ,                               ,                               ,                                    ,                                    ,                                                  ,                                                  ,                                                  ,                                                  ,                           ,                           ,                           ,                          ,                          ,                          ,                         ,                         ,                         ,                               ,                               ,                               ,                               ,                              ,     ,                              ,     ,                              ,     ,                              ,     ,                              ,     ,                              ,     , 293                            , 281                            , 291                            , 397                            , 374                            , 371                            ,                                 ,                                 ,                                 ,                            ,                            ,                            ,                               ,                               ,                              ,                              ,                       ,                       ,                       ,                          ,                          ,                                             , 
Elemol                                                   ,                                               ,                                               ,                                               ,                                       ,                                  ,                                  ,                                  ,                                  ,                                 ,                                 ,                                 , 28.2                                        , 23.5                                        , 5.31                         , 6.55                         , 14.4                         ,                                          ,                                          , 149                                                     , 141                                                     , 565                           , 545                           , 524                           , 10.8                               , 7.56                               , 160                                              , 149                                              , 131                                              , 142                                              ,                           ,                           ,                           , 4.35                     , 6.16                     ,                          , 728                     , 1320                    , 1770                    , 388                           , 395                           , 377                           , 359                           , 13.2                         , 13.1, 332                          , 288 , 322                          , 306 , 1420                         , 1380, 933                          , 948 , 1870                         , 1750, 6540                           , 6420                           , 7250                           ,                                ,                                ,                                ,                                 ,                                 ,                                 ,                            ,                            ,                            ,                               ,                               ,                              , 121                          , 145                   ,                       ,                       ,                          ,                          ,                                             , 
?/? RI 1569.20                                           ,                                               ,                                               ,                                               ,                                       ,                                  ,                                  ,                                  ,                                  ,                                 ,                                 ,                                 ,                                             ,                                             ,                              ,                              ,                              ,                                          ,                                          ,                                                         ,                                                         ,                               ,                               ,                               ,                                    ,                                    ,                                                  ,                                                  ,                                                  ,                                                  ,                           ,                           ,                           ,                          ,                          ,                          ,                         ,                         ,                         ,                               ,                               ,                               ,                               ,                              ,     ,                              ,     ,                              ,     ,                              ,     ,                              ,     ,                              ,     ,                                ,                                ,                                ,                                ,                                ,                                ,                                 , 31.2                            , 5.76                            ,                            ,                            ,                            ,                               ,                               ,                              ,                              ,                       ,                       ,                       ,                          ,                          ,                                             , 
?/? RI 1570.88                                           , 14                                            , 14.8                                          , 13                                            , 16.8                                  ,                                  ,                                  ,                                  ,                                  ,                                 ,                                 ,                                 ,                                             ,                                             ,                              ,                              ,                              ,                                          ,                                          ,                                                         ,                                                         ,                               ,                               ,                               ,                                    ,                                    ,                                                  ,                                                  ,                                                  ,                                                  ,                           ,                           ,                           ,                          ,                          ,                          ,                         ,                         ,                         ,                               ,                               ,                               ,                               ,                              ,     ,                              ,     ,                              ,     ,                              ,     ,                              ,     ,                              ,     ,                                ,                                ,                                ,                                ,                                ,                                , 12.3                            ,                                 , 15.2                            , 8.61                       , 93.2                       , 86                         , 92.1                          , 40.7                          , 26.6                         ,                              ,                       ,                       ,                       ,                          ,                          ,                                             , 
?/? RI 1576.14                                           , 445                                           , 489                                           , 442                                           , 516                                   ,                                  ,                                  ,                                  ,                                  , 8.33                            , 6.64                            , 8.46                            ,                                             ,                                             ,                              ,                              ,                              ,                                          ,                                          ,                                                         ,                                                         ,                               ,                               ,                               ,                                    ,                                    ,                                                  ,                                                  ,                                                  ,                                                  ,                           ,                           ,                           ,                          ,                          ,                          ,                         ,                         ,                         ,                               ,                               ,                               ,                               ,                              ,     ,                              ,     ,                              ,     ,                              ,     ,                              ,     ,                              ,     ,                                ,                                ,                                ,                                ,                                ,                                ,                                 ,                                 ,                                 ,                            ,                            ,                            ,                               ,                               ,                              ,                              ,                       ,                       ,                       ,                          ,                          ,                                             , 
?/? RI 1588.35                                           , 50.3                                          , 52.5                                          , 42.5                                          , 30.3                                  ,                                  ,                                  ,                                  ,                                  ,                                 , 2.56                            , 3.33                            ,                                             ,                                             ,                              ,                              ,                              ,                                          ,                                          ,                                                         ,                                                         ,                               ,                               ,                               ,                                    ,                                    ,                                                  ,                                                  ,                                                  ,                                                  ,                           ,                           ,                           ,                          ,                          ,                          ,                         ,                         ,                         ,                               ,                               ,                               ,                               ,                              ,     ,                              ,     ,                              ,     ,                              ,     ,                              ,     ,                              ,     ,                                ,                                ,                                ,                                ,                                ,                                ,                                 ,                                 ,                                 ,                            ,                            ,                            ,                               ,                               ,                              ,                              ,                       ,                       ,                       ,                          ,                          ,                                             , 
?/? RI 1607.76                                           , 208                                           , 232                                           , 191                                           , 259                                   , 4.99                             , 9.18                             ,                                  , 5.51                             , 89                              , 82.2                            , 83.2                            , 1210                                        , 991                                         , 152                          , 21                           , 174                          , 66.9                                     , 64.5                                     , 6550                                                    , 5890                                                    , 1110                          , 1160                          , 1050                          , 2350                               , 2520                               , 7710                                             , 7420                                             , 5420                                             , 5980                                             , 14.7                      ,                           , 19.1                      ,                          ,                          ,                          , 2020                    , 1130                    , 1810                    , 390                           , 439                           , 483                           , 476                           , 537                          , 474 , 333                          , 290 , 116                          , 110 , 992                          , 967 , 1040                         , 992 , 399                          , 369 , 728                            , 697                            , 871                            , 1860                           , 1580                           , 1670                           , 50.4                            , 87.6                            , 149                             , 176                        , 256                        , 250                        , 243                           , 98.9                          , 155                          , 17.7                         , 21.3                  ,                       ,                       ,                          ,                          ,                                             , 
?/? RI 1621.97                                           ,                                               ,                                               ,                                               ,                                       ,                                  , 5.74                             ,                                  ,                                  ,                                 ,                                 ,                                 ,                                             ,                                             ,                              ,                              ,                              ,                                          ,                                          ,                                                         ,                                                         ,                               ,                               ,                               ,                                    ,                                    ,                                                  ,                                                  ,                                                  ,                                                  ,                           ,                           ,                           , 3.78                     , 4.47                     , 3.6                      ,                         ,                         ,                         ,                               ,                               , 10.2                          , 9.48                          , 19.4                         , 20.5, 3.15                         , 3.75, 2.48                         ,     ,                              ,     ,                              ,     ,                              ,     ,                                ,                                ,                                ,                                ,                                ,                                , 14.1                            , 26.3                            , 12.6                            , 16.6                       ,                            ,                            ,                               ,                               ,                              ,                              ,                       ,                       ,                       ,                          ,                          ,                                             , 
"?/? RI 1628.9 (???????????????? ?????, ??? ???????????)", 16.1                                          , 18.2                                          , 14.7                                          , 25.1                                  , 5.54                             , 14.8                             , 5.36                             , 11.7                             ,                                 ,                                 ,                                 ,                                             ,                                             ,                              ,                              ,                              ,                                          ,                                          ,                                                         ,                                                         ,                               ,                               ,                               ,                                    ,                                    ,                                                  ,                                                  ,                                                  ,                                                  ,                           ,                           ,                           ,                          ,                          ,                          ,                         ,                         ,                         ,                               ,                               ,                               ,                               ,                              ,     ,                              ,     ,                              ,     , 4.81                         , 4.21,                              ,     ,                              ,     , 373                            , 366                            , 357                            , 324                            , 304                            , 301                            ,                                 ,                                 ,                                 ,                            ,                            ,                            ,                               ,                               ,                              ,                              ,                       ,                       ,                       ,                          ,                          ,                                             , 
Thujopsan-2-alpha-ol                                     , 122                                           , 133                                           , 107                                           , 138                                   ,                                  ,                                  ,                                  ,                                  ,                                 ,                                 ,                                 ,                                             ,                                             ,                              ,                              ,                              ,                                          ,                                          ,                                                         ,                                                         , 5.27                          ,                               ,                               ,                                    ,                                    ,                                                  ,                                                  ,                                                  ,                                                  ,                           ,                           ,                           ,                          ,                          ,                          ,                         ,                         ,                         ,                               ,                               ,                               ,                               ,                              ,     ,                              ,     ,                              ,     ,                              ,     ,                              ,     ,                              ,     , 39300                          , 39200                          , 40200                          , 35800                          , 31900                          , 33200                          ,                                 ,                                 ,                                 ,                            ,                            ,                            ,                               ,                               , 16.7                         ,                              ,                       ,                       ,                       ,                          ,                          ,                                             , 
?/? RI 1656.71                                           , 52                                            , 57.5                                          , 48.8                                          , 90.5                                  , 41.1                             , 28.4                             , 35.1                             , 12.4                             ,                                 ,                                 ,                                 ,                                             ,                                             ,                              ,                              ,                              ,                                          ,                                          ,                                                         ,                                                         ,                               ,                               ,                               ,                                    ,                                    ,                                                  ,                                                  ,                                                  ,                                                  ,                           ,                           ,                           ,                          ,                          ,                          ,                         ,                         ,                         ,                               ,                               ,                               ,                               ,                              ,     ,                              ,     ,                              ,     ,                              ,     ,                              ,     ,                              ,     , 530                            , 515                            , 520                            , 479                            , 443                            , 443                            ,                                 ,                                 ,                                 ,                            ,                            ,                            ,                               ,                               ,                              ,                              ,                       ,                       ,                       ,                          ,                          ,                                             , 
"?/? RI 1671.6 (????????, ??????????? ??????)"           , 7.64                                          ,                                               , 10.4                                          ,                                       ,                                  ,                                  ,                                  ,                                  , 20.1                            , 25.9                            , 27                              , 6.38                                        , 16.3                                        ,                              ,                              ,                              ,                                          ,                                          ,                                                         ,                                                         ,                               ,                               ,                               ,                                    ,                                    ,                                                  ,                                                  ,                                                  ,                                                  ,                           ,                           ,                           , 8.41                     , 6.28                     ,                          , 20.2                    , 39.2                    ,                         , 11.2                          , 6.29                          , 5.89                          , 7.65                          , 9.13                         , 16.1,                              , 4.02, 14.3                         , 17.4,                              , 3.47, 7.94                         , 9.77, 7.93                         , 11  ,                                ,                                ,                                ,                                ,                                ,                                , 14.5                            , 16.4                            , 7.71                            , 15.4                       , 18                         , 20.7                       , 15                            , 5.24                          , 4.87                         , 12.2                         , 2.18                  ,                       ,                       ,                          ,                          ,                                             , 
?/? RI 1676.22                                           , 33.5                                          , 27.4                                          , 24.2                                          , 29                                    ,                                  ,                                  ,                                  ,                                  ,                                 ,                                 ,                                 ,                                             ,                                             ,                              ,                              ,                              ,                                          ,                                          ,                                                         ,                                                         ,                               ,                               ,                               ,                                    ,                                    ,                                                  ,                                                  ,                                                  ,                                                  ,                           ,                           ,                           ,                          ,                          ,                          ,                         ,                         ,                         ,                               ,                               ,                               ,                               ,                              ,     ,                              ,     ,                              ,     ,                              ,     ,                              ,     ,                              ,     , 1020                           , 1040                           , 1260                           , 1210                           , 1130                           , 1120                           ,                                 ,                                 ,                                 ,                            ,                            ,                            ,                               ,                               ,                              ,                              ,                       ,                       ,                       ,                          ,                          ,                                             , 
?/? RI 1698.51                                           , 15.6                                          , 18.6                                          , 15.2                                          , 17.8                                  , 7.92                             , 31.7                             , 7.11                             , 25.5                             , 7.28                            , 4.92                            , 6.66                            ,                                             ,                                             , 9.93                         ,                              ,                              , 27.5                                     , 28.2                                     ,                                                         ,                                                         ,                               ,                               ,                               ,                                    ,                                    ,                                                  ,                                                  ,                                                  ,                                                  ,                           ,                           ,                           , 11                       , 11.6                     , 10.6                     ,                         ,                         ,                         ,                               ,                               ,                               ,                               ,                              ,     ,                              ,     ,                              ,     ,                              ,     ,                              ,     ,                              ,     , 280                            , 277                            , 289                            , 294                            , 274                            , 268                            ,                                 ,                                 ,                                 ,                            ,                            ,                            ,                               ,                               ,                              ,                              ,                       ,                       ,                       ,                          ,                          ,                                             , 
?/? RI 1709.61                                           ,                                               ,                                               ,                                               ,                                       ,                                  ,                                  ,                                  ,                                  ,                                 ,                                 ,                                 ,                                             ,                                             ,                              ,                              ,                              ,                                          ,                                          ,                                                         ,                                                         ,                               ,                               ,                               ,                                    ,                                    ,                                                  ,                                                  ,                                                  ,                                                  ,                           ,                           ,                           ,                          ,                          ,                          ,                         ,                         ,                         , 8.14                          , 9.97                          , 9.05                          , 9.16                          ,                              ,     , 6.76                         , 5.89, 10.1                         , 8.93, 18.6                         , 17.7, 20.2                         , 21.1, 9.3                          , 8.05,                                ,                                ,                                ,                                ,                                ,                                ,                                 ,                                 ,                                 ,                            ,                            ,                            ,                               ,                               ,                              ,                              ,                       ,                       ,                       ,                          ,                          ,                                             , 
?/? RI 1710.29                                           ,                                               ,                                               ,                                               ,                                       ,                                  ,                                  ,                                  ,                                  ,                                 ,                                 ,                                 ,                                             ,                                             , 6.47                         ,                              , 9.46                         ,                                          , 7.58                                     ,                                                         ,                                                         ,                               ,                               ,                               ,                                    ,                                    ,                                                  ,                                                  ,                                                  ,                                                  , 28                        ,                           , 42.6                      ,                          ,                          ,                          ,                         ,                         ,                         ,                               ,                               ,                               ,                               , 8.21                         , 11.4,                              ,     ,                              ,     ,                              ,     ,                              ,     ,                              ,     ,                                ,                                ,                                ,                                ,                                ,                                ,                                 ,                                 ,                                 ,                            ,                            ,                            ,                               ,                               ,                              ,                              ,                       ,                       ,                       ,                          ,                          ,                                             , 
?/? RI 1732.30                                           ,                                               ,                                               ,                                               ,                                       ,                                  ,                                  ,                                  ,                                  ,                                 ,                                 ,                                 ,                                             ,                                             ,                              ,                              ,                              ,                                          ,                                          ,                                                         ,                                                         ,                               ,                               ,                               ,                                    ,                                    ,                                                  ,                                                  ,                                                  ,                                                  , 12.6                      ,                           ,                           ,                          ,                          ,                          ,                         ,                         ,                         ,                               ,                               ,                               ,                               ,                              ,     ,                              ,     ,                              ,     ,                              ,     ,                              ,     ,                              ,     ,                                ,                                ,                                ,                                ,                                ,                                ,                                 ,                                 ,                                 ,                            ,                            ,                            ,                               ,                               ,                              ,                              ,                       ,                       ,                       ,                          ,                          ,                                             , 
?/? RI 1737.42                                           ,                                               ,                                               ,                                               ,                                       ,                                  ,                                  ,                                  ,                                  ,                                 ,                                 ,                                 ,                                             ,                                             ,                              ,                              ,                              ,                                          ,                                          ,                                                         ,                                                         , 16.7                          , 13.3                          , 14.5                          ,                                    ,                                    ,                                                  ,                                                  ,                                                  ,                                                  ,                           ,                           ,                           ,                          ,                          ,                          , 126                     , 134                     , 146                     , 97.9                          , 115                           , 14                            , 13.8                          ,                              ,     , 9.87                         , 7.77, 16.6                         , 16.4, 81.1                         , 80.7, 80.2                         , 80  , 61.7                         , 66.1,                                ,                                ,                                ,                                ,                                ,                                ,                                 ,                                 ,                                 ,                            ,                            ,                            ,                               ,                               ,                              ,                              ,                       ,                       ,                       ,                          ,                          ,                                             , 
