Ni,Week,Plant,Sample,WaterFraction,FreshWeight,FattyAcid,Standard,Area,PartsPerMillion,Percent,_PartsPerMillion_Sum,_Percent_Sum
0,1,37,37,0.92,0.2665,14:0,,82121.704,20.72321487329991,0.21936953581271823,9446.71501287758,100.0
0,1,37,37,0.92,0.2665,15:0,,63504.39,16.02518037579734,0.16963759734417863,9446.71501287758,100.0
0,1,37,37,0.92,0.2665,16:0,,6832628.462,1724.1973908316695,18.251819690562034,9446.71501287758,100.0
0,1,37,37,0.92,0.2665,9-16:1,,2103655.33,530.8523727534031,5.619438842282798,9446.71501287758,100.0
0,1,37,37,0.92,0.2665,17:0,0.05008,9308462.254,2348.968105065667,24.865449014430933,9446.71501287758,100.0
0,1,37,37,0.92,0.2665,"7,10-16:2",,219448.419,55.37728175419923,0.5862067573617918,9446.71501287758,100.0
0,1,37,37,0.92,0.2665,18:0,,1211534.862,305.72791416651256,3.236341032303295,9446.71501287758,100.0
0,1,37,37,0.92,0.2665,11-Me-12-18:1,,3133434.778,790.7147444963489,8.370261444517611,9446.71501287758,100.0
0,1,37,37,0.92,0.2665,9-18:1,,400198.752,100.9891944000877,1.0690403411389164,9446.71501287758,100.0
0,1,37,37,0.92,0.2665,11-18:1,,2151426.187,542.9072338446035,5.747047869069013,9446.71501287758,100.0
0,1,37,37,0.92,0.2665,"9,12-18:2",,8162641.589,2059.823010766815,21.804648578462505,9446.71501287758,100.0
0,1,37,37,0.92,0.2665,"12,15-18:2",,68286.612,17.231962617892826,0.1824122204851374,9446.71501287758,100.0
0,1,37,37,0.92,0.2665,20:0,,930279.12,234.75370282019907,2.4850300077877585,9446.71501287758,100.0
0,1,37,37,0.92,0.2665,"9,12,15-18:3",,9567020.438,2414.214642135601,25.556128652601355,9446.71501287758,100.0
0,1,37,37,0.92,0.2665,22:0,,846537.404,213.62168180749745,2.2613329767680352,9446.71501287758,100.0
0,1,37,37,0.92,0.2665,23:0,,20702.777,5.224296079450704,0.05530278062087238,9446.71501287758,100.0
0,1,37,37,0.92,0.2665,24:0,,1305857.297,329.52995422011236,3.4883020581324145,9446.71501287758,100.0
0,1,37,37,0.92,0.2665,15-24:1,,173368.773,43.74919369913897,0.46311541778809795,9446.71501287758,100.0
0,1,37,37,0.92,0.2665,di-16:0,,87349.101,22.042335958013926,0.2333333431564966,9446.71501287758,100.0
0,1,37,37,0.92,0.2665,26:0,,75331.429,19.009705276935506,0.20123085380496653,9446.71501287758,100.0
0,1,38,38,0.92,0.1044,14:0,,81873.413,42.393175911763336,0.12028338630914016,35244.415053969875,100.0
0,1,38,38,0.92,0.1044,15:0,,187908.405,97.29695851892566,0.2760634794759242,35244.415053969875,100.0
0,1,38,38,0.92,0.1044,16:0,,10899997.344,5643.901822462748,16.013606166594695,35244.415053969875,100.0
0,1,38,38,0.92,0.1044,9-16:1,,5888842.489,3049.179537108625,8.651525447193285,35244.415053969875,100.0
0,1,38,38,0.92,0.1044,17:0,0.05008,11580325.753,5996.1685823754815,17.01310285102911,35244.415053969875,100.0
0,1,38,38,0.92,0.1044,"7,10-16:2",,827673.678,428.5605612775684,1.215967297574133,35244.415053969875,100.0
0,1,38,38,0.92,0.1044,18:0,,4251922.035,2201.599666949975,6.246662523916652,35244.415053969875,100.0
0,1,38,38,0.92,0.1044,11-Me-12-18:1,,4657248.02,2411.4731185882224,6.842142549097571,35244.415053969875,100.0
0,1,38,38,0.92,0.1044,9-18:1,,554204.025,286.96090540200504,0.8142024912672858,35244.415053969875,100.0
0,1,38,38,0.92,0.1044,11-18:1,,4039602.869,2091.6630779662364,5.9347362547038065,35244.415053969875,100.0
0,1,38,38,0.92,0.1044,"9,12-18:2",,11901948.094,6162.701184102566,17.485610627004604,35244.415053969875,100.0
0,1,38,38,0.92,0.1044,"12,15-18:2",,410568.702,212.58807432090737,0.6031823027715757,35244.415053969875,100.0
0,1,38,38,0.92,0.1044,20:0,,1744024.175,903.0370291897193,2.56221312740443,35244.415053969875,100.0
0,1,38,38,0.92,0.1044,"9,12,15-18:3",,19130472.812,9905.55382361209,28.10531486603959,35244.415053969875,100.0
0,1,38,38,0.92,0.1044,22:0,,1318280.47,682.591500927805,1.936736642905126,35244.415053969875,100.0
0,1,38,38,0.92,0.1044,23:0,,22884.244,11.849216320073461,0.033620124782688894,35244.415053969875,100.0
0,1,38,38,0.92,0.1044,24:0,,1770017.755,916.4962263715503,2.600401297533572,35244.415053969875,100.0
0,1,38,38,0.92,0.1044,15-24:1,,197615.39,102.32313133375443,0.2903243852311543,35244.415053969875,100.0
0,1,38,38,0.92,0.1044,di-16:0,,137408.219,71.1485033583381,0.20187171002664733,35244.415053969875,100.0
0,1,38,38,0.92,0.1044,26:0,,44607.992,23.097540246997298,0.06553532016811164,35244.415053969875,100.0
0,1,39,39,0.92,0.1865,14:0,,182397.849,54.33848996333252,0.16350242231875425,33234.05806025158,100.0
0,1,39,39,0.92,0.1865,15:0,,325975.976,97.1121227430896,0.2922066350339477,33234.05806025158,100.0
0,1,39,39,0.92,0.1865,16:0,,21448095.359,6389.642864689815,19.22618914941333,33234.05806025158,100.0
0,1,39,39,0.92,0.1865,9-16:1,,8640990.251,2574.253833592181,7.745830584171201,33234.05806025158,100.0
0,1,39,39,0.92,0.1865,17:0,0.05008,11266983.13,3356.568364611262,10.099784860837586,33234.05806025158,100.0
0,1,39,39,0.92,0.1865,"7,10-16:2",,657336.959,195.82850315931643,0.5892404195849024,33234.05806025158,100.0
0,1,39,39,0.92,0.1865,18:0,,4358715.62,1298.5132569759126,3.9071763509041757,33234.05806025158,100.0
0,1,39,39,0.92,0.1865,11-Me-12-18:1,,7310903.704,2178.005221666263,6.553533780670587,33234.05806025158,100.0
0,1,39,39,0.92,0.1865,9-18:1,,1971338.587,587.2852262859174,1.7671186143479696,33234.05806025158,100.0
0,1,39,39,0.92,0.1865,11-18:1,,6092173.612,1814.9310229559846,5.461057508131,33234.05806025158,100.0
0,1,39,39,0.92,0.1865,"9,12-18:2",,24865400.669,7407.698786440723,22.289480186292508,33234.05806025158,100.0
0,1,39,39,0.92,0.1865,"12,15-18:2",,155432.929,46.305319381468564,0.1393309216031322,33234.05806025158,100.0
0,1,39,39,0.92,0.1865,20:0,,1305535.694,388.93462063355446,1.170289285552901,33234.05806025158,100.0
0,1,39,39,0.92,0.1865,"9,12,15-18:3",,31740998.838,9456.021308589072,28.45280372154917,33234.05806025158,100.0
0,1,39,39,0.92,0.1865,22:0,,614180.327,182.9716288724753,0.5505545803066164,33234.05806025158,100.0
0,1,39,39,0.92,0.1865,23:0,,43998.893,13.107793862625217,0.03944084661241635,33234.05806025158,100.0
0,1,39,39,0.92,0.1865,24:0,,1329280.515,396.0084854004006,1.1915742720388174,33234.05806025158,100.0
0,1,39,39,0.92,0.1865,15-24:1,,266225.519,79.31175050295955,0.23864600091620344,33234.05806025158,100.0
0,1,39,39,0.92,0.1865,di-16:0,,163353.035,48.66481321732805,0.1464305476300888,33234.05806025158,100.0
0,1,39,39,0.92,0.1865,26:0,,84330.338,25.123011319160014,0.07559417292228754,33234.05806025158,100.0
0,1,40,40,0.92,0.2227,14:0,,169808.798,38.66587131649286,0.13897954372563934,27821.26799381604,100.0
0,1,40,40,0.92,0.2227,15:0,,229313.912,52.21532875153836,0.18768134063172282,27821.26799381604,100.0
0,1,40,40,0.92,0.2227,16:0,,22227124.197,5061.16958637742,18.191728671397687,27821.26799381604,100.0
0,1,40,40,0.92,0.2227,9-16:1,,9258163.251,2108.106017511821,7.577318251563514,27821.26799381604,100.0
0,1,40,40,0.92,0.2227,17:0,0.05008,12344869.485,2810.956443646162,10.103624479915746,27821.26799381604,100.0
0,1,40,40,0.92,0.2227,"7,10-16:2",,1399498.157,318.6690930244434,1.1454154177849674,27821.26799381604,100.0
0,1,40,40,0.92,0.2227,18:0,,4324021.616,984.5901116029897,3.5389835999633052,27821.26799381604,100.0
0,1,40,40,0.92,0.2227,11-Me-12-18:1,,7408431.405,1686.9176316929966,6.063410309220829,27821.26799381604,100.0
0,1,40,40,0.92,0.2227,9-18:1,,1517753.597,345.5961408533507,1.242201257434305,27821.26799381604,100.0
0,1,40,40,0.92,0.2227,11-18:1,,8424420.167,1918.2607139901509,6.894943517371427,27821.26799381604,100.0
0,1,40,40,0.92,0.2227,"9,12-18:2",,20667943.744,4706.140450873562,16.91562171759971,27821.26799381604,100.0
0,1,40,40,0.92,0.2227,"12,15-18:2",,418823.955,95.36722089213892,0.34278531414648905,27821.26799381604,100.0
0,1,40,40,0.92,0.2227,20:0,,1916421.444,436.3737675233496,1.5684898604202528,27821.26799381604,100.0
0,1,40,40,0.92,0.2227,"9,12,15-18:3",,40151703.787,9142.639427705515,32.8620515417834,27821.26799381604,100.0
0,1,40,40,0.92,0.2227,22:0,,1252791.671,285.2636736599482,1.0253438977812048,27821.26799381604,100.0
0,1,40,40,0.92,0.2227,23:0,,41845.216,9.528256227730017,0.03424810195512262,27821.26799381604,100.0
0,1,40,40,0.92,0.2227,24:0,,2049422.738,466.6584817389878,1.677344403722771,27821.26799381604,100.0
0,1,40,40,0.92,0.2227,15-24:1,,396238.955,90.2245621255243,0.3243006830083335,27821.26799381604,100.0
0,1,40,40,0.92,0.2227,di-16:0,,281170.875,64.02328382711772,0.23012352938531944,27821.26799381604,100.0
0,1,40,40,0.92,0.2227,26:0,,47686.691,10.858374120964912,0.03902904110401601,27821.26799381604,100.0
0,1,41,41,0.92,0.2663,14:0,,352059.149,60.477963452982756,0.21149552182689202,28595.387235897906,100.0
0,1,41,41,0.92,0.2663,15:0,,419254.972,72.0210991423413,0.2518626467555854,28595.387235897906,100.0
0,1,41,41,0.92,0.2663,16:0,,31056989.454,5335.079285664816,18.65713250061288,28595.387235897906,100.0
0,1,41,41,0.92,0.2663,9-16:1,,10157194.124,1744.838663505726,6.101818622394107,28595.387235897906,100.0
0,1,41,41,0.92,0.2663,17:0,0.05008,13684270.28,2350.7322568531745,8.220669429865689,28595.387235897906,100.0
0,1,41,41,0.92,0.2663,"7,10-16:2",,909627.846,156.25908255036836,0.5464485627045637,28595.387235897906,100.0
0,1,41,41,0.92,0.2663,18:0,,4431626.73,761.2804841898925,2.6622492568808465,28595.387235897906,100.0
0,1,41,41,0.92,0.2663,11-Me-12-18:1,,9379045.794,1611.1655963622852,5.6343548806349775,28595.387235897906,100.0
0,1,41,41,0.92,0.2663,9-18:1,,3266676.421,561.1612076070733,1.962418634088669,28595.387235897906,100.0
0,1,41,41,0.92,0.2663,11-18:1,,10152459.999,1744.025418800837,6.098974650748681,28595.387235897906,100.0
0,1,41,41,0.92,0.2663,"9,12-18:2",,39014552.86,6702.05761930517,23.437548035340402,28595.387235897906,100.0
0,1,41,41,0.92,0.2663,"12,15-18:2",,482028.87,82.80462094493836,0.28957335063113815,28595.387235897906,100.0
0,1,41,41,0.92,0.2663,20:0,,2930972.542,503.4928101719974,1.7607483543357147,28595.387235897906,100.0
0,1,41,41,0.92,0.2663,"9,12,15-18:3",,45158281.791,7757.449063639004,27.128323178993373,28595.387235897906,100.0
0,1,41,41,0.92,0.2663,22:0,,2811422.025,482.95600032499306,1.688929743601103,28595.387235897906,100.0
0,1,41,41,0.92,0.2663,23:0,,124685.19,21.41886210134596,0.07490320702654195,28595.387235897906,100.0
0,1,41,41,0.92,0.2663,24:0,,4817465.908,827.5613002746148,2.8940377461848668,28595.387235897906,100.0
0,1,41,41,0.92,0.2663,15-24:1,,681717.313,117.10780662280021,0.4095339071883108,28595.387235897906,100.0
0,1,41,41,0.92,0.2663,di-16:0,,158959.619,27.306644510414536,0.09549317966967233,28595.387235897906,100.0
0,1,41,41,0.92,0.2663,26:0,,156730.431,26.92370672630421,0.09415402038166802,28595.387235897906,100.0
0,1,42,42,0.92,0.2502,14:0,,521735.716,124.4715530816323,0.31769042461614483,39180.13998439748,100.0
0,1,42,42,0.92,0.2502,15:0,,381466.411,91.00721911406629,0.23227895344505572,39180.13998439748,100.0
0,1,42,42,0.92,0.2502,16:0,,31370025.591,7484.010938446698,19.101542111454986,39180.13998439748,100.0
0,1,42,42,0.92,0.2502,9-16:1,,9435823.666,2251.123682534015,5.745573352801877,39180.13998439748,100.0
0,1,42,42,0.92,0.2502,17:0,0.05008,10487391.657,2501.998401278978,6.3858842828926505,39180.13998439748,100.0
0,1,42,42,0.92,0.2502,"7,10-16:2",,950108.177,226.66924414035776,0.5785309706157844,39180.13998439748,100.0
0,1,42,42,0.92,0.2502,18:0,,5702176.655,1360.3799058174443,3.4721159913139203,39180.13998439748,100.0
0,1,42,42,0.92,0.2502,11-Me-12-18:1,,9381489.195,2238.160997052006,5.7124885157207155,39180.13998439748,100.0
0,1,42,42,0.92,0.2502,9-18:1,,2671635.018,637.377411129229,1.6267869675377595,39180.13998439748,100.0
0,1,42,42,0.92,0.2502,11-18:1,,8458469.248,2017.9542471495017,5.150451856356567,39180.13998439748,100.0
0,1,42,42,0.92,0.2502,"9,12-18:2",,35434810.631,8453.754989612604,21.576632939492054,39180.13998439748,100.0
0,1,42,42,0.92,0.2502,"12,15-18:2",,429696.775,102.51363534870345,0.26164693487447205,39180.13998439748,100.0
0,1,42,42,0.92,0.2502,20:0,,2603430.798,621.1057913612594,1.5852566928260068,39180.13998439748,100.0
0,1,42,42,0.92,0.2502,"9,12,15-18:3",,49112090.366,11716.771490762749,29.90487398827228,39180.13998439748,100.0
0,1,42,42,0.92,0.2502,22:0,,2377046.1,567.0967325795212,1.4474086432701707,39180.13998439748,100.0
0,1,42,42,0.92,0.2502,23:0,,111191.784,26.527250521598162,0.06770585947922081,39180.13998439748,100.0
0,1,42,42,0.92,0.2502,24:0,,3921463.878,935.5516294540598,2.3878210486910465,39180.13998439748,100.0
0,1,42,42,0.92,0.2502,15-24:1,,811785.974,193.66943426519333,0.49430511055426907,39180.13998439748,100.0
0,1,42,42,0.92,0.2502,di-16:0,,356420.609,85.03199108671181,0.21702829831790724,39180.13998439748,100.0
0,1,42,42,0.92,0.2502,26:0,,196845.537,46.96184094013206,0.11986134035976762,39180.13998439748,100.0
0,5,73,19,0.893,0.1,14:0,,237456.66,60.574557358630166,0.19419108294427836,31193.27439767745,100.0
0,5,73,19,0.893,0.1,15:0,,317299.731,80.94231071614257,0.259486419040924,31193.27439767745,100.0
0,5,73,19,0.893,0.1,16:0,,20371547.413,5196.72713013323,16.65976794831184,31193.27439767745,100.0
0,5,73,19,0.893,0.1,9-16:1,,7906582.995,2016.9481249395042,6.465971155274675,31193.27439767745,100.0
0,5,73,19,0.893,0.1,17:0,0.05008,18347405.018,4680.373831775702,15.004432596932455,31193.27439767745,100.0
0,5,73,19,0.893,0.1,"7,10-16:2",,856502.13,218.49139713105504,0.7004439301419514,31193.27439767745,100.0
0,5,73,19,0.893,0.1,18:0,,3349244.293,854.3832400169077,2.7389982504706922,31193.27439767745,100.0
0,5,73,19,0.893,0.1,11-Me-12-18:1,,7028408.031,1792.9280459586455,5.747803270349012,31193.27439767745,100.0
0,5,73,19,0.893,0.1,9-18:1,,2172485.409,554.1952035300152,1.7766496600026023,31193.27439767745,100.0
0,5,73,19,0.893,0.1,11-18:1,,8176950.568,2085.9181679722083,6.687076647931257,31193.27439767745,100.0
0,5,73,19,0.893,0.1,"9,12-18:2",,25592165.338,6528.492766630457,20.929167882152658,31193.27439767745,100.0
0,5,73,19,0.893,0.1,"12,15-18:2",,532517.345,135.84374706174992,0.43549050134943323,31193.27439767745,100.0
0,5,73,19,0.893,0.1,20:0,,2513693.352,641.2364350308445,2.055688116790294,31193.27439767745,100.0
0,5,73,19,0.893,0.1,"9,12,15-18:3",,39153709.333,9988.006282051392,32.01974295713907,31193.27439767745,100.0
0,5,73,19,0.893,0.1,22:0,,1932921.369,493.08305918314704,1.5807351703348602,31193.27439767745,100.0
0,5,73,19,0.893,0.1,23:0,,43550.193,11.109537478788397,0.03561516927384698,31193.27439767745,100.0
0,5,73,19,0.893,0.1,24:0,,1454744.365,371.10138742723205,1.1896839770526402,31193.27439767745,100.0
0,5,73,19,0.893,0.1,15-24:1,,392167.824,100.04096052347901,0.3207132385272376,31193.27439767745,100.0
0,5,73,19,0.893,0.1,di-16:0,,203227.031,51.842670768356676,0.16619823269408585,31193.27439767745,100.0
0,5,73,19,0.893,0.1,26:0,,44725.573,11.409373765663597,0.03657639021863348,31193.27439767745,100.0
0,5,74,20,0.893,0.1915,14:0,,436623.895,55.167409700062954,0.20733596996163423,26607.737051256096,100.0
0,5,74,20,0.893,0.1915,15:0,,529062.681,66.84704619691212,0.25123161006943434,26607.737051256096,100.0
0,5,74,20,0.893,0.1915,16:0,,39545947.938,4996.628761861522,18.778856511683852,26607.737051256096,100.0
0,5,74,20,0.893,0.1915,9-16:1,,14608258.708,1845.752837573739,6.936902728774543,26607.737051256096,100.0
0,5,74,20,0.893,0.1915,17:0,0.05008,19343571.849,2444.059442180523,9.185521630315211,26607.737051256096,100.0
0,5,74,20,0.893,0.1915,"7,10-16:2",,2351613.887,297.1263099571922,1.11669139463014,26607.737051256096,100.0
0,5,74,20,0.893,0.1915,18:0,,7872796.575,994.727496850069,3.7384896540952175,26607.737051256096,100.0
0,5,74,20,0.893,0.1915,11-Me-12-18:1,,11736027.014,1482.8464908736717,5.572989871394078,26607.737051256096,100.0
0,5,74,20,0.893,0.1915,9-18:1,,1871277.803,236.43586712251442,0.888598179796552,26607.737051256096,100.0
0,5,74,20,0.893,0.1915,11-18:1,,13108937.268,1656.3136403612996,6.224932384030413,26607.737051256096,100.0
0,5,74,20,0.893,0.1915,"9,12-18:2",,43451867.821,5490.141565234511,20.63362831141378,26607.737051256096,100.0
0,5,74,20,0.893,0.1915,"12,15-18:2",,523146.057,66.09948101784828,0.24842203187184553,26607.737051256096,100.0
0,5,74,20,0.893,0.1915,20:0,,3047732.995,385.08092827023336,1.447251705503661,26607.737051256096,100.0
0,5,74,20,0.893,0.1915,"9,12,15-18:3",,65614008.206,8290.327016490233,31.157580220069352,26607.737051256096,100.0
0,5,74,20,0.893,0.1915,22:0,,1988600.159,251.25954158134962,0.944310074537091,26607.737051256096,100.0
0,5,74,20,0.893,0.1915,23:0,,90571.584,11.44371560725431,0.04300897737079101,26607.737051256096,100.0
0,5,74,20,0.893,0.1915,24:0,,2889714.784,365.1153343434328,1.3722149074161738,26607.737051256096,100.0
0,5,74,20,0.893,0.1915,15-24:1,,641189.703,81.01429043608042,0.3044764396161075,26607.737051256096,100.0
0,5,74,20,0.893,0.1915,di-16:0,,184186.06,23.27190048327606,0.0874629076439157,26607.737051256096,100.0
0,5,74,20,0.893,0.1915,26:0,,96061.904,12.137417294892016,0.04561612012141797,26607.737051256096,100.0
0,5,75,21,0.893,0.2113,14:0,,349809.581,39.718876717633975,0.22717559044226227,17483.778358541877,100.0
0,5,75,21,0.893,0.2113,15:0,,532376.141,60.44826517141255,0.34573914134458206,17483.778358541877,100.0
0,5,75,21,0.893,0.2113,16:0,,26588382.86,3018.958765848074,17.267198793864434,17483.778358541877,100.0
0,5,75,21,0.893,0.2113,9-16:1,,12292714.162,1395.7673684346316,7.983213581249246,17483.778358541877,100.0
0,5,75,21,0.893,0.2113,17:0,0.05008,19508136.6,2215.0373079866076,12.669099679500507,17483.778358541877,100.0
0,5,75,21,0.893,0.2113,"7,10-16:2",,1854702.828,210.59089565982777,1.2044930525954731,17483.778358541877,100.0
0,5,75,21,0.893,0.2113,18:0,,5004694.979,568.2544838023254,3.2501812374251413,17483.778358541877,100.0
0,5,75,21,0.893,0.2113,11-Me-12-18:1,,10004201.211,1135.9198150667962,6.4969927653643085,17483.778358541877,100.0
0,5,75,21,0.893,0.2113,9-18:1,,1502198.629,170.56606048377435,0.9755675059815808,17483.778358541877,100.0
0,5,75,21,0.893,0.2113,11-18:1,,10043450.705,1140.3763705703905,6.5224824244769035,17483.778358541877,100.0
0,5,75,21,0.893,0.2113,"9,12-18:2",,33304367.231,3781.5203700978605,21.628736606869424,17483.778358541877,100.0
0,5,75,21,0.893,0.2113,"12,15-18:2",,861483.407,97.81651245544441,0.559470101081756,17483.778358541877,100.0
0,5,75,21,0.893,0.2113,20:0,,3391814.34,385.12111427720725,2.2027339078515165,17483.778358541877,100.0
0,5,75,21,0.893,0.2113,"9,12,15-18:3",,43281461.827,4914.362384104035,28.108125619786723,17483.778358541877,100.0
0,5,75,21,0.893,0.2113,22:0,,1965984.117,223.2262494032417,1.2767620638143258,17483.778358541877,100.0
0,5,75,21,0.893,0.2113,23:0,,120540.252,13.686656023010789,0.07828202658679916,17483.778358541877,100.0
0,5,75,21,0.893,0.2113,24:0,,2227568.751,252.92768810990023,1.4466420411142413,17483.778358541877,100.0
0,5,75,21,0.893,0.2113,15-24:1,,401826.509,45.625101311471035,0.2609567587499211,17483.778358541877,100.0
0,5,75,21,0.893,0.2113,di-16:0,,193011.64,21.91536753313898,0.12534686200956102,17483.778358541877,100.0
0,5,75,21,0.893,0.2113,26:0,,61438.705,6.976013471700999,0.039899919391810396,17483.778358541877,100.0
0,5,55,55,0.893,0.2656,14:0,,430049.65,57.96730078999278,0.20877133442123794,27765.929144770493,100.0
0,5,55,55,0.893,0.2656,15:0,,431747.589,58.19616957464602,0.20959561364294138,27765.929144770493,100.0
0,5,55,55,0.893,0.2656,16:0,,34352119.558,4630.394763005573,16.67653453577178,27765.929144770493,100.0
0,5,55,55,0.893,0.2656,9-16:1,,13727815.38,1850.401234652671,6.664287101666037,27765.929144770493,100.0
0,5,55,55,0.893,0.2656,17:0,0.05008,13073383.23,1762.1889426866346,6.346587335502618,27765.929144770493,100.0
0,5,55,55,0.893,0.2656,"7,10-16:2",,2485900.632,335.07979757494775,1.2068020336285326,27765.929144770493,100.0
0,5,55,55,0.893,0.2656,18:0,,9166302.888,1235.5453298029086,4.44986127912674,27765.929144770493,100.0
0,5,55,55,0.893,0.2656,11-Me-12-18:1,,12610186.995,1699.753743683363,6.121724703758019,27765.929144770493,100.0
0,5,55,55,0.893,0.2656,9-18:1,,3079810.969,415.13422651626877,1.4951209604828088,27765.929144770493,100.0
0,5,55,55,0.893,0.2656,11-18:1,,11690239.847,1575.7521242447424,5.675128377764097,27765.929144770493,100.0
0,5,55,55,0.893,0.2656,"9,12-18:2",,41619688.284,5610.005704095716,20.204638839368066,27765.929144770493,100.0
0,5,55,55,0.893,0.2656,"12,15-18:2",,861981.888,116.18835959341408,0.4184565875235524,27765.929144770493,100.0
0,5,55,55,0.893,0.2656,20:0,,4005662.225,539.9316731444538,1.9445834869392296,27765.929144770493,100.0
0,5,55,55,0.893,0.2656,"9,12,15-18:3",,66207837.81,8924.294320405392,32.14116939460035,27765.929144770493,100.0
0,5,55,55,0.893,0.2656,22:0,,1666775.334,224.66816828084538,0.8091505496158048,27765.929144770493,100.0
0,5,55,55,0.893,0.2656,23:0,,93804.021,12.644042148663065,0.045537975994743456,27765.929144770493,100.0
0,5,55,55,0.893,0.2656,24:0,,2541736.431,342.60602287354425,1.2339080067776933,27765.929144770493,100.0
0,5,55,55,0.893,0.2656,15-24:1,,720185.924,97.07538206629602,0.3496205063412382,27765.929144770493,100.0
0,5,55,55,0.893,0.2656,di-16:0,,167997.072,22.64468022346274,0.08155563642547037,27765.929144770493,100.0
0,5,55,55,0.893,0.2656,26:0,,130913.462,17.646102093591495,0.06355307615165837,27765.929144770493,100.0
0,5,56,56,0.893,0.2854,14:0,,279918.287,41.87840724435261,0.15782022522623196,26535.513546708476,100.0
0,5,56,56,0.893,0.2854,15:0,,499182.967,74.68246467752292,0.2814434495343946,26535.513546708476,100.0
0,5,56,56,0.893,0.2854,16:0,,31222862.009,4671.233682375053,17.60370559308238,26535.513546708476,100.0
0,5,56,56,0.893,0.2854,9-16:1,,12451762.061,1862.9006632222543,7.0204055404585635,26535.513546708476,100.0
0,5,56,56,0.893,0.2854,17:0,0.05008,10961441.985,1639.9347693678,6.180150862658625,26535.513546708476,100.0
0,5,56,56,0.893,0.2854,"7,10-16:2",,1381176.686,206.63701665448286,0.7787187396646957,26535.513546708476,100.0
0,5,56,56,0.893,0.2854,18:0,,5760858.711,861.8786209435261,3.248019373834336,26535.513546708476,100.0
0,5,56,56,0.893,0.2854,11-Me-12-18:1,,11733697.11,1755.471396030882,6.61555463375848,26535.513546708476,100.0
0,5,56,56,0.893,0.2854,9-18:1,,3792897.39,567.4531065362731,2.138466645981537,26535.513546708476,100.0
0,5,56,56,0.893,0.2854,11-18:1,,8236701.152,1232.2879254883558,4.643919641198018,26535.513546708476,100.0
0,5,56,56,0.893,0.2854,"9,12-18:2",,42197167.042,6313.092884649046,23.79110874766596,26535.513546708476,100.0
0,5,56,56,0.893,0.2854,"12,15-18:2",,472874.919,70.74653337501401,0.2666107563755425,26535.513546708476,100.0
0,5,56,56,0.893,0.2854,20:0,,2320273.744,347.13476497378934,1.308189360506455,26535.513546708476,100.0
0,5,56,56,0.893,0.2854,"9,12,15-18:3",,52544967.627,7861.221131739882,29.62528355783416,26535.513546708476,100.0
0,5,56,56,0.893,0.2854,22:0,,1677640.802,250.99083546441642,0.945867638938346,26535.513546708476,100.0
0,5,56,56,0.893,0.2854,23:0,,92791.502,13.882481031227366,0.0523166096137204,26535.513546708476,100.0
0,5,56,56,0.893,0.2854,24:0,,1845802.959,276.1494750424543,1.0406788417958035,26535.513546708476,100.0
0,5,56,56,0.893,0.2854,15-24:1,,430715.184,64.43904067574644,0.24284075212005685,26535.513546708476,100.0
0,5,56,56,0.893,0.2854,di-16:0,,358346.414,53.61199234562826,0.202038646251406,26535.513546708476,100.0
0,5,56,56,0.893,0.2854,26:0,,65645.101,9.82112423856987,0.03701124615991502,26535.513546708476,100.0
0,5,57,57,0.893,0.2042,14:0,,376564.262,58.61118886580647,0.2567235244624153,22830.47063510817,100.0
0,5,57,57,0.893,0.2042,15:0,,335696.716,52.25026803820006,0.22886198393935342,22830.47063510817,100.0
0,5,57,57,0.893,0.2042,16:0,,26304101.614,4094.1608729814056,17.932879871015448,22830.47063510817,100.0
0,5,57,57,0.893,0.2042,9-16:1,,8840083.225,1375.9345741894183,6.026746431032999,22830.47063510817,100.0
0,5,57,57,0.893,0.2042,17:0,0.05008,14725951.806,2292.0537863739974,10.039450447636984,22830.47063510817,100.0
0,5,57,57,0.893,0.2042,"7,10-16:2",,1138007.425,177.12771722709334,0.7758390970473926,22830.47063510817,100.0
0,5,57,57,0.893,0.2042,18:0,,4790398.053,745.6122456643923,3.265864543842592,22830.47063510817,100.0
0,5,57,57,0.893,0.2042,11-Me-12-18:1,,8393575.679,1306.43690606335,5.722338916896184,22830.47063510817,100.0
0,5,57,57,0.893,0.2042,9-18:1,,2146223.678,334.05379647929465,1.4631927734577423,22830.47063510817,100.0
0,5,57,57,0.893,0.2042,11-18:1,,8428904.528,1311.9357439779014,5.746424438401357,22830.47063510817,100.0
0,5,57,57,0.893,0.2042,"9,12-18:2",,32123147.902,4999.879379547591,21.90002764051168,22830.47063510817,100.0
0,5,57,57,0.893,0.2042,"12,15-18:2",,497217.594,77.39054724565412,0.3389792023237783,22830.47063510817,100.0
0,5,57,57,0.893,0.2042,20:0,,2596351.057,404.11488162879164,1.7700681168059371,22830.47063510817,100.0
0,5,57,57,0.893,0.2042,"9,12,15-18:3",,46167488.606,7185.842277688672,31.474788200986314,22830.47063510817,100.0
0,5,57,57,0.893,0.2042,22:0,,1872592.371,291.46383818374494,1.2766440203625877,22830.47063510817,100.0
0,5,57,57,0.893,0.2042,23:0,,74008.18,11.519169112215437,0.05045524157746238,22830.47063510817,100.0
0,5,57,57,0.893,0.2042,24:0,,1839487.354,286.31113358695893,1.2540746012772785,22830.47063510817,100.0
0,5,57,57,0.893,0.2042,15-24:1,,545477.944,84.90213762748364,0.3718808034422343,22830.47063510817,100.0
0,5,57,57,0.893,0.2042,di-16:0,,128732.428,20.03684739116808,0.08776361955655824,22830.47063510817,100.0
0,5,57,57,0.893,0.2042,26:0,,82796.903,12.887109609028323,0.056446973060690325,22830.47063510817,100.0
50,1,43,43,0.913,0.274,14:0,,374278.901,60.26636136707604,0.1883025554602285,32005.068237008036,100.0
50,1,43,43,0.913,0.274,15:0,,423227.56,68.14807087259737,0.21292899726986533,32005.068237008036,100.0
50,1,43,43,0.913,0.274,16:0,,37243705.592,5996.978760650102,18.737590922289264,32005.068237008036,100.0
50,1,43,43,0.913,0.274,9-16:1,,10717335.786,1725.7046273398453,5.391972966782749,32005.068237008036,100.0
50,1,43,43,0.913,0.274,17:0,0.05008,13047126.675,2100.8473865257156,6.56410844360103,32005.068237008036,100.0
50,1,43,43,0.913,0.274,"7,10-16:2",,911516.064,146.7722502073896,0.4585906492074721,32005.068237008036,100.0
50,1,43,43,0.913,0.274,18:0,,4469665.678,719.7052417880348,2.24872272247127,32005.068237008036,100.0
50,1,43,43,0.913,0.274,11-Me-12-18:1,,13172180.965,2120.983619189398,6.627024205925193,32005.068237008036,100.0
50,1,43,43,0.913,0.274,9-18:1,,4136023.452,665.9821948684553,2.080864786591419,32005.068237008036,100.0
50,1,43,43,0.913,0.274,11-18:1,,8839879.819,1423.3968043348953,4.447410621949545,32005.068237008036,100.0
50,1,43,43,0.913,0.274,"9,12-18:2",,49791513.02,8017.425798406925,25.050488063438124,32005.068237008036,100.0
50,1,43,43,0.913,0.274,"12,15-18:2",,333511.453,53.70198986064831,0.16779214299112707,32005.068237008036,100.0
50,1,43,43,0.913,0.274,20:0,,2823416.094,454.62625372682254,1.4204820635287072,32005.068237008036,100.0
50,1,43,43,0.913,0.274,"9,12,15-18:3",,57762956.739,9300.987085198678,29.06098189299837,32005.068237008036,100.0
50,1,43,43,0.913,0.274,22:0,,2557232.996,411.76547068237346,1.2865633268865888,32005.068237008036,100.0
50,1,43,43,0.913,0.274,23:0,,157308.753,25.329843945710703,0.07914322743552644,32005.068237008036,100.0
50,1,43,43,0.913,0.274,24:0,,3775251.566,607.8907320724866,1.899357712881148,32005.068237008036,100.0
50,1,43,43,0.913,0.274,15-24:1,,625762.3,100.76019994964301,0.3148257619808233,32005.068237008036,100.0
50,1,43,43,0.913,0.274,di-16:0,,491980.226,79.21862014223382,0.24751898529193542,32005.068237008036,100.0
50,1,43,43,0.913,0.274,26:0,,157895.441,25.424312404721505,0.0794383946206461,32005.068237008036,100.0
50,1,44,44,0.913,0.2147,14:0,,181554.212,40.40090220996601,0.15352838463507196,26314.939941559736,100.0
50,1,44,44,0.913,0.2147,15:0,,279171.498,62.123485135710986,0.23607686460115404,26314.939941559736,100.0
50,1,44,44,0.913,0.2147,16:0,,21061454.289,4686.764056619949,17.810278370493425,26314.939941559736,100.0
50,1,44,44,0.913,0.2147,9-16:1,,7346841.546,1634.8782194712262,6.212737794963495,26314.939941559736,100.0
50,1,44,44,0.913,0.2147,17:0,0.05008,12048369.787,2681.100064778976,10.188509153861522,26314.939941559736,100.0
50,1,44,44,0.913,0.2147,"7,10-16:2",,863663.201,192.18927581777734,0.7303428251958455,26314.939941559736,100.0
50,1,44,44,0.913,0.2147,18:0,,2615353.381,581.9894511193438,2.2116313106236496,26314.939941559736,100.0
50,1,44,44,0.913,0.2147,11-Me-12-18:1,,8533857.296,1899.0225029287724,7.216518476371691,26314.939941559736,100.0
50,1,44,44,0.913,0.2147,9-18:1,,2007801.34,446.79208871440954,1.6978647479593194,26314.939941559736,100.0
50,1,44,44,0.913,0.2147,11-18:1,,5457708.226,1214.4930921743257,4.615222739901646,26314.939941559736,100.0
50,1,44,44,0.913,0.2147,"9,12-18:2",,29853673.896,6643.2794171721625,25.245276758850938,26314.939941559736,100.0
50,1,44,44,0.913,0.2147,"12,15-18:2",,389105.064,86.58678565973764,0.3290404076620723,26314.939941559736,100.0
50,1,44,44,0.913,0.2147,20:0,,1774847.307,394.95328529050335,1.5008709355507415,26314.939941559736,100.0
50,1,44,44,0.913,0.2147,"9,12,15-18:3",,33570992.625,7470.487052837502,28.388767253233233,26314.939941559736,100.0
50,1,44,44,0.913,0.2147,22:0,,1492716.381,332.1712444544959,1.2622914784992187,26314.939941559736,100.0
50,1,44,44,0.913,0.2147,23:0,,74877.461,16.66233433125497,0.06331891453394427,26314.939941559736,100.0
50,1,44,44,0.913,0.2147,24:0,,1905825.906,424.0996956739613,1.6116308705845523,26314.939941559736,100.0
50,1,44,44,0.913,0.2147,15-24:1,,397652.027,88.48872454923692,0.3362680087651837,26314.939941559736,100.0
50,1,44,44,0.913,0.2147,di-16:0,,373035.739,83.01091032887413,0.31545164272928194,26314.939941559736,100.0
50,1,44,44,0.913,0.2147,26:0,,74361.044,16.547417070527562,0.06288221484554438,26314.939941559736,100.0
50,1,45,45,0.913,0.3536,14:0,,431085.213,54.73892099290104,0.186690281064167,29320.71272316893,100.0
50,1,45,45,0.913,0.3536,15:0,,545714.723,69.29450188995436,0.2363329382344739,29320.71272316893,100.0
50,1,45,45,0.913,0.3536,16:0,,42443532.748,5389.452283886109,18.381041193543084,29320.71272316893,100.0
50,1,45,45,0.913,0.3536,9-16:1,,15555203.415,1975.1896494816428,6.736499443688038,29320.71272316893,100.0
50,1,45,45,0.913,0.3536,17:0,0.05008,12820344.779,1627.9190721381397,5.5521128954405485,29320.71272316893,100.0
50,1,45,45,0.913,0.3536,"7,10-16:2",,1832416.935,232.6791149549796,0.7935656856360076,29320.71272316893,100.0
50,1,45,45,0.913,0.3536,18:0,,4024333.365,511.0072428205292,1.742819990923128,29320.71272316893,100.0
50,1,45,45,0.913,0.3536,11-Me-12-18:1,,15661886.584,1988.736209147941,6.782700775129732,29320.71272316893,100.0
50,1,45,45,0.913,0.3536,9-18:1,,3756983.78,477.0593657663471,1.627038777230608,29320.71272316893,100.0
50,1,45,45,0.913,0.3536,11-18:1,,12351095.678,1568.3341253781382,5.348894960997509,29320.71272316893,100.0
50,1,45,45,0.913,0.3536,"9,12-18:2",,56848518.925,7218.588093855621,24.61941550333313,29320.71272316893,100.0
50,1,45,45,0.913,0.3536,"12,15-18:2",,598278.408,75.96900454869142,0.25909671864375067,29320.71272316893,100.0
50,1,45,45,0.913,0.3536,20:0,,3271887.312,415.46213061417006,1.416957815919243,29320.71272316893,100.0
50,1,45,45,0.913,0.3536,"9,12,15-18:3",,64638959.704,8207.81321557548,27.993225448062688,29320.71272316893,100.0
50,1,45,45,0.913,0.3536,22:0,,3595478.048,456.5514725766807,1.557095411994942,29320.71272316893,100.0
50,1,45,45,0.913,0.3536,23:0,,108656.181,13.797091451497675,0.047055784699924275,29320.71272316893,100.0
50,1,45,45,0.913,0.3536,24:0,,3662666.149,465.0829741021159,1.5861925952932652,29320.71272316893,100.0
50,1,45,45,0.913,0.3536,15-24:1,,701237.523,89.04268625134823,0.303685272223917,29320.71272316893,100.0
50,1,45,45,0.913,0.3536,di-16:0,,789316.597,100.22690999045821,0.3418297192730241,29320.71272316893,100.0
50,1,45,45,0.913,0.3536,26:0,,92044.334,11.68772988432381,0.03986168410936438,29320.71272316893,100.0
50,1,46,46,0.913,0.2332,14:0,,195439.101,44.52471950289259,0.14485241692131937,30737.988670963932,100.0
50,1,46,46,0.913,0.2332,15:0,,273448.877,62.2968202601688,0.2026704509752661,30737.988670963932,100.0
50,1,46,46,0.913,0.2332,16:0,,23952769.649,5456.8934490704805,17.7529294694068,30737.988670963932,100.0
50,1,46,46,0.913,0.2332,9-16:1,,8478429.136,1931.546334249419,6.283906064660692,30737.988670963932,100.0
50,1,46,46,0.913,0.2332,17:0,0.05008,10834946.858,2468.405591372411,8.030472057868069,30737.988670963932,100.0
50,1,46,46,0.913,0.2332,"7,10-16:2",,966324.678,220.14701774888434,0.7162050194808033,30737.988670963932,100.0
50,1,46,46,0.913,0.2332,18:0,,3211863.235,731.7231244326497,2.3805172559122525,30737.988670963932,100.0
50,1,46,46,0.913,0.2332,11-Me-12-18:1,,8551947.437,1948.29519214738,6.338395179343015,30737.988670963932,100.0
50,1,46,46,0.913,0.2332,9-18:1,,2193722.752,499.7714873847766,1.6259082295025908,30737.988670963932,100.0
50,1,46,46,0.913,0.2332,11-18:1,,7162972.171,1631.8603856083057,5.3089367787743775,30737.988670963932,100.0
50,1,46,46,0.913,0.2332,"9,12-18:2",,34879657.268,7946.244882771584,25.85154470525866,30737.988670963932,100.0
50,1,46,46,0.913,0.2332,"12,15-18:2",,429938.117,97.94802557461014,0.31865463489852514,30737.988670963932,100.0
50,1,46,46,0.913,0.2332,20:0,,1935643.851,440.9762380316814,1.434629450716928,30737.988670963932,100.0
50,1,46,46,0.913,0.2332,"9,12,15-18:3",,36944250.131,8416.598141880922,27.381746515612143,30737.988670963932,100.0
50,1,46,46,0.913,0.2332,22:0,,1490539.495,339.5730566876593,1.1047341461493565,30737.988670963932,100.0
50,1,46,46,0.913,0.2332,23:0,,69958.182,15.937795530907142,0.051850482806516496,30737.988670963932,100.0
50,1,46,46,0.913,0.2332,24:0,,3064336.574,698.1137639381838,2.2711758124813284,30737.988670963932,100.0
50,1,46,46,0.913,0.2332,15-24:1,,593929.876,135.3084464571282,0.44019941547100905,30737.988670963932,100.0
50,1,46,46,0.913,0.2332,di-16:0,,424235.883,96.64894894106658,0.31442834459876096,30737.988670963932,100.0
50,1,46,46,0.913,0.2332,26:0,,103506.959,23.580840745232468,0.07671562702964904,30737.988670963932,100.0
50,1,47,47,0.913,0.2588,14:0,,151652.589,31.831276493966588,0.11755889872598457,27076.87536964888,100.0
50,1,47,47,0.913,0.2588,15:0,,296343.84,62.201395772569334,0.22972146868280222,27076.87536964888,100.0
50,1,47,47,0.913,0.2588,16:0,,22571010.785,4737.565575261209,17.49672187275959,27076.87536964888,100.0
50,1,47,47,0.913,0.2588,9-16:1,,8264418.293,1734.6685966981963,6.4064578095396785,27076.87536964888,100.0
50,1,47,47,0.913,0.2588,17:0,0.05008,10596844.697,2224.235641066639,8.214521102238548,27076.87536964888,100.0
50,1,47,47,0.913,0.2588,"7,10-16:2",,813874.41,170.82900824115785,0.6309036988538352,27076.87536964888,100.0
50,1,47,47,0.913,0.2588,18:0,,3023377.886,634.5950179262036,2.343678911480076,27076.87536964888,100.0
50,1,47,47,0.913,0.2588,11-Me-12-18:1,,9435166.103,1980.403915102921,7.314004618578713,27076.87536964888,100.0
50,1,47,47,0.913,0.2588,9-18:1,,2037840.804,427.7346961930941,1.5797047862935922,27076.87536964888,100.0
50,1,47,47,0.913,0.2588,11-18:1,,6770258.387,1421.0503630254095,5.24820661034729,27076.87536964888,100.0
50,1,47,47,0.913,0.2588,"9,12-18:2",,32054118.884,6728.032325033894,24.847890434859806,27076.87536964888,100.0
50,1,47,47,0.913,0.2588,"12,15-18:2",,354565.871,74.42196898547566,0.27485434700082506,27076.87536964888,100.0
50,1,47,47,0.913,0.2588,20:0,,1440238.189,302.3002792997401,1.1164518622359054,27076.87536964888,100.0
50,1,47,47,0.913,0.2588,"9,12,15-18:3",,35315270.663,7412.535139332304,27.375888237241707,27076.87536964888,100.0
50,1,47,47,0.913,0.2588,22:0,,2369366.732,497.3206725926585,1.8366989019350337,27076.87536964888,100.0
50,1,47,47,0.913,0.2588,23:0,,57755.486,12.122647269209601,0.04477121936602097,27076.87536964888,100.0
50,1,47,47,0.913,0.2588,24:0,,3221915.598,676.2672956421582,2.4975824810280822,27076.87536964888,100.0
50,1,47,47,0.913,0.2588,15-24:1,,387933.996,81.425805978725,0.3007208360163933,27076.87536964888,100.0
50,1,47,47,0.913,0.2588,di-16:0,,321046.041,67.3862897148715,0.2488702584582799,27076.87536964888,100.0
50,1,47,47,0.913,0.2588,26:0,,115214.666,24.18310108511244,0.08931274659638114,27076.87536964888,100.0
50,1,48,48,0.913,0.2333,14:0,,156074.821,44.644038936718594,0.14514793166735943,30757.612887678548,100.0
50,1,48,48,0.913,0.2333,15:0,,214417.981,61.3326648793439,0.19940645297578888,30757.612887678548,100.0
50,1,48,48,0.913,0.2333,16:0,,19624548.519,5613.455793729594,18.250622420631142,30757.612887678548,100.0
50,1,48,48,0.913,0.2333,9-16:1,,5510939.564,1576.3631756663622,5.125115467910225,30757.612887678548,100.0
50,1,48,48,0.913,0.2333,17:0,0.05008,8625806.193,2467.347552113357,8.021908465795708,30757.612887678548,100.0
50,1,48,48,0.913,0.2333,"7,10-16:2",,610305.853,174.5734391368564,0.567577983942929,30757.612887678548,100.0
50,1,48,48,0.913,0.2333,18:0,,2101175.386,601.0255539262077,1.954070870587547,30757.612887678548,100.0
50,1,48,48,0.913,0.2333,11-Me-12-18:1,,5070219.009,1450.2983466851886,4.715250016252646,30757.612887678548,100.0
50,1,48,48,0.913,0.2333,9-18:1,,2235224.02,639.3691662870378,2.078734681465375,30757.612887678548,100.0
50,1,48,48,0.913,0.2333,11-18:1,,5630890.367,1610.6742085755243,5.23666844516649,30757.612887678548,100.0
50,1,48,48,0.913,0.2333,"9,12-18:2",,28546306.135,8165.45804393669,26.547762577530065,30757.612887678548,100.0
50,1,48,48,0.913,0.2333,"12,15-18:2",,249742.835,71.43707600283896,0.23225819332506312,30757.612887678548,100.0
50,1,48,48,0.913,0.2333,20:0,,1130975.964,323.5072425507305,1.0517956765114467,30757.612887678548,100.0
50,1,48,48,0.913,0.2333,"9,12,15-18:3",,32964741.095,9429.318422758452,30.656860326556167,30757.612887678548,100.0
50,1,48,48,0.913,0.2333,22:0,,1007956.012,288.3183024520502,0.9373884231683991,30757.612887678548,100.0
50,1,48,48,0.913,0.2333,23:0,,24493.489,7.006179918105359,0.022778685536132826,30757.612887678548,100.0
50,1,48,48,0.913,0.2333,24:0,,1855291.208,530.6922179901375,1.7254011874332806,30757.612887678548,100.0
50,1,48,48,0.913,0.2333,15-24:1,,342764.904,98.04534531752954,0.318767732969311,30757.612887678548,100.0
50,1,48,48,0.913,0.2333,di-16:0,,221120.71,63.2499305378339,0.20563992000553372,30757.612887678548,100.0
50,1,48,48,0.913,0.2333,26:0,,30917.563,8.843738391347891,0.028753006365102796,30757.612887678548,100.0
50,5,79,22,0.894,0.1909,14:0,,336866.98,44.70157589355085,0.2624017223808949,17035.549724274795,100.0
50,5,79,22,0.894,0.1909,15:0,,252867.91,33.555066958205835,0.19697084920242736,17035.549724274795,100.0
50,5,79,22,0.894,0.1909,16:0,,22058258.783,2927.086914448722,17.18222752904634,17035.549724274795,100.0
50,5,79,22,0.894,0.1909,9-16:1,,7510747.131,996.661153591444,5.850478380343971,17035.549724274795,100.0
50,5,79,22,0.894,0.1909,17:0,0.05008,18650399.362,2474.870771025036,14.527683644387892,17035.549724274795,100.0
50,5,79,22,0.894,0.1909,"7,10-16:2",,1038650.355,137.82682906735482,0.8090541913711101,17035.549724274795,100.0
50,5,79,22,0.894,0.1909,18:0,,3273155.456,434.3411961236867,2.549616555694546,17035.549724274795,100.0
50,5,79,22,0.894,0.1909,11-Me-12-18:1,,7585205.483,1006.5416282904978,5.908477534224956,17035.549724274795,100.0
50,5,79,22,0.894,0.1909,9-18:1,,1791312.878,237.70364363112108,1.3953388501012411,17035.549724274795,100.0
50,5,79,22,0.894,0.1909,11-18:1,,7420299.856,984.6589807225643,5.780024693417877,17035.549724274795,100.0
50,5,79,22,0.894,0.1909,"9,12-18:2",,34348662.668,4557.998979584104,26.755808021206303,17035.549724274795,100.0
50,5,79,22,0.894,0.1909,"12,15-18:2",,1015915.439,134.80995109074965,0.7913448833333057,17035.549724274795,100.0
50,5,79,22,0.894,0.1909,20:0,,2669558.994,354.2451503338269,2.0794465460016562,17035.549724274795,100.0
50,5,79,22,0.894,0.1909,"9,12,15-18:3",,35375211.324,4694.219937347928,27.55543562330074,17035.549724274795,100.0
50,5,79,22,0.894,0.1909,22:0,,1761079.138,233.6916866766108,1.371788351177256,17035.549724274795,100.0
50,5,79,22,0.894,0.1909,23:0,,88466.524,11.739331164558301,0.06891078570731621,17035.549724274795,100.0
50,5,79,22,0.894,0.1909,24:0,,1045179.963,138.6932950165171,0.8141404137894428,17035.549724274795,100.0
50,5,79,22,0.894,0.1909,15-24:1,,355639.746,47.192684473207045,0.27702472322310717,17035.549724274795,100.0
50,5,79,22,0.894,0.1909,di-16:0,,394423.317,52.33918693681869,0.30723509240349317,17035.549724274795,100.0
50,5,79,22,0.894,0.1909,26:0,,56839.837,7.542532923329439,0.04427525407402446,17035.549724274795,100.0
50,5,80,23,0.894,0.2166,14:0,,283032.511,33.717020275743806,0.1739587906376809,19382.188248232407,100.0
50,5,80,23,0.894,0.2166,15:0,,518156.926,61.72685787308399,0.3184720790167399,19382.188248232407,100.0
50,5,80,23,0.894,0.2166,16:0,,27354155.7,3258.6384479440703,16.812541526322487,19382.188248232407,100.0
50,5,80,23,0.894,0.2166,9-16:1,,11539709.297,1374.6993621631625,7.092591117974156,19382.188248232407,100.0
50,5,80,23,0.894,0.2166,17:0,0.05008,18309949.222,2181.222669384484,11.253748242711472,19382.188248232407,100.0
50,5,80,23,0.894,0.2166,"7,10-16:2",,1300215.139,154.89167675331842,0.7991444246107972,19382.188248232407,100.0
50,5,80,23,0.894,0.2166,18:0,,4759112.991,566.9423227923903,2.9250687049956476,19382.188248232407,100.0
50,5,80,23,0.894,0.2166,11-Me-12-18:1,,9544359.97,1136.9979282255938,5.866200006231414,19382.188248232407,100.0
50,5,80,23,0.894,0.2166,9-18:1,,1918850.67,228.58832265567744,1.1793731426405063,19382.188248232407,100.0
50,5,80,23,0.894,0.2166,11-18:1,,9470424.508,1128.190164543101,5.820757440254396,19382.188248232407,100.0
50,5,80,23,0.894,0.2166,"9,12-18:2",,40400463.023,4812.8154114985355,24.831125102385943,19382.188248232407,100.0
50,5,80,23,0.894,0.2166,"12,15-18:2",,949378.664,113.0973242273449,0.5835116385151146,19382.188248232407,100.0
50,5,80,23,0.894,0.2166,20:0,,2610984.142,311.04061135739823,1.6047755154053058,19382.188248232407,100.0
50,5,80,23,0.894,0.2166,"9,12,15-18:3",,47171995.676,5619.492718470744,28.99307676976682,19382.188248232407,100.0
50,5,80,23,0.894,0.2166,22:0,,1862567.64,221.8834531091175,1.1447801985379673,19382.188248232407,100.0
50,5,80,23,0.894,0.2166,23:0,,98143.239,11.691581181252246,0.060321265233395316,19382.188248232407,100.0
50,5,80,23,0.894,0.2166,24:0,,2239361.582,266.7700597300489,1.376367086695577,19382.188248232407,100.0
50,5,80,23,0.894,0.2166,15-24:1,,400019.99,47.653472973402806,0.24586219245780286,19382.188248232407,100.0
50,5,80,23,0.894,0.2166,di-16:0,,191373.142,22.797847802886494,0.11762267248108885,19382.188248232407,100.0
50,5,80,23,0.894,0.2166,26:0,,88591.168,10.55366465553431,0.054450325837160155,19382.188248232407,100.0
50,5,81,24,0.894,0.344,14:0,,517199.739,34.12938398959754,0.1589136392427679,21476.686426807606,100.0
50,5,81,24,0.894,0.344,15:0,,136933.803,9.036095711840458,0.04207397515736614,21476.686426807606,100.0
50,5,81,24,0.894,0.344,16:0,,55715204.493,3676.5788240286543,17.118929573043815,21476.686426807606,100.0
50,5,81,24,0.894,0.344,9-16:1,,21494048.345,1418.366201954867,6.604213395714692,21476.686426807606,100.0
50,5,81,24,0.894,0.344,17:0,0.05008,20812768.795,1373.4093900833705,6.394884959390453,21476.686426807606,100.0
50,5,81,24,0.894,0.344,"7,10-16:2",,1934520.554,127.65666694049699,0.594396474407493,21476.686426807606,100.0
50,5,81,24,0.894,0.344,18:0,,10344802.266,682.64096481451,3.1785208912042626,21476.686426807606,100.0
50,5,81,24,0.894,0.344,11-Me-12-18:1,,19941819.941,1315.9365306984469,6.127279155390889,21476.686426807606,100.0
50,5,81,24,0.894,0.344,9-18:1,,5804040.252,383.0015823955945,1.7833364737193567,21476.686426807606,100.0
50,5,81,24,0.894,0.344,11-18:1,,13895044.482,916.9171461602699,4.269360402896029,21476.686426807606,100.0
50,5,81,24,0.894,0.344,"9,12-18:2",,88716446.576,5854.290795349608,27.25881767329885,21476.686426807606,100.0
50,5,81,24,0.894,0.344,"12,15-18:2",,1021055.836,67.37823721458517,0.3137273407804771,21476.686426807606,100.0
50,5,81,24,0.894,0.344,20:0,,4736684.268,312.5680545249806,1.4553830526427356,21476.686426807606,100.0
50,5,81,24,0.894,0.344,"9,12,15-18:3",,92360982.127,6094.789279599266,28.378629544973165,21476.686426807606,100.0
50,5,81,24,0.894,0.344,22:0,,2713229.675,179.04273812877142,0.8336609035986431,21476.686426807606,100.0
50,5,81,24,0.894,0.344,23:0,,297937.715,19.66054874636794,0.091543678366637,21476.686426807606,100.0
50,5,81,24,0.894,0.344,24:0,,4276015.353,282.16907110224093,1.3138389484051514,21476.686426807606,100.0
50,5,81,24,0.894,0.344,15-24:1,,938575.479,61.93545841292747,0.2883846100933823,21476.686426807606,100.0
50,5,81,24,0.894,0.344,di-16:0,,454116.575,29.96660244682736,0.13953084685085534,21476.686426807606,100.0
50,5,81,24,0.894,0.344,26:0,,160970.445,10.622244587755663,0.04945942021343095,21476.686426807606,100.0
50,5,82,58,0.894,0.1467,14:0,,313777.74,74.6837205745123,0.24502102741147375,30480.535227326796,100.0
50,5,82,58,0.894,0.1467,15:0,,314880.694,74.94623986075146,0.24588229603514214,30480.535227326796,100.0
50,5,82,58,0.894,0.1467,16:0,,22050356.82,5248.309479548076,17.218560764782094,30480.535227326796,100.0
50,5,82,58,0.894,0.1467,9-16:1,,9593658.13,2283.4318427697203,7.491442737929842,30480.535227326796,100.0
50,5,82,58,0.894,0.1467,17:0,0.05008,13530832.764,3220.5373564327156,10.565881905988968,30480.535227326796,100.0
50,5,82,58,0.894,0.1467,"7,10-16:2",,1151407.964,274.05204285888505,0.8991050872794006,30480.535227326796,100.0
50,5,82,58,0.894,0.1467,18:0,,3318308.943,789.8063701998658,2.591182747643416,30480.535227326796,100.0
50,5,82,58,0.894,0.1467,11-Me-12-18:1,,8187739.695,1948.8025617056921,6.393596920694907,30480.535227326796,100.0
50,5,82,58,0.894,0.1467,9-18:1,,2773286.036,660.0828962112508,2.1655882722802877,30480.535227326796,100.0
50,5,82,58,0.894,0.1467,11-18:1,,9190796.154,2187.5447628077063,7.176858104665107,30480.535227326796,100.0
50,5,82,58,0.894,0.1467,"9,12-18:2",,30452523.81,7248.148893591759,23.779598486491,30480.535227326796,100.0
50,5,82,58,0.894,0.1467,"12,15-18:2",,385585.901,91.77511982767025,0.3010941873008544,30480.535227326796,100.0
50,5,82,58,0.894,0.1467,20:0,,2263626.866,538.7765121429678,1.7676084364159623,30480.535227326796,100.0
50,5,82,58,0.894,0.1467,"9,12,15-18:3",,34259364.669,8154.233050438551,26.752263336662192,30480.535227326796,100.0
50,5,82,58,0.894,0.1467,22:0,,1415473.296,336.90347861880815,1.105306964284417,30480.535227326796,100.0
50,5,82,58,0.894,0.1467,23:0,,36462.301,8.67856432195528,0.028472480083534306,30480.535227326796,100.0
50,5,82,58,0.894,0.1467,24:0,,1628389.823,387.5807459359977,1.2715680451323534,30480.535227326796,100.0
50,5,82,58,0.894,0.1467,15-24:1,,393206.725,93.58898810960616,0.3070450942268907,30480.535227326796,100.0
50,5,82,58,0.894,0.1467,di-16:0,,256003.957,60.93270985557312,0.19990695504895514,30480.535227326796,100.0
50,5,82,58,0.894,0.1467,26:0,,76706.382,18.257247947447766,0.05989805563217127,30480.535227326796,100.0
50,5,83,59,0.894,0.178,14:0,,508468.973,96.00816151814288,0.36131270265753734,26572.04156177764,100.0
50,5,83,59,0.894,0.178,15:0,,247631.083,46.75723844722508,0.17596404227548207,26572.04156177764,100.0
50,5,83,59,0.894,0.178,16:0,,24968266.511,4714.461434830018,17.742187493833747,26572.04156177764,100.0
50,5,83,59,0.894,0.178,9-16:1,,8648876.136,1633.0646334550281,6.1458003881948535,26572.04156177764,100.0
50,5,83,59,0.894,0.178,17:0,0.05008,14057068.349,2654.2293830824683,9.988804875649544,26572.04156177764,100.0
50,5,83,59,0.894,0.178,"7,10-16:2",,703229.198,132.78242333551015,0.49970726948775385,26572.04156177764,100.0
50,5,83,59,0.894,0.178,18:0,,2647538.122,499.90320184672635,1.8813127349831051,26572.04156177764,100.0
50,5,83,59,0.894,0.178,11-Me-12-18:1,,8619734.34,1627.5621339794175,6.125092534555463,26572.04156177764,100.0
50,5,83,59,0.894,0.178,9-18:1,,4300307.545,811.9760364572895,3.0557532983286855,26572.04156177764,100.0
50,5,83,59,0.894,0.178,11-18:1,,8638329.116,1631.073164843442,6.138305786747102,26572.04156177764,100.0
50,5,83,59,0.894,0.178,"9,12-18:2",,35501271.992,6703.283851121941,25.226830371830484,26572.04156177764,100.0
50,5,83,59,0.894,0.178,"12,15-18:2",,487264.415,92.00435649268891,0.34624496683398204,26572.04156177764,100.0
50,5,83,59,0.894,0.178,20:0,,2276997.545,429.938422372086,1.6180104993909379,26572.04156177764,100.0
50,5,83,59,0.894,0.178,"9,12,15-18:3",,38454054.593,7260.822745210509,27.32504662214132,26572.04156177764,100.0
50,5,83,59,0.894,0.178,22:0,,1955584.767,369.2498621200154,1.3896179608990231,26572.04156177764,100.0
50,5,83,59,0.894,0.178,23:0,,0.0,0.0,0.0,26572.04156177764,100.0
50,5,83,59,0.894,0.178,24:0,,1726483.289,325.9913490703524,1.226820860988236,26572.04156177764,100.0
50,5,83,59,0.894,0.178,15-24:1,,568868.532,107.41269340507989,0.4042319938246179,26572.04156177764,100.0
50,5,83,59,0.894,0.178,di-16:0,,365540.682,69.020708641957,0.2597493628086121,26572.04156177764,100.0
50,5,83,59,0.894,0.178,26:0,,109783.655,20.72914463021144,0.07801111021905494,26572.04156177764,100.0
50,5,84,60,0.894,0.2009,14:0,,333100.0,56.0869030965507,0.21601896235333584,25963.879506471752,100.0
50,5,84,60,0.894,0.2009,15:0,,303544.0,51.11030595478651,0.19685157582882312,25963.879506471752,100.0
50,5,84,60,0.894,0.2009,16:0,,26674332.0,4491.385992342303,17.298593575828225,25963.879506471752,100.0
50,5,84,60,0.894,0.2009,9-16:1,,10494439.0,1767.0386768107549,6.80575750003116,25963.879506471752,100.0
50,5,84,60,0.894,0.2009,17:0,0.05008,13966632.0,2351.6815838162233,9.057512315253364,25963.879506471752,100.0
50,5,84,60,0.894,0.2009,"7,10-16:2",,969992.0,163.32587003431223,0.6290503312249683,25963.879506471752,100.0
50,5,84,60,0.894,0.2009,18:0,,4109228.0,691.9059520793542,2.664878921144622,25963.879506471752,100.0
50,5,84,60,0.894,0.2009,11-Me-12-18:1,,10369950.0,1746.077396475761,6.72502503349137,25963.879506471752,100.0
50,5,84,60,0.894,0.2009,9-18:1,,3989553.0,671.7552462010001,2.587268385810982,25963.879506471752,100.0
50,5,84,60,0.894,0.2009,11-18:1,,7999904.0,1347.012429990118,5.188024500169021,25963.879506471752,100.0
50,5,84,60,0.894,0.2009,"9,12-18:2",,39120938.0,6587.127765392279,25.370352545929713,25963.879506471752,100.0
50,5,84,60,0.894,0.2009,"12,15-18:2",,543858.0,91.57403465711158,0.35269781095034686,25963.879506471752,100.0
50,5,84,60,0.894,0.2009,20:0,,2557438.0,430.6177642793048,1.6585262775232381,25963.879506471752,100.0
50,5,84,60,0.894,0.2009,"9,12,15-18:3",,42086747.0,7086.506456433641,27.293711845594025,25963.879506471752,100.0
50,5,84,60,0.894,0.2009,22:0,,1736388.0,292.37053585714045,1.1260664485223182,25963.879506471752,100.0
50,5,84,60,0.894,0.2009,23:0,,109841.0,18.494870978769814,0.07123307968733943,25963.879506471752,100.0
50,5,84,60,0.894,0.2009,24:0,,1972167.0,332.07066772505283,1.2789716869633483,25963.879506471752,100.0
50,5,84,60,0.894,0.2009,15-24:1,,423482.0,71.30529539817917,0.27463266951460635,25963.879506471752,100.0
50,5,84,60,0.894,0.2009,di-16:0,,351616.0,59.204600778135,0.22802678915289865,25963.879506471752,100.0
50,5,84,60,0.894,0.2009,26:0,,52909.0,8.90874198719724,0.034312060279653694,25963.879506471752,100.0
250,1,49,49,0.919,0.2016,14:0,,138704.451,47.485915498489646,0.1593925588895076,29791.801969505566,100.0
250,1,49,49,0.919,0.2016,15:0,,202136.58,69.20210914524792,0.23228574497132512,29791.801969505566,100.0
250,1,49,49,0.919,0.2016,16:0,,15217214.685,5209.662454554438,17.4868994493417,29791.801969505566,100.0
250,1,49,49,0.919,0.2016,9-16:1,,5836165.536,1998.0300666609,6.706643890510729,29791.801969505566,100.0
250,1,49,49,0.919,0.2016,17:0,0.05008,8958068.023,3066.823437193809,10.294185764033214,29791.801969505566,100.0
250,1,49,49,0.919,0.2016,"7,10-16:2",,477355.58,163.42422013993277,0.5485543315144592,29791.801969505566,100.0
250,1,49,49,0.919,0.2016,18:0,,1529891.84,523.7633984512064,1.7580789473135012,29791.801969505566,100.0
250,1,49,49,0.919,0.2016,11-Me-12-18:1,,4775603.725,1634.943315118434,5.487896693163901,29791.801969505566,100.0
250,1,49,49,0.919,0.2016,9-18:1,,2412881.484,826.0577467488358,2.772768654928547,29791.801969505566,100.0
250,1,49,49,0.919,0.2016,11-18:1,,4208949.899,1440.9475528747853,4.8367250639948445,29791.801969505566,100.0
250,1,49,49,0.919,0.2016,"9,12-18:2",,26798569.398,9174.576538382596,30.795641525052943,29791.801969505566,100.0
250,1,49,49,0.919,0.2016,"12,15-18:2",,242294.143,82.95018016600612,0.2784329066463071,29791.801969505566,100.0
250,1,49,49,0.919,0.2016,20:0,,785383.783,268.8786674439319,0.9025256938776378,29791.801969505566,100.0
250,1,49,49,0.919,0.2016,"9,12,15-18:3",,21306321.991,7294.2879507755515,24.484211993090828,29791.801969505566,100.0
250,1,49,49,0.919,0.2016,22:0,,871224.019,298.266348687603,1.0011692108886325,29791.801969505566,100.0
250,1,49,49,0.919,0.2016,23:0,,33926.362,11.614799290782459,0.038986561815465844,29791.801969505566,100.0
250,1,49,49,0.919,0.2016,24:0,,1567019.623,536.4742145315372,1.8007444298960635,29791.801969505566,100.0
250,1,49,49,0.919,0.2016,15-24:1,,276740.399,94.74296684201076,0.3180169059226032,29791.801969505566,100.0
250,1,49,49,0.919,0.2016,di-16:0,,309843.017,106.07575472152,0.3560568603070654,29791.801969505566,100.0
250,1,49,49,0.919,0.2016,26:0,,30429.886,10.417769471757422,0.034968577873942946,29791.801969505566,100.0
250,1,50,50,0.919,0.2636,14:0,,237861.307,19.86541926548766,0.13217285742668175,15029.878034154859,100.0
250,1,50,50,0.919,0.2636,15:0,,377501.804,31.52774910943354,0.20976716536080905,15029.878034154859,100.0
250,1,50,50,0.919,0.2636,16:0,,28359974.126,2368.5347712790126,15.75884226004098,15029.878034154859,100.0
250,1,50,50,0.919,0.2636,9-16:1,,10311259.427,861.1635673580448,5.729677682021647,15029.878034154859,100.0
250,1,50,50,0.919,0.2636,17:0,0.05008,28084064.443,2345.4916727552045,15.605526987146263,15029.878034154859,100.0
250,1,50,50,0.919,0.2636,"7,10-16:2",,1192180.719,99.56713902680075,0.6624613905750798,15029.878034154859,100.0
250,1,50,50,0.919,0.2636,18:0,,4893686.336,408.7051065368447,2.719284252394311,15029.878034154859,100.0
250,1,50,50,0.919,0.2636,11-Me-12-18:1,,10985886.367,917.5062620986104,6.104548952517181,15029.878034154859,100.0
250,1,50,50,0.919,0.2636,9-18:1,,7278383.177,607.867396381443,4.044393407585119,15029.878034154859,100.0
250,1,50,50,0.919,0.2636,11-18:1,,9486043.997,792.2442012448346,5.271128610920781,15029.878034154859,100.0
250,1,50,50,0.919,0.2636,"9,12-18:2",,48679323.673,4065.542170440204,27.049734942634963,15029.878034154859,100.0
250,1,50,50,0.919,0.2636,"12,15-18:2",,589934.52,49.2694533919475,0.32781006791927675,15029.878034154859,100.0
250,1,50,50,0.919,0.2636,20:0,,2756176.968,230.18712765754947,1.5315302435219864,15029.878034154859,100.0
250,1,50,50,0.919,0.2636,"9,12,15-18:3",,49192884.418,4108.433129236294,27.335106245706232,15029.878034154859,100.0
250,1,50,50,0.919,0.2636,22:0,,1369184.497,114.34993117527446,0.7608174258993875,15029.878034154859,100.0
250,1,50,50,0.919,0.2636,23:0,,127110.492,10.615863708435837,0.07063173556240222,15029.878034154859,100.0
250,1,50,50,0.919,0.2636,24:0,,2810890.255,234.75660723939654,1.5619328826615928,15029.878034154859,100.0
250,1,50,50,0.919,0.2636,15-24:1,,714087.021,59.63827510713246,0.3967981308404939,15029.878034154859,100.0
250,1,50,50,0.919,0.2636,di-16:0,,360243.233,30.086368192283416,0.20017706147656836,15029.878034154859,100.0
250,1,50,50,0.919,0.2636,26:0,,239682.215,20.017495705830605,0.13318468493451222,15029.878034154859,100.0
250,1,51,51,0.919,0.21,14:0,,181396.073,45.04972990727075,0.13080690342648604,34439.871847122246,100.0
250,1,51,51,0.919,0.21,15:0,,289409.355,71.87483752962744,0.20869658821228518,34439.871847122246,100.0
250,1,51,51,0.919,0.21,16:0,,24677873.403,6128.751924475073,17.79551315312802,34439.871847122246,100.0
250,1,51,51,0.919,0.21,9-16:1,,9473282.34,2352.690461784792,6.831298537428735,34439.871847122246,100.0
250,1,51,51,0.919,0.21,17:0,0.05008,11854839.975,2944.150499706057,8.548668568730655,34439.871847122246,100.0
250,1,51,51,0.919,0.21,"7,10-16:2",,721681.143,179.22957224834988,0.5204130057276217,34439.871847122246,100.0
250,1,51,51,0.919,0.21,18:0,,2285722.852,567.6594615445539,1.6482624095245777,34439.871847122246,100.0
250,1,51,51,0.919,0.21,11-Me-12-18:1,,7991961.217,1984.8042369430616,5.763099949249403,34439.871847122246,100.0
250,1,51,51,0.919,0.21,9-18:1,,7351299.364,1825.6958121452346,5.30111093400537,34439.871847122246,100.0
250,1,51,51,0.919,0.21,11-18:1,,6799015.677,1688.5361122682607,4.9028524837828416,34439.871847122246,100.0
250,1,51,51,0.919,0.21,"9,12-18:2",,40672524.434,10101.024846323824,29.329449572756914,34439.871847122246,100.0
250,1,51,51,0.919,0.21,"12,15-18:2",,215608.082,53.54628520499826,0.15547759713708842,34439.871847122246,100.0
250,1,51,51,0.919,0.21,20:0,,1097938.659,272.67315782906195,0.7917368538403727,34439.871847122246,100.0
250,1,51,51,0.919,0.21,"9,12,15-18:3",,33471619.754,8312.679566533772,24.136790065403133,34439.871847122246,100.0
250,1,51,51,0.919,0.21,22:0,,878829.479,218.25737464282082,0.6337345725665299,34439.871847122246,100.0
250,1,51,51,0.919,0.21,23:0,,60232.057,14.958636395669584,0.043434065208112875,34439.871847122246,100.0
250,1,51,51,0.919,0.21,24:0,,1773978.211,440.56763713365154,1.2792371559607438,34439.871847122246,100.0
250,1,51,51,0.919,0.21,15-24:1,,395036.753,98.10741066095314,0.2848657831726249,34439.871847122246,100.0
250,1,51,51,0.919,0.21,di-16:0,,180762.346,44.89234375379573,0.13034991521766326,34439.871847122246,100.0
250,1,51,51,0.919,0.21,26:0,,156522.757,38.87243979747772,0.11287045425148946,34439.871847122246,100.0
250,1,52,52,0.919,0.2473,14:0,,286918.306,52.343516646424995,0.1629094536587769,32130.435325172388,100.0
250,1,52,52,0.919,0.2473,15:0,,376540.284,68.69356960306185,0.2137959504994453,32130.435325172388,100.0
250,1,52,52,0.919,0.2473,16:0,,31655643.547,5775.050494532373,17.973769841854416,32130.435325172388,100.0
250,1,52,52,0.919,0.2473,9-16:1,,9166721.979,1672.3173616567235,5.204776545142408,32130.435325172388,100.0
250,1,52,52,0.919,0.2473,17:0,0.05008,13704100.853,2500.0873632764738,7.781056614934177,32130.435325172388,100.0
250,1,52,52,0.919,0.2473,"7,10-16:2",,1156905.619,211.0583649077766,0.6568798796897228,32130.435325172388,100.0
250,1,52,52,0.919,0.2473,18:0,,3507321.259,639.852964644322,1.9914232663478206,32130.435325172388,100.0
250,1,52,52,0.919,0.2473,11-Me-12-18:1,,11318375.712,2064.851126967006,6.426464833326772,32130.435325172388,100.0
250,1,52,52,0.919,0.2473,9-18:1,,3574409.2,652.0920539009967,2.0295151537835507,32130.435325172388,100.0
250,1,52,52,0.919,0.2473,11-18:1,,7618863.74,1389.9361339514314,4.325917529235885,32130.435325172388,100.0
250,1,52,52,0.919,0.2473,"9,12-18:2",,49034349.494,8945.50900138735,27.841231875184235,32130.435325172388,100.0
250,1,52,52,0.919,0.2473,"12,15-18:2",,645895.411,117.83297367414407,0.36673320010024446,32130.435325172388,100.0
250,1,52,52,0.919,0.2473,20:0,,2298530.787,419.32906334549057,1.3050836663173682,32130.435325172388,100.0
250,1,52,52,0.919,0.2473,"9,12,15-18:3",,50211073.825,9160.18296369616,28.50936462886848,32130.435325172388,100.0
250,1,52,52,0.919,0.2473,22:0,,1633130.493,297.93774519960317,0.9272757813093983,32130.435325172388,100.0
250,1,52,52,0.919,0.2473,23:0,,90106.311,16.43841153089914,0.051161496458221246,32130.435325172388,100.0
250,1,52,52,0.919,0.2473,24:0,,2771346.208,505.5864451237028,1.573543713326549,32130.435325172388,100.0
250,1,52,52,0.919,0.2473,15-24:1,,397354.676,72.49081241174207,0.22561416201837015,32130.435325172388,100.0
250,1,52,52,0.919,0.2473,di-16:0,,263578.666,48.08558395508405,0.1496574306212767,32130.435325172388,100.0
250,1,52,52,0.919,0.2473,26:0,,114270.327,20.846738038098298,0.06488159225706491,32130.435325172388,100.0
250,1,53,53,0.919,0.3094,14:0,,400419.312,59.36893869997688,0.16185282078116295,36680.818050275506,100.0
250,1,53,53,0.919,0.3094,15:0,,546907.201,81.08824703925605,0.22106444553148946,36680.818050275506,100.0
250,1,53,53,0.919,0.3094,16:0,,43719717.688,6482.187950513154,17.671874006813397,36680.818050275506,100.0
250,1,53,53,0.919,0.3094,9-16:1,,14606670.766,2165.6861078603483,5.904137974491226,36680.818050275506,100.0
250,1,53,53,0.919,0.3094,17:0,0.05008,13477666.995,1998.2921943706267,5.447785247405674,36680.818050275506,100.0
250,1,53,53,0.919,0.3094,"7,10-16:2",,1620076.401,240.2037405734521,0.6548483740036107,36680.818050275506,100.0
250,1,53,53,0.919,0.3094,18:0,,5504410.444,816.1219912124233,2.2249285446519464,36680.818050275506,100.0
250,1,53,53,0.919,0.3094,11-Me-12-18:1,,14975563.003,2220.380624206129,6.053247288985836,36680.818050275506,100.0
250,1,53,53,0.919,0.3094,9-18:1,,5053330.049,749.2416896961058,2.042598092194071,36680.818050275506,100.0
250,1,53,53,0.919,0.3094,11-18:1,,11117943.111,1648.4231984964536,4.4939652006590745,36680.818050275506,100.0
250,1,53,53,0.919,0.3094,"9,12-18:2",,64007641.739,9490.21599321057,25.872421875114888,36680.818050275506,100.0
250,1,53,53,0.919,0.3094,"12,15-18:2",,1073794.637,159.2082251527792,0.4340367353164398,36680.818050275506,100.0
250,1,53,53,0.919,0.3094,20:0,,4442732.637,658.7102911421007,1.795789532935875,36680.818050275506,100.0
250,1,53,53,0.919,0.3094,"9,12,15-18:3",,70952392.158,10519.89275843175,28.679547833456066,36680.818050275506,100.0
250,1,53,53,0.919,0.3094,22:0,,3072147.247,455.4978147119082,1.2417875034509678,36680.818050275506,100.0
250,1,53,53,0.919,0.3094,23:0,,176811.993,26.21536988664958,0.07146888013980014,36680.818050275506,100.0
250,1,53,53,0.919,0.3094,24:0,,4315384.128,639.8287197548682,1.744314204982848,36680.818050275506,100.0
250,1,53,53,0.919,0.3094,15-24:1,,739557.152,109.65186220143521,0.2989351602004733,36680.818050275506,100.0
250,1,53,53,0.919,0.3094,di-16:0,,860743.136,127.6197349782417,0.3479195442242411,36680.818050275506,100.0
250,1,53,53,0.919,0.3094,26:0,,210935.738,31.27479250790078,0.0852619820665801,36680.818050275506,100.0
250,1,54,54,0.919,0.1933,14:0,,230810.527,62.62728845535545,0.1637848828964717,38237.52677769542,100.0
250,1,54,54,0.919,0.1933,15:0,,241446.581,65.51323664213264,0.17133230667091048,38237.52677769542,100.0
250,1,54,54,0.919,0.1933,16:0,,25094428.7,6809.030962514333,17.807195015777413,38237.52677769542,100.0
250,1,54,54,0.919,0.1933,9-16:1,,8167031.723,2216.012667136103,5.795387029133746,38237.52677769542,100.0
250,1,54,54,0.919,0.1933,17:0,0.05008,11787981.653,3198.508044171091,8.364840285739488,38237.52677769542,100.0
250,1,54,54,0.919,0.1933,"7,10-16:2",,928718.294,251.99504220231518,0.659025474286972,38237.52677769542,100.0
250,1,54,54,0.919,0.1933,18:0,,2419741.989,656.5639856306836,1.7170670829413273,38237.52677769542,100.0
250,1,54,54,0.919,0.1933,11-Me-12-18:1,,6726391.192,1825.114508078508,4.77309769193317,38237.52677769542,100.0
250,1,54,54,0.919,0.1933,9-18:1,,2960968.046,803.4182943654567,2.1011251565415154,38237.52677769542,100.0
250,1,54,54,0.919,0.1933,11-18:1,,7742330.522,2100.7757887836574,5.494015868225752,38237.52677769542,100.0
250,1,54,54,0.919,0.1933,"9,12-18:2",,43255237.194,11736.718650416919,30.694241075401195,38237.52677769542,100.0
250,1,54,54,0.919,0.1933,"12,15-18:2",,515437.327,139.85688858414315,0.3657581971690805,38237.52677769542,100.0
250,1,54,54,0.919,0.1933,20:0,,1864549.678,505.920124360039,1.3230984506433887,38237.52677769542,100.0
250,1,54,54,0.919,0.1933,"9,12,15-18:3",,36461673.753,9893.377868740768,25.873477451244938,38237.52677769542,100.0
250,1,54,54,0.919,0.1933,22:0,,1319114.412,357.92370417290624,0.9360534907338437,38237.52677769542,100.0
250,1,54,54,0.919,0.1933,23:0,,65191.421,17.688802936538146,0.046260321802131604,38237.52677769542,100.0
250,1,54,54,0.919,0.1933,24:0,,2223916.596,603.4294361207545,1.5781079138014358,38237.52677769542,100.0
250,1,54,54,0.919,0.1933,15-24:1,,455010.438,123.46087642191307,0.32287882304649956,38237.52677769542,100.0
250,1,54,54,0.919,0.1933,di-16:0,,91823.403,24.915028016176016,0.06515857618361803,38237.52677769542,100.0
250,1,54,54,0.919,0.1933,26:0,,159151.63,43.183624116719784,0.11293519156659866,38237.52677769542,100.0
250,5,88,25,0.896,0.0939,14:0,,85324.225,25.248230648623863,0.12802257872240896,19721.701359702758,100.0
250,5,88,25,0.896,0.0939,15:0,,119516.311,35.36598646399263,0.17932523071389647,19721.701359702758,100.0
250,5,88,25,0.896,0.0939,16:0,,10443836.215,3090.428135887209,15.670190312291531,19721.701359702758,100.0
250,5,88,25,0.896,0.0939,9-16:1,,3972611.865,1175.532747528381,5.960605153114935,19721.701359702758,100.0
250,5,88,25,0.896,0.0939,17:0,0.05008,17330328.382,5128.20512820513,26.00285358079482,19721.701359702758,100.0
250,5,88,25,0.896,0.0939,"7,10-16:2",,259421.053,76.7650990237869,0.38924176785599546,19721.701359702758,100.0
250,5,88,25,0.896,0.0939,18:0,,1634513.793,483.6678123243549,2.4524649445946416,19721.701359702758,100.0
250,5,88,25,0.896,0.0939,11-Me-12-18:1,,3514834.759,1040.0722501380149,5.273745054588387,19721.701359702758,100.0
250,5,88,25,0.896,0.0939,9-18:1,,2861511.834,846.7479287224544,4.293483170030197,19721.701359702758,100.0
250,5,88,25,0.896,0.0939,11-18:1,,4702927.329,1391.6398763224458,7.056388548535553,19721.701359702758,100.0
250,5,88,25,0.896,0.0939,"9,12-18:2",,19749927.133,5844.186871284193,29.633279424997216,19721.701359702758,100.0
250,5,88,25,0.896,0.0939,"12,15-18:2",,293459.952,86.8375253830912,0.4403145742817393,19721.701359702758,100.0
250,5,88,25,0.896,0.0939,20:0,,1034222.005,306.0358968876918,1.5517722903613846,19721.701359702758,100.0
250,5,88,25,0.896,0.0939,"9,12,15-18:3",,16361334.231,4841.470759136844,24.548950776779304,19721.701359702758,100.0
250,5,88,25,0.896,0.0939,22:0,,534744.496,158.2358629461928,0.8023438752070107,19721.701359702758,100.0
250,5,88,25,0.896,0.0939,23:0,,39319.341,11.634958190594672,0.058995712278497016,19721.701359702758,100.0
250,5,88,25,0.896,0.0939,24:0,,658181.112,194.7619040705466,0.9875512285593295,19721.701359702758,100.0
250,5,88,25,0.896,0.0939,15-24:1,,186323.138,55.13474705922466,0.2795638472240594,19721.701359702758,100.0
250,5,88,25,0.896,0.0939,di-16:0,,115415.667,34.1525678185857,0.17317252297699554,19721.701359702758,100.0
250,5,88,25,0.896,0.0939,26:0,,80369.9,23.782199866530693,0.12058898688692614,19721.701359702758,100.0
250,5,89,26,0.896,0.1591,14:0,,206047.163,34.57280397513322,0.15281837073268312,22623.46065422301,100.0
250,5,89,26,0.896,0.1591,15:0,,315391.868,52.91983189166789,0.23391572447953318,22623.46065422301,100.0
250,5,89,26,0.896,0.1591,16:0,,21043919.173,3530.974568364605,15.607579328079039,22623.46065422301,100.0
250,5,89,26,0.896,0.1591,9-16:1,,9344699.447,1567.9539455132747,6.930654728195142,22623.46065422301,100.0
250,5,89,26,0.896,0.1591,17:0,0.05008,18038184.999,3026.6402359425624,13.378325633738065,22623.46065422301,100.0
250,5,89,26,0.896,0.1591,"7,10-16:2",,598645.01,100.44708347390187,0.44399521810184206,22623.46065422301,100.0
250,5,89,26,0.896,0.1591,18:0,,3755255.809,630.0971150038948,2.785149118582252,22623.46065422301,100.0
250,5,89,26,0.896,0.1591,11-Me-12-18:1,,7319108.291,1228.0785259708491,5.428340715599625,22623.46065422301,100.0
250,5,89,26,0.896,0.1591,9-18:1,,5081727.0,852.6666849867851,3.768948959749984,22623.46065422301,100.0
250,5,89,26,0.896,0.1591,11-18:1,,9939551.858,1667.764666030879,7.371837100967864,22623.46065422301,100.0
250,5,89,26,0.896,0.1591,"9,12-18:2",,36642983.749,6148.353007016016,27.176889959442757,22623.46065422301,100.0
250,5,89,26,0.896,0.1591,"12,15-18:2",,548744.317,92.07420974832526,0.40698552337145744,22623.46065422301,100.0
250,5,89,26,0.896,0.1591,20:0,,2044693.115,343.08055119496845,1.516481304247002,22623.46065422301,100.0
250,5,89,26,0.896,0.1591,"9,12,15-18:3",,34757042.627,5831.909568677828,25.778149761492013,22623.46065422301,100.0
250,5,89,26,0.896,0.1591,22:0,,1214095.008,203.71388815856585,0.9004541403816555,22623.46065422301,100.0
250,5,89,26,0.896,0.1591,23:0,,42340.72,7.104380334156809,0.03140271262093878,22623.46065422301,100.0
250,5,89,26,0.896,0.1591,24:0,,1295375.042,217.35192442977706,0.9607368552131966,22623.46065422301,100.0
250,5,89,26,0.896,0.1591,15-24:1,,357166.983,59.929308949760866,0.2648989465657817,22623.46065422301,100.0
250,5,89,26,0.896,0.1591,di-16:0,,213922.029,35.89413349301861,0.15865889857270102,22623.46065422301,100.0
250,5,89,26,0.896,0.1591,26:0,,110700.138,18.57445700960316,0.08210263360453635,22623.46065422301,100.0
250,5,90,27,0.896,0.1853,14:0,,216861.116,30.137448650932136,0.1462825872402723,20602.211937522497,100.0
250,5,90,27,0.896,0.1853,15:0,,258269.693,35.89204812023335,0.17421453691029992,20602.211937522497,100.0
250,5,90,27,0.896,0.1853,16:0,,25520258.073,3546.580785988271,17.214563158283685,20602.211937522497,100.0
250,5,90,27,0.896,0.1853,9-16:1,,11480062.276,1595.3979843599673,7.743818912251325,20602.211937522497,100.0
250,5,90,27,0.896,0.1853,17:0,0.05008,18699533.254,2598.696500477397,12.613677154463353,20602.211937522497,100.0
250,5,90,27,0.896,0.1853,"7,10-16:2",,862854.448,119.91191459066543,0.5820341764967074,20602.211937522497,100.0
250,5,90,27,0.896,0.1853,18:0,,3745507.962,520.5177210119699,2.526513767504541,20602.211937522497,100.0
250,5,90,27,0.896,0.1853,11-Me-12-18:1,,8046157.83,1118.1841766364444,5.427495746706267,20602.211937522497,100.0
250,5,90,27,0.896,0.1853,9-18:1,,4959128.994,689.1760872890819,3.345155798702837,20602.211937522497,100.0
250,5,90,27,0.896,0.1853,11-18:1,,12262890.983,1704.1886260150995,8.27187212316405,20602.211937522497,100.0
250,5,90,27,0.896,0.1853,"9,12-18:2",,32319862.679,4491.529970239295,21.801202627466125,20602.211937522497,100.0
250,5,90,27,0.896,0.1853,"12,15-18:2",,577419.507,80.24467946692226,0.38949545665421414,20602.211937522497,100.0
250,5,90,27,0.896,0.1853,20:0,,2393001.053,332.5582183041704,1.6141869587240152,20602.211937522497,100.0
250,5,90,27,0.896,0.1853,"9,12,15-18:3",,42441761.506,5898.182355762584,28.628879140012696,20602.211937522497,100.0
250,5,90,27,0.896,0.1853,22:0,,1037039.059,144.11855830172652,0.6995295395405848,20602.211937522497,100.0
250,5,90,27,0.896,0.1853,23:0,,97672.134,13.573613275382952,0.06588425221789673,20602.211937522497,100.0
250,5,90,27,0.896,0.1853,24:0,,1436526.132,199.63575461297611,0.9690015577860478,20602.211937522497,100.0
250,5,90,27,0.896,0.1853,15-24:1,,391505.482,54.40798506419858,0.2640880757328107,20602.211937522497,100.0
250,5,90,27,0.896,0.1853,di-16:0,,132262.995,18.380746598348193,0.08921734546799617,20602.211937522497,100.0
250,5,90,27,0.896,0.1853,26:0,,69030.587,9.593263234226846,0.04656423913761794,20602.211937522497,100.0
250,5,85,61,0.896,0.2432,14:0,,220824.45,35.198630248035776,0.20144192124389354,17473.339228838784,100.0
250,5,85,61,0.896,0.2432,15:0,,246087.465,39.22546479437148,0.22448751369533315,17473.339228838784,100.0
250,5,85,61,0.896,0.2432,16:0,,17039861.529,2716.0931927465485,15.5442137142498,17473.339228838784,100.0
250,5,85,61,0.896,0.2432,9-16:1,,7629805.335,1216.1637755744698,6.960110827398454,17473.339228838784,100.0
250,5,85,61,0.896,0.2432,17:0,0.05008,12421922.188,1980.0101214574904,11.331606944307431,17473.339228838784,100.0
250,5,85,61,0.896,0.2432,"7,10-16:2",,505973.679,80.65040099662579,0.4615626122768609,17473.339228838784,100.0
250,5,85,61,0.896,0.2432,18:0,,2755640.938,439.23934361893566,2.513768764324081,17473.339228838784,100.0
250,5,85,61,0.896,0.2432,11-Me-12-18:1,,7628040.514,1215.8824693974004,6.9585009108657,17473.339228838784,100.0
250,5,85,61,0.896,0.2432,9-18:1,,5253014.236,837.3117459621528,4.7919389362064,17473.339228838784,100.0
250,5,85,61,0.896,0.2432,11-18:1,,7395206.87,1178.769616429992,6.746103884279302,17473.339228838784,100.0
250,5,85,61,0.896,0.2432,"9,12-18:2",,31452439.181,5013.406699896014,28.691749380231013,17473.339228838784,100.0
250,5,85,61,0.896,0.2432,"12,15-18:2",,696341.045,110.99428061288432,0.6352207735410663,17473.339228838784,100.0
250,5,85,61,0.896,0.2432,20:0,,1279846.444,204.00296143212137,1.1675098775363195,17473.339228838784,100.0
250,5,85,61,0.896,0.2432,"9,12,15-18:3",,25100582.85,4000.943440580688,22.89741753526625,17473.339228838784,100.0
250,5,85,61,0.896,0.2432,22:0,,596339.664,95.05441691521881,0.5439968609911534,17473.339228838784,100.0
250,5,85,61,0.896,0.2432,23:0,,59256.273,9.445238709769983,0.054055144160316745,17473.339228838784,100.0
250,5,85,61,0.896,0.2432,24:0,,1260903.417,200.9835104467275,1.1502295457929146,17473.339228838784,100.0
250,5,85,61,0.896,0.2432,15-24:1,,322245.516,51.36478667453489,0.2939609081117142,17473.339228838784,100.0
250,5,85,61,0.896,0.2432,di-16:0,,99762.787,15.901832664483258,0.09100626077377448,17473.339228838784,100.0
250,5,85,61,0.896,0.2432,26:0,,79722.116,12.707421137808863,0.07272462905565277,17473.339228838784,100.0
250,5,86,62,0.896,0.1948,14:0,,233454.457,45.86120429349344,0.19626270032059248,23367.25430689569,100.0
250,5,86,62,0.896,0.1948,15:0,,180127.263,35.38528804901258,0.1514310906376808,23367.25430689569,100.0
250,5,86,62,0.896,0.1948,16:0,,17920173.969,3520.3472657078123,15.065301295021879,23367.25430689569,100.0
250,5,86,62,0.896,0.1948,9-16:1,,8990401.511,1766.1288016296178,7.558135750285527,23367.25430689569,100.0
250,5,86,62,0.896,0.1948,17:0,0.05008,12583421.47,2471.963354920234,10.578749742928744,23367.25430689569,100.0
250,5,86,62,0.896,0.1948,"7,10-16:2",,503067.001,98.8255216998323,0.422923123110227,23367.25430689569,100.0
250,5,86,62,0.896,0.1948,18:0,,2767057.439,543.5774845875387,2.326236011507474,23367.25430689569,100.0
250,5,86,62,0.896,0.1948,11-Me-12-18:1,,8974407.87,1762.9869141423383,7.544690064943059,23367.25430689569,100.0
250,5,86,62,0.896,0.1948,9-18:1,,5576103.953,1095.403556807182,4.687771795610269,23367.25430689569,100.0
250,5,86,62,0.896,0.1948,11-18:1,,7239998.848,1422.269124863121,6.086590688763158,23367.25430689569,100.0
250,5,86,62,0.896,0.1948,"9,12-18:2",,35143858.328,6903.871903555042,29.545071119107497,23367.25430689569,100.0
250,5,86,62,0.896,0.1948,"12,15-18:2",,872240.515,171.34819769783587,0.7332834035502019,23367.25430689569,100.0
250,5,86,62,0.896,0.1948,20:0,,1600163.026,314.34569457922424,1.34524018291041,23367.25430689569,100.0
250,5,86,62,0.896,0.1948,"9,12,15-18:3",,25268574.12,4963.911397599067,21.24302381617088,23367.25430689569,100.0
250,5,86,62,0.896,0.1948,22:0,,1410724.064,277.1311601082489,1.1859808451113887,23367.25430689569,100.0
250,5,86,62,0.896,0.1948,23:0,,72046.012,14.153153969827528,0.06056832259342906,23367.25430689569,100.0
250,5,86,62,0.896,0.1948,24:0,,1599835.22,314.28129838765943,1.3449645998627868,23367.25430689569,100.0
250,5,86,62,0.896,0.1948,15-24:1,,365270.314,71.75590780304742,0.3070789013575814,23367.25430689569,100.0
250,5,86,62,0.896,0.1948,di-16:0,,116362.501,22.858952872606046,0.09782472759694474,23367.25430689569,100.0
250,5,86,62,0.896,0.1948,26:0,,116120.835,22.811478543183448,0.09762156153901132,23367.25430689569,100.0
250,5,87,63,0.896,0.2262,14:0,,262367.654,41.07074916472852,0.17650941912202722,23268.30452959275,100.0
250,5,87,63,0.896,0.2262,15:0,,81195.859,12.710312065387699,0.054625003077566986,23268.30452959275,100.0
250,5,87,63,0.896,0.2262,16:0,,24405567.613,3820.4211928363147,16.41899257411507,23268.30452959275,100.0
250,5,87,63,0.896,0.2262,9-16:1,,15332360.692,2400.111181709448,10.31493798208191,23268.30452959275,100.0
250,5,87,63,0.896,0.2262,17:0,0.05008,13599284.127,2128.817248180643,9.149000286949152,23268.30452959275,100.0
250,5,87,63,0.896,0.2262,"7,10-16:2",,1037360.6,162.3873078347237,0.6978905903014923,23268.30452959275,100.0
250,5,87,63,0.896,0.2262,18:0,,4128941.708,646.3400751567258,2.7777703972144043,23268.30452959275,100.0
250,5,87,63,0.896,0.2262,11-Me-12-18:1,,11620210.962,1819.0152725973257,7.817566897854086,23268.30452959275,100.0
250,5,87,63,0.896,0.2262,9-18:1,,4447302.098,696.1758667351918,2.991949266650656,23268.30452959275,100.0
250,5,87,63,0.896,0.2262,11-18:1,,9793786.333,1533.1087339584533,6.588828730553348,23268.30452959275,100.0
250,5,87,63,0.896,0.2262,"9,12-18:2",,40670590.206,6366.530261127734,27.36138446628437,23268.30452959275,100.0
250,5,87,63,0.896,0.2262,"12,15-18:2",,966846.394,151.34909019233098,0.65045173360115,23268.30452959275,100.0
250,5,87,63,0.896,0.2262,20:0,,1505138.119,235.61269539621037,1.0125907330143324,23268.30452959275,100.0
250,5,87,63,0.896,0.2262,"9,12,15-18:3",,30772554.135,4817.102385786529,20.70242109673317,23268.30452959275,100.0
250,5,87,63,0.896,0.2262,22:0,,914101.419,143.09244877751362,0.6149672340566452,23268.30452959275,100.0
250,5,87,63,0.896,0.2262,23:0,,120507.467,18.86410871987216,0.08107212408141164,23268.30452959275,100.0
250,5,87,63,0.896,0.2262,24:0,,1858013.081,290.8513607951666,1.2499894885992244,23268.30452959275,100.0
250,5,87,63,0.896,0.2262,15-24:1,,282078.143,44.15620782280358,0.18976976928699502,23268.30452959275,100.0
250,5,87,63,0.896,0.2262,di-16:0,,340592.841,53.31603544396241,0.22913588472316407,23268.30452959275,100.0
250,5,87,63,0.896,0.2262,26:0,,102781.107,16.089243472330335,0.06914660864897978,23268.30452959275,100.0
500,1,55,55,0.913,0.2265,14:0,,202763.135,45.35708931362845,0.13617637428744073,33307.605339740374,100.0
500,1,55,55,0.913,0.2265,15:0,,355791.861,79.58884250058117,0.2389509593642902,33307.605339740374,100.0
500,1,55,55,0.913,0.2265,16:0,,26342788.56,5892.7487656271915,17.69190161082029,33307.605339740374,100.0
500,1,55,55,0.913,0.2265,9-16:1,,8837119.752,1976.8190596712468,5.935038077662822,33307.605339740374,100.0
500,1,55,55,0.913,0.2265,17:0,0.05008,11361107.827,2541.4224455101375,7.630156595130195,33307.605339740374,100.0
500,1,55,55,0.913,0.2265,"7,10-16:2",,958258.876,214.35767120245603,0.6435697463566947,33307.605339740374,100.0
500,1,55,55,0.913,0.2265,18:0,,2139326.159,478.5564578331494,1.436778336214307,33307.605339740374,100.0
500,1,55,55,0.913,0.2265,11-Me-12-18:1,,7459331.953,1668.614887081044,5.009711355893141,33307.605339740374,100.0
500,1,55,55,0.913,0.2265,9-18:1,,5550103.031,1241.530019137389,3.727467064875059,33307.605339740374,100.0
500,1,55,55,0.913,0.2265,11-18:1,,8785480.535,1965.267627614552,5.900357013266661,33307.605339740374,100.0
500,1,55,55,0.913,0.2265,"9,12-18:2",,42135412.25,9425.478929835072,28.29827852736453,33307.605339740374,100.0
500,1,55,55,0.913,0.2265,"12,15-18:2",,194055.045,43.40913355785897,0.13032799300664866,33307.605339740374,100.0
500,1,55,55,0.913,0.2265,20:0,,1438586.528,321.804541224314,0.9661593439152429,33307.605339740374,100.0
500,1,55,55,0.913,0.2265,"9,12,15-18:3",,40414859.347,9040.599934498008,27.14274965817305,33307.605339740374,100.0
500,1,55,55,0.913,0.2265,22:0,,1204335.036,269.4036654709641,0.8088352876858724,33307.605339740374,100.0
500,1,55,55,0.913,0.2265,23:0,,63108.593,14.117073545733186,0.04238393424486044,33307.605339740374,100.0
500,1,55,55,0.913,0.2265,24:0,,2228390.266,498.47964878123554,1.4965940772286126,33307.605339740374,100.0
500,1,55,55,0.913,0.2265,15-24:1,,391170.25,87.50280945342638,0.2627111993218677,33307.605339740374,100.0
500,1,55,55,0.913,0.2265,di-16:0,,128244.038,28.687543647943496,0.08612910881862608,33307.605339740374,100.0
500,1,55,55,0.913,0.2265,26:0,,68314.639,15.281639744578248,0.04588033149998098,33307.605339740374,100.0
500,1,56,56,0.913,0.221,14:0,,211892.767,46.20944799860686,0.13788439464118937,33513.18190782628,100.0
500,1,56,56,0.913,0.221,15:0,,313259.595,68.31546527124802,0.20384655046823355,33513.18190782628,100.0
500,1,56,56,0.913,0.221,16:0,,27226820.765,5937.608801472951,17.717233826986604,33513.18190782628,100.0
500,1,56,56,0.913,0.221,9-16:1,,8634826.795,1883.0778672144559,5.618916975396788,33513.18190782628,100.0
500,1,56,56,0.913,0.221,17:0,0.05008,11943679.627,2604.670515421023,7.772077633764638,33513.18190782628,100.0
500,1,56,56,0.913,0.221,"7,10-16:2",,1309129.753,285.4942341881946,0.8518863860000222,33513.18190782628,100.0
500,1,56,56,0.913,0.221,18:0,,3114601.12,679.2303509399295,2.0267557786905037,33513.18190782628,100.0
500,1,56,56,0.913,0.221,11-Me-12-18:1,,8793898.655,1917.7681633806847,5.722429367212164,33513.18190782628,100.0
500,1,56,56,0.913,0.221,9-18:1,,3442097.999,750.6506745975868,2.239866917627086,33513.18190782628,100.0
500,1,56,56,0.913,0.221,11-18:1,,7281294.885,1587.9004371627734,4.738136896490732,33513.18190782628,100.0
500,1,56,56,0.913,0.221,"9,12-18:2",,44676230.549,9742.965659265694,29.07204002909206,33513.18190782628,100.0
500,1,56,56,0.913,0.221,"12,15-18:2",,436977.825,95.29586293467881,0.2843533723439866,33513.18190782628,100.0
500,1,56,56,0.913,0.221,20:0,,2219350.799,483.9946959447516,1.444192011596861,33513.18190782628,100.0
500,1,56,56,0.913,0.221,"9,12,15-18:3",,41301398.978,9006.984407087411,26.875945208246627,33513.18190782628,100.0
500,1,56,56,0.913,0.221,22:0,,1451553.649,316.55395231425496,0.9445654942132804,33513.18190782628,100.0
500,1,56,56,0.913,0.221,23:0,,118674.15,25.88038771141193,0.07722450163816921,33513.18190782628,100.0
500,1,56,56,0.913,0.221,24:0,,2302305.089,502.0853179338277,1.4981726274596938,33513.18190782628,100.0
500,1,56,56,0.913,0.221,15-24:1,,440397.323,96.0415850150004,0.2865785328267262,33513.18190782628,100.0
500,1,56,56,0.913,0.221,di-16:0,,294816.163,64.29333264262533,0.1918449069367866,33513.18190782628,100.0
500,1,56,56,0.913,0.221,26:0,,104692.44,22.831264750189746,0.06812622213248572,33513.18190782628,100.0
500,1,57,57,0.913,0.2758,14:0,,201715.884,36.10666298251258,0.10600984270134049,34059.726967273404,100.0
500,1,57,57,0.913,0.2758,15:0,,350267.687,62.69708204125959,0.18407981397356077,34059.726967273404,100.0
500,1,57,57,0.913,0.2758,16:0,,35459063.455,6347.087936045796,18.635169747967893,34059.726967273404,100.0
500,1,57,57,0.913,0.2758,9-16:1,,10661542.347,1908.3906966737195,5.603071036087324,34059.726967273404,100.0
500,1,57,57,0.913,0.2758,17:0,0.05008,11660134.264,2087.1362723279412,6.1278714134537395,34059.726967273404,100.0
500,1,57,57,0.913,0.2758,"7,10-16:2",,1420091.799,254.19305100793648,0.7463155862998555,34059.726967273404,100.0
500,1,57,57,0.913,0.2758,18:0,,3207236.592,574.087714046982,1.6855323432234184,34059.726967273404,100.0
500,1,57,57,0.913,0.2758,11-Me-12-18:1,,9587985.184,1716.2265204658445,5.038873394713047,34059.726967273404,100.0
500,1,57,57,0.913,0.2758,9-18:1,,3706971.67,663.539103219119,1.9481633069363316,34059.726967273404,100.0
500,1,57,57,0.913,0.2758,11-18:1,,8876555.26,1588.8822578715185,4.664988240798907,34059.726967273404,100.0
500,1,57,57,0.913,0.2758,"9,12-18:2",,55934999.983,10012.231824604492,29.396101249504543,34059.726967273404,100.0
500,1,57,57,0.913,0.2758,"12,15-18:2",,404268.247,72.36305371450148,0.2124592888957453,34059.726967273404,100.0
500,1,57,57,0.913,0.2758,20:0,,2162949.648,387.1628373523635,1.1367173839190563,34059.726967273404,100.0
500,1,57,57,0.913,0.2758,"9,12,15-18:3",,53656091.357,9604.312606270043,28.198442740009146,34059.726967273404,100.0
500,1,57,57,0.913,0.2758,22:0,,1368250.881,244.91365011092992,0.719071090458997,34059.726967273404,100.0
500,1,57,57,0.913,0.2758,23:0,,162373.072,29.064393303500335,0.08533360626004759,34059.726967273404,100.0
500,1,57,57,0.913,0.2758,24:0,,2359213.434,422.29358777345556,1.239861928955626,34059.726967273404,100.0
500,1,57,57,0.913,0.2758,15-24:1,,502983.456,90.0328411002648,0.2643381175274061,34059.726967273404,100.0
500,1,57,57,0.913,0.2758,di-16:0,,187402.305,33.54456641987119,0.09848747892812762,34059.726967273404,100.0
500,1,57,57,0.913,0.2758,26:0,,70372.904,12.59658226929076,0.036983802839624345,34059.726967273404,100.0
500,1,58,58,0.913,0.2414,14:0,,236801.143,47.046509849718966,0.14984479198442574,31396.826827727713,100.0
500,1,58,58,0.913,0.2414,15:0,,314041.109,62.39217404362431,0.19872127328652028,31396.826827727713,100.0
500,1,58,58,0.913,0.2414,16:0,,26940182.16,5352.345555796845,17.047409233948407,31396.826827727713,100.0
500,1,58,58,0.913,0.2414,9-16:1,,11257068.123,2236.5000422640564,7.123331458097923,31396.826827727713,100.0
500,1,58,58,0.913,0.2414,17:0,0.05008,12002291.917,2384.5575141178388,7.594899724108255,31396.826827727713,100.0
500,1,58,58,0.913,0.2414,"7,10-16:2",,918363.311,182.455996661224,0.5811287798679396,31396.826827727713,100.0
500,1,58,58,0.913,0.2414,18:0,,2537318.894,504.10228948282156,1.6055835586468565,31396.826827727713,100.0
500,1,58,58,0.913,0.2414,11-Me-12-18:1,,13683939.064,2718.659064738679,8.659024937952422,31396.826827727713,100.0
500,1,58,58,0.913,0.2414,9-18:1,,6794298.98,1349.8585768418588,4.2993471418256455,31396.826827727713,100.0
500,1,58,58,0.913,0.2414,11-18:1,,9927637.291,1972.3751316329956,6.282084308886645,31396.826827727713,100.0
500,1,58,58,0.913,0.2414,"9,12-18:2",,36457129.677,7243.126822413446,23.069614207053462,31396.826827727713,100.0
500,1,58,58,0.913,0.2414,"12,15-18:2",,218717.948,43.453827817428746,0.138401973090647,31396.826827727713,100.0
500,1,58,58,0.913,0.2414,20:0,,1505110.066,299.0280141721283,0.9524147641189187,31396.826827727713,100.0
500,1,58,58,0.913,0.2414,"9,12,15-18:3",,40819555.249,8109.832510746056,25.83010237067639,31396.826827727713,100.0
500,1,58,58,0.913,0.2414,22:0,,1846637.293,366.8809976731526,1.168528907988709,31396.826827727713,100.0
500,1,58,58,0.913,0.2414,23:0,,55830.368,11.092108444871126,0.03532875632857034,31396.826827727713,100.0
500,1,58,58,0.913,0.2414,24:0,,3768501.253,748.7076669978013,2.3846603069345518,31396.826827727713,100.0
500,1,58,58,0.913,0.2414,15-24:1,,461724.896,91.73327709623624,0.29217372061059094,31396.826827727713,100.0
500,1,58,58,0.913,0.2414,di-16:0,,160880.794,31.963020801599797,0.10180334776179374,31396.826827727713,100.0
500,1,58,58,0.913,0.2414,26:0,,127208.845,25.273240253168346,0.08049616093957815,31396.826827727713,100.0
500,1,59,59,0.913,0.2304,14:0,,179080.12,35.750810173774916,0.11943345326518326,29933.66531435363,100.0
500,1,59,59,0.913,0.2304,15:0,,281615.903,56.220627337468905,0.1878173846973237,29933.66531435363,100.0
500,1,59,59,0.913,0.2304,16:0,,26221954.008,5234.841813404328,17.48814172414143,29933.66531435363,100.0
500,1,59,59,0.913,0.2304,9-16:1,,11105185.545,2216.993044028808,7.40635341762082,29933.66531435363,100.0
500,1,59,59,0.913,0.2304,17:0,0.05008,12514804.84,2498.403575989784,8.346467262703584,29933.66531435363,100.0
500,1,59,59,0.913,0.2304,"7,10-16:2",,1017945.253,203.2183556013827,0.6788956630177078,29933.66531435363,100.0
500,1,59,59,0.913,0.2304,18:0,,2674001.374,533.8265103144186,1.7833649996027747,29933.66531435363,100.0
500,1,59,59,0.913,0.2304,11-Me-12-18:1,,9967113.524,1989.7930801977843,6.64734191186286,29933.66531435363,100.0
500,1,59,59,0.913,0.2304,9-18:1,,6986924.96,1394.840633027105,4.659772261027648,29933.66531435363,100.0
500,1,59,59,0.913,0.2304,11-18:1,,9654180.272,1927.320387587828,6.438638126496489,29933.66531435363,100.0
500,1,59,59,0.913,0.2304,"9,12-18:2",,40473997.72,8080.060530792133,26.99322133102633,29933.66531435363,100.0
500,1,59,59,0.913,0.2304,"12,15-18:2",,292170.702,58.32774350129183,0.1948566702031068,29933.66531435363,100.0
500,1,59,59,0.913,0.2304,20:0,,1879317.318,375.179091303411,1.2533683642260378,29933.66531435363,100.0
500,1,59,59,0.913,0.2304,"9,12,15-18:3",,33518580.32,6691.509935970268,22.35446232761075,29933.66531435363,100.0
500,1,59,59,0.913,0.2304,22:0,,2113622.518,421.9548067090539,1.4096329409640336,29933.66531435363,100.0
500,1,59,59,0.913,0.2304,23:0,,63257.291,12.628422421473923,0.04218802571905021,29933.66531435363,100.0
500,1,59,59,0.913,0.2304,24:0,,2571943.552,513.4521112964209,1.7152998334962108,29933.66531435363,100.0
500,1,59,59,0.913,0.2304,15-24:1,,639342.278,127.63563268132071,0.42639493473630025,29933.66531435363,100.0
500,1,59,59,0.913,0.2304,di-16:0,,99141.722,19.792240945132068,0.06612033888025533,29933.66531435363,100.0
500,1,59,59,0.913,0.2304,26:0,,201965.424,40.319537060227375,0.13469629140569553,29933.66531435363,100.0
500,1,60,60,0.913,0.284,14:0,,323430.605,55.315224053405444,0.1724367058227133,32078.56690922667,100.0
500,1,60,60,0.913,0.284,15:0,,247154.839,42.27004211666472,0.13177035693731912,32078.56690922667,100.0
500,1,60,60,0.913,0.284,16:0,,32513988.901,5560.755701918663,17.334800889497462,32078.56690922667,100.0
500,1,60,60,0.913,0.284,9-16:1,,13366173.026,2285.9706046364236,7.126161873456124,32078.56690922667,100.0
500,1,60,60,0.913,0.284,17:0,0.05008,11851222.855,2026.8738870001628,6.318467694444226,32078.56690922667,100.0
500,1,60,60,0.913,0.284,"7,10-16:2",,1430671.141,244.6827649818613,0.7627608978737884,32078.56690922667,100.0
500,1,60,60,0.913,0.284,18:0,,4541711.006,776.7532138237426,2.421408711996817,32078.56690922667,100.0
500,1,60,60,0.913,0.284,11-Me-12-18:1,,12146498.773,2077.3739117635737,6.475893756856278,32078.56690922667,100.0
500,1,60,60,0.913,0.284,9-18:1,,8013919.384,1370.5930713387156,4.272613160111264,32078.56690922667,100.0
500,1,60,60,0.913,0.284,11-18:1,,11190238.763,1913.8280509553124,5.966064682287422,32078.56690922667,100.0
500,1,60,60,0.913,0.284,"9,12-18:2",,45323757.162,7751.566313145194,24.164316115118073,32078.56690922667,100.0
500,1,60,60,0.913,0.284,"12,15-18:2",,479621.948,82.0280922844354,0.25570996521307154,32078.56690922667,100.0
500,1,60,60,0.913,0.284,20:0,,3213704.527,549.6288329066705,1.7133833767012274,32078.56690922667,100.0
500,1,60,60,0.913,0.284,"9,12,15-18:3",,48948548.449,8371.50190083405,26.096869989619698,32078.56690922667,100.0
500,1,60,60,0.913,0.284,22:0,,1658632.566,283.67022351074286,0.8842983052000106,32078.56690922667,100.0
500,1,60,60,0.913,0.284,23:0,,122821.201,21.005687609010735,0.0654820013264649,32078.56690922667,100.0
500,1,60,60,0.913,0.284,24:0,,2955832.053,505.5257905352908,1.575898923308472,32078.56690922667,100.0
500,1,60,60,0.913,0.284,15-24:1,,679220.449,116.16473746536647,0.36212570777890435,32078.56690922667,100.0
500,1,60,60,0.913,0.284,di-16:0,,254605.01,43.54421924069163,0.13574240820641875,32078.56690922667,100.0
500,1,60,60,0.913,0.284,26:0,,154294.9,26.38852610685308,0.08226217268846578,32078.56690922667,100.0
500,5,91,28,0.89,0.1598,14:0,,160093.728,22.66930797354895,0.11419770493978426,19850.93131731705,100.0
500,5,91,28,0.89,0.1598,15:0,,348344.256,49.32562517427777,0.24848015635038917,19850.93131731705,100.0
500,5,91,28,0.89,0.1598,16:0,,19676804.805,2786.2399959850572,14.035815002565993,19850.93131731705,100.0
500,5,91,28,0.89,0.1598,9-16:1,,12529910.933,1774.2382126382558,8.937808429625118,19850.93131731705,100.0
500,5,91,28,0.89,0.1598,17:0,0.05008,20120136.156,2849.0158152235754,14.35205114400967,19850.93131731705,100.0
500,5,91,28,0.89,0.1598,"7,10-16:2",,623419.946,88.2764048865628,0.44469654080942034,19850.93131731705,100.0
500,5,91,28,0.89,0.1598,18:0,,2176738.668,308.2266860749518,1.552706425446492,19850.93131731705,100.0
500,5,91,28,0.89,0.1598,11-Me-12-18:1,,8866749.396,1255.533713239554,6.324810121851983,19850.93131731705,100.0
500,5,91,28,0.89,0.1598,9-18:1,,11621600.098,1645.62119364844,8.289894148255277,19850.93131731705,100.0
500,5,91,28,0.89,0.1598,11-18:1,,13452884.438,1904.931469005369,9.596181854418052,19850.93131731705,100.0
500,5,91,28,0.89,0.1598,"9,12-18:2",,43447038.477,6152.110442288808,30.99154565570426,19850.93131731705,100.0
500,5,91,28,0.89,0.1598,"12,15-18:2",,689269.699,97.6007447553872,0.4916683413752218,19850.93131731705,100.0
500,5,91,28,0.89,0.1598,20:0,,1086838.92,153.89663607008598,0.7752615411843854,19850.93131731705,100.0
500,5,91,28,0.89,0.1598,"9,12,15-18:3",,23295146.046,3298.59793136665,16.616842195656094,19850.93131731705,100.0
500,5,91,28,0.89,0.1598,22:0,,536782.421,76.0085118165042,0.38289645257196486,19850.93131731705,100.0
500,5,91,28,0.89,0.1598,23:0,,87479.993,12.387186728769954,0.062401035652991946,19850.93131731705,100.0
500,5,91,28,0.89,0.1598,24:0,,1135412.267,160.77463295481752,0.8099097739286674,19850.93131731705,100.0
500,5,91,28,0.89,0.1598,15-24:1,,258371.036,36.58539694027803,0.1843006575130437,19850.93131731705,100.0
500,5,91,28,0.89,0.1598,di-16:0,,151586.782,21.464722502290826,0.10812954898275215,19850.93131731705,100.0
500,5,91,28,0.89,0.1598,26:0,,45497.832,6.442503267440875,0.032454413168115336,19850.93131731705,100.0
500,5,92,29,0.89,0.1476,14:0,,215436.275,33.20491186173221,0.13573003043109,24463.939009127615,100.0
500,5,92,29,0.89,0.1476,15:0,,252514.966,38.91980210759912,0.15909049680461496,24463.939009127615,100.0
500,5,92,29,0.89,0.1476,16:0,,24636429.758,3797.1807612350644,15.521542789238959,24463.939009127615,100.0
500,5,92,29,0.89,0.1476,9-16:1,,11624651.235,1791.6923214604942,7.3238096317686425,24463.939009127615,100.0
500,5,92,29,0.89,0.1476,17:0,0.05008,20012519.913,3084.50357230845,12.608368469025397,24463.939009127615,100.0
500,5,92,29,0.89,0.1476,"7,10-16:2",,452456.351,69.73650679875509,0.28505837417570434,24463.939009127615,100.0
500,5,92,29,0.89,0.1476,18:0,,2691200.689,414.7912494331699,1.6955211067130656,24463.939009127615,100.0
500,5,92,29,0.89,0.1476,11-Me-12-18:1,,9718269.091,1497.8641299625674,6.12274306849648,24463.939009127615,100.0
500,5,92,29,0.89,0.1476,9-18:1,,12301442.421,1896.0052635586958,7.750204343018052,24463.939009127615,100.0
500,5,92,29,0.89,0.1476,11-18:1,,10627784.032,1638.0464806499506,6.695759338014976,24463.939009127615,100.0
500,5,92,29,0.89,0.1476,"9,12-18:2",,56964899.879,8779.925663375838,35.889255855731186,24463.939009127615,100.0
500,5,92,29,0.89,0.1476,"12,15-18:2",,408674.749,62.98850562961383,0.2574749127935306,24463.939009127615,100.0
500,5,92,29,0.89,0.1476,20:0,,1288613.548,198.61232415559556,0.8118575021033707,24463.939009127615,100.0
500,5,92,29,0.89,0.1476,"9,12,15-18:3",,24368106.287,3755.824414886293,15.352492554387814,24463.939009127615,100.0
500,5,92,29,0.89,0.1476,22:0,,796791.477,122.80843031640991,0.5019977783242081,24463.939009127615,100.0
500,5,92,29,0.89,0.1476,23:0,,56270.642,8.672920602684421,0.035451856708147086,24463.939009127615,100.0
500,5,92,29,0.89,0.1476,24:0,,1748918.179,269.5584761065711,1.101860481282256,24463.939009127615,100.0
500,5,92,29,0.89,0.1476,15-24:1,,243337.665,37.50531668338918,0.153308576633533,24463.939009127615,100.0
500,5,92,29,0.89,0.1476,di-16:0,,180976.844,27.893724740805418,0.11401976080139072,24463.939009127615,100.0
500,5,92,29,0.89,0.1476,26:0,,147330.162,22.70780556238604,0.09282154257298322,24463.939009127615,100.0
500,5,93,30,0.89,0.1541,14:0,,187921.61,30.09477418385766,0.1258579124597358,23911.70614202386,100.0
500,5,93,30,0.89,0.1541,15:0,,326309.457,52.25694598121105,0.21854126874439783,23911.70614202386,100.0
500,5,93,30,0.89,0.1541,16:0,,23015468.704,3685.820557744919,15.41429346719529,23911.70614202386,100.0
500,5,93,30,0.89,0.1541,9-16:1,,10943468.111,1752.5456576749862,7.329237183100698,23911.70614202386,100.0
500,5,93,30,0.89,0.1541,17:0,0.05008,18448226.919,2954.3979706212026,12.355446127823424,23911.70614202386,100.0
500,5,93,30,0.89,0.1541,"7,10-16:2",,479174.819,76.73762465315122,0.3209207414868985,23911.70614202386,100.0
500,5,93,30,0.89,0.1541,18:0,,2643258.915,423.30565471631286,1.770286286566437,23911.70614202386,100.0
500,5,93,30,0.89,0.1541,11-Me-12-18:1,,9496770.197,1520.863697127246,6.360331162042801,23911.70614202386,100.0
500,5,93,30,0.89,0.1541,9-18:1,,11608473.534,1859.0431916000402,7.774615414551481,23911.70614202386,100.0
500,5,93,30,0.89,0.1541,11-18:1,,10265149.815,1643.9161288895577,6.87494283814588,23911.70614202386,100.0
500,5,93,30,0.89,0.1541,"9,12-18:2",,53070343.3,8498.969317436686,35.54313216696858,23911.70614202386,100.0
500,5,93,30,0.89,0.1541,"12,15-18:2",,397966.089,63.7324232231088,0.26653231201725763,23911.70614202386,100.0
500,5,93,30,0.89,0.1541,20:0,,1382034.879,221.32647542621652,0.9255988431425398,23911.70614202386,100.0
500,5,93,30,0.89,0.1541,"9,12,15-18:3",,22580094.459,3616.097391852808,15.122707557440506,23911.70614202386,100.0
500,5,93,30,0.89,0.1541,22:0,,666019.571,106.65994502321874,0.446057443118909,23911.70614202386,100.0
500,5,93,30,0.89,0.1541,23:0,,90546.402,14.500586288882886,0.06064220680346473,23911.70614202386,100.0
500,5,93,30,0.89,0.1541,24:0,,1599106.826,256.08954086938354,1.0709797926937403,23911.70614202386,100.0
500,5,93,30,0.89,0.1541,15-24:1,,275545.683,44.12736303835321,0.1845429296272638,23911.70614202386,100.0
500,5,93,30,0.89,0.1541,di-16:0,,137423.584,22.007749550551395,0.09203755440885776,23911.70614202386,100.0
500,5,93,30,0.89,0.1541,26:0,,147435.533,23.61111674336812,0.09874291948524967,23911.70614202386,100.0
500,5,94,64,0.89,0.2182,14:0,,255261.56,39.27060710466854,0.1612650807133914,24351.587418024046,100.0
500,5,94,64,0.89,0.2182,15:0,,290012.855,44.61690543616598,0.18321970009701452,24351.587418024046,100.0
500,5,94,64,0.89,0.2182,16:0,,22730070.63,3496.898135277774,14.360041812672605,24351.587418024046,100.0
500,5,94,64,0.89,0.2182,9-16:1,,12829280.647,1973.715273556523,8.105078489033778,24351.587418024046,100.0
500,5,94,64,0.89,0.2182,17:0,0.05008,13562342.025,2086.492792267311,8.568200324891242,24351.587418024046,100.0
500,5,94,64,0.89,0.2182,"7,10-16:2",,598582.308,92.08864286997893,0.37816279197395847,24351.587418024046,100.0
500,5,94,64,0.89,0.2182,18:0,,2401099.951,369.39620989059176,1.5169286648523777,24351.587418024046,100.0
500,5,94,64,0.89,0.2182,11-Me-12-18:1,,7258830.432,1116.7317081917208,4.585868218862651,24351.587418024046,100.0
500,5,94,64,0.89,0.2182,9-18:1,,16351927.284,2515.655360619413,10.330560047011259,24351.587418024046,100.0
500,5,94,64,0.89,0.2182,11-18:1,,12854280.157,1977.561312635103,8.120872281087488,24351.587418024046,100.0
500,5,94,64,0.89,0.2182,"9,12-18:2",,51949467.415,7992.143917600621,32.81980669434783,24351.587418024046,100.0
500,5,94,64,0.89,0.2182,"12,15-18:2",,954979.915,146.91848249620804,0.6033219928301882,24351.587418024046,100.0
500,5,94,64,0.89,0.2182,20:0,,3177066.5,488.7744565492134,2.0071564459384796,24351.587418024046,100.0
500,5,94,64,0.89,0.2182,"9,12,15-18:3",,22262429.692,3424.9541122832566,14.064603072850378,24351.587418024046,100.0
500,5,94,64,0.89,0.2182,22:0,,1929405.084,296.8285118978118,1.2189287983670072,24351.587418024046,100.0
500,5,94,64,0.89,0.2182,23:0,,97756.746,15.039345383601347,0.06175919920715247,24351.587418024046,100.0
500,5,94,64,0.89,0.2182,24:0,,1650787.433,253.96469681791234,1.042908178667392,24351.587418024046,100.0
500,5,94,64,0.89,0.2182,15-24:1,,387855.936,59.66953299145185,0.2450334426546949,24351.587418024046,100.0
500,5,94,64,0.89,0.2182,di-16:0,,224463.817,34.5325413141768,0.14180817341138602,24351.587418024046,100.0
500,5,94,64,0.89,0.2182,26:0,,83380.677,12.827665107853578,0.05267691542095965,24351.587418024046,100.0
500,5,95,65,0.89,0.2134,14:0,,284533.372,45.11113262797287,0.16167891538111215,27901.679400579957,100.0
500,5,95,65,0.89,0.2134,15:0,,352111.12,55.82519661034374,0.2000782670063343,27901.679400579957,100.0
500,5,95,65,0.89,0.2134,16:0,,26181873.072,4150.9856657508135,14.877189312355629,27901.679400579957,100.0
500,5,95,65,0.89,0.2134,9-16:1,,13135052.668,2082.487192333829,7.463662535992523,27901.679400579957,100.0
500,5,95,65,0.89,0.2134,17:0,0.05008,13456332.177,2133.4242140240267,7.646221517331613,27901.679400579957,100.0
500,5,95,65,0.89,0.2134,"7,10-16:2",,859325.755,136.2411650765448,0.4882901961582748,27901.679400579957,100.0
500,5,95,65,0.89,0.2134,18:0,,4179284.271,662.6015279468938,2.3747729247190805,27901.679400579957,100.0
500,5,95,65,0.89,0.2134,11-Me-12-18:1,,13575797.024,2152.364679669643,7.714104404858528,27901.679400579957,100.0
500,5,95,65,0.89,0.2134,9-18:1,,8431069.409,1336.6976521300423,4.790742639320335,27901.679400579957,100.0
500,5,95,65,0.89,0.2134,11-18:1,,11199045.107,1775.5443081331346,6.363575047372342,27901.679400579957,100.0
500,5,95,65,0.89,0.2134,"9,12-18:2",,57372728.604,9096.116744027262,32.60060662813792,27901.679400579957,100.0
500,5,95,65,0.89,0.2134,"12,15-18:2",,684965.595,108.59736270810215,0.3892144309630512,27901.679400579957,100.0
500,5,95,65,0.89,0.2134,20:0,,3009522.818,477.1425651600146,1.7100854694434515,27901.679400579957,100.0
500,5,95,65,0.89,0.2134,"9,12,15-18:3",,32073049.046,5084.997795258916,18.224701539482318,27901.679400579957,100.0
500,5,95,65,0.89,0.2134,22:0,,1386545.559,219.82883823826396,0.7878695582520909,27901.679400579957,100.0
500,5,95,65,0.89,0.2134,23:0,,81949.626,12.992642730494104,0.04656580897501117,27901.679400579957,100.0
500,5,95,65,0.89,0.2134,24:0,,2177519.491,345.2332141851431,1.2373205541812913,27901.679400579957,100.0
500,5,95,65,0.89,0.2134,15-24:1,,501627.378,79.53014094522554,0.2850371112198087,27901.679400579957,100.0
500,5,95,65,0.89,0.2134,di-16:0,,401653.918,63.67992280864314,0.22822971296602135,27901.679400579957,100.0
500,5,95,65,0.89,0.2134,26:0,,99036.41,15.701654238675033,0.05627494321488284,27901.679400579957,100.0
500,5,96,66,0.89,0.244,14:0,,438189.04,59.21433000103427,0.18362289941966484,32247.79163610832,100.0
500,5,96,66,0.89,0.244,15:0,,60513.765,8.177479861922238,0.02535826314619881,32247.79163610832,100.0
500,5,96,66,0.89,0.244,16:0,,34203138.727,4622.014150905584,14.332808283622894,32247.79163610832,100.0
500,5,96,66,0.89,0.244,9-16:1,,17397590.401,2351.0096446676075,7.290451610445002,32247.79163610832,100.0
500,5,96,66,0.89,0.244,17:0,0.05008,13807546.033,1865.871833084948,5.7860453023881,32247.79163610832,100.0
500,5,96,66,0.89,0.244,"7,10-16:2",,832976.746,112.56365499427304,0.3490584913983191,32247.79163610832,100.0
500,5,96,66,0.89,0.244,18:0,,3680671.784,497.38467589986175,1.5423836816873158,32247.79163610832,100.0
500,5,96,66,0.89,0.244,11-Me-12-18:1,,12206431.504,1649.5064851756151,5.115099054809815,32247.79163610832,100.0
500,5,96,66,0.89,0.244,9-18:1,,22140601.654,2991.952726068642,9.278008118604033,32247.79163610832,100.0
500,5,96,66,0.89,0.244,11-18:1,,21773618.199,2942.3607065847914,9.12422388418743,32247.79163610832,100.0
500,5,96,66,0.89,0.244,"9,12-18:2",,77990416.498,10539.173365519775,32.681845270046054,32247.79163610832,100.0
500,5,96,66,0.89,0.244,"12,15-18:2",,750533.643,101.42277135338769,0.314510750062721,32247.79163610832,100.0
500,5,96,66,0.89,0.244,20:0,,3123365.656,422.07355224649365,1.3088448257458096,32247.79163610832,100.0
500,5,96,66,0.89,0.244,"9,12,15-18:3",,38784925.512,5241.170291098794,16.252803758599644,32247.79163610832,100.0
500,5,96,66,0.89,0.244,22:0,,1757514.887,237.5003868206025,0.7364857398627876,32247.79163610832,100.0
500,5,96,66,0.89,0.244,23:0,,76845.73,10.384487059261867,0.0322021649620007,32247.79163610832,100.0
500,5,96,66,0.89,0.244,24:0,,2332554.939,315.20797029402735,0.9774559878422323,32247.79163610832,100.0
500,5,96,66,0.89,0.244,15-24:1,,590718.251,79.82624451845669,0.2475401894778869,32247.79163610832,100.0
500,5,96,66,0.89,0.244,di-16:0,,241862.497,32.68389759869886,0.10135235915535448,32247.79163610832,100.0
500,5,96,66,0.89,0.244,26:0,,252821.364,34.164815439490695,0.10594466692483791,32247.79163610832,100.0
750,1,61,61,0.92,0.1483,14:0,,118284.996,46.25572378180881,0.12154413589370328,38056.730126628136,100.0
750,1,61,61,0.92,0.1483,15:0,,211161.246,82.57527665130566,0.21697943143446285,38056.730126628136,100.0
750,1,61,61,0.92,0.1483,16:0,,16411305.026,6417.69301139146,16.863490347272446,38056.730126628136,100.0
750,1,61,61,0.92,0.1483,9-16:1,,8426300.403,3295.131564646731,8.658472637251464,38056.730126628136,100.0
750,1,61,61,0.92,0.1483,17:0,0.05008,10794371.502,4221.173297370198,11.09179186789004,38056.730126628136,100.0
750,1,61,61,0.92,0.1483,"7,10-16:2",,867431.544,339.21186334479756,0.8913321302595371,38056.730126628136,100.0
750,1,61,61,0.92,0.1483,18:0,,3174904.357,1241.5564436511736,3.262383393213443,38056.730126628136,100.0
750,1,61,61,0.92,0.1483,11-Me-12-18:1,,6900819.358,2698.5873516181814,7.090959582284214,38056.730126628136,100.0
750,1,61,61,0.92,0.1483,9-18:1,,4604538.346,1800.6193606780253,4.731408491183375,38056.730126628136,100.0
750,1,61,61,0.92,0.1483,11-18:1,,5270895.689,2061.200518391283,5.41612616620751,38056.730126628136,100.0
750,1,61,61,0.92,0.1483,"9,12-18:2",,21882892.223,8557.37458209983,22.48583773126707,38056.730126628136,100.0
750,1,61,61,0.92,0.1483,"12,15-18:2",,648909.805,253.75824250260297,0.666789400083139,38056.730126628136,100.0
750,1,61,61,0.92,0.1483,20:0,,1692008.004,661.6651098304443,1.7386283782890741,38056.730126628136,100.0
750,1,61,61,0.92,0.1483,"9,12,15-18:3",,22222416.4,8690.146591058245,22.834716913783893,38056.730126628136,100.0
750,1,61,61,0.92,0.1483,22:0,,1300396.567,508.52421223368384,1.336226760790128,38056.730126628136,100.0
750,1,61,61,0.92,0.1483,23:0,,56254.821,21.99862661846899,0.05780482596710704,38056.730126628136,100.0
750,1,61,61,0.92,0.1483,24:0,,2724140.399,1065.2837646374899,2.799199408601096,38056.730126628136,100.0
750,1,61,61,0.92,0.1483,15-24:1,,425190.907,166.27225610870173,0.4369063121173454,38056.730126628136,100.0
750,1,61,61,0.92,0.1483,di-16:0,,256619.078,100.351706391489,0.26368977591501835,38056.730126628136,100.0
750,1,61,61,0.92,0.1483,26:0,,124085.223,48.52392099241522,0.12750417818598458,38056.730126628136,100.0
750,1,62,62,0.92,0.1557,14:0,,166942.276,55.89910197949275,0.12143002794895152,46034.00239930143,100.0
750,1,62,62,0.92,0.1557,15:0,,241393.414,80.8283880493154,0.1755840983545284,46034.00239930143,100.0
750,1,62,62,0.92,0.1557,16:0,,21682098.534,7260.053391637455,15.771067066172867,46034.00239930143,100.0
750,1,62,62,0.92,0.1557,9-16:1,,10039754.19,3361.720330899583,7.302689654790037,46034.00239930143,100.0
750,1,62,62,0.92,0.1557,17:0,0.05008,12007351.377,4020.552344251768,8.733875254593938,46034.00239930143,100.0
750,1,62,62,0.92,0.1557,"7,10-16:2",,939958.388,314.73651280093736,0.6837044280245193,46034.00239930143,100.0
750,1,62,62,0.92,0.1557,18:0,,3036391.807,1016.7081660560877,2.208602583014846,46034.00239930143,100.0
750,1,62,62,0.92,0.1557,11-Me-12-18:1,,8297843.45,2778.4573706268147,6.035663261530737,46034.00239930143,100.0
750,1,62,62,0.92,0.1557,9-18:1,,10792175.431,3613.661736575611,7.849983812466518,46034.00239930143,100.0
750,1,62,62,0.92,0.1557,11-18:1,,9328058.791,3123.415602820778,6.785018551565648,46034.00239930143,100.0
750,1,62,62,0.92,0.1557,"9,12-18:2",,31204889.931,10448.67343555215,22.697729701883816,46034.00239930143,100.0
750,1,62,62,0.92,0.1557,"12,15-18:2",,525844.339,176.0741918428137,0.38248725434633424,46034.00239930143,100.0
750,1,62,62,0.92,0.1557,20:0,,2692117.369,901.4310033157491,1.9581851595190176,46034.00239930143,100.0
750,1,62,62,0.92,0.1557,"9,12,15-18:3",,33694982.347,11282.458221739835,24.50896648932496,46034.00239930143,100.0
750,1,62,62,0.92,0.1557,22:0,,1416094.078,474.16621586420536,1.0300347376951104,46034.00239930143,100.0
750,1,62,62,0.92,0.1557,23:0,,39808.443,13.32949489020878,0.028955759211610622,46034.00239930143,100.0
750,1,62,62,0.92,0.1557,24:0,,2364232.774,791.6418303598847,1.719689336358678,46034.00239930143,100.0
750,1,62,62,0.92,0.1557,15-24:1,,537323.086,179.91774582161412,0.3908366347574948,46034.00239930143,100.0
750,1,62,62,0.92,0.1557,di-16:0,,372283.086,124.65560365041547,0.2707902792573759,46034.00239930143,100.0
750,1,62,62,0.92,0.1557,26:0,,108033.561,36.17405481848559,0.07858116377696181,46034.00239930143,100.0
750,1,63,63,0.92,0.1259,14:0,,134866.842,56.13068991608033,0.12620986297808268,44474.09147875223,100.0
750,1,63,63,0.92,0.1259,15:0,,185063.132,77.02205466626589,0.1731840991132189,44474.09147875223,100.0
750,1,63,63,0.92,0.1259,16:0,,16927988.837,7045.317279042661,15.841396743109648,44474.09147875223,100.0
750,1,63,63,0.92,0.1259,9-16:1,,6667853.827,2775.1167745818984,6.239850398985054,44474.09147875223,100.0
750,1,63,63,0.92,0.1259,17:0,0.05008,11946850.007,4972.200158856237,11.179992650848723,44474.09147875223,100.0
750,1,63,63,0.92,0.1259,"7,10-16:2",,536947.123,223.47385032152263,0.5024809791298124,44474.09147875223,100.0
750,1,63,63,0.92,0.1259,18:0,,2516574.302,1047.3816225068745,2.3550377032598124,44474.09147875223,100.0
750,1,63,63,0.92,0.1259,11-Me-12-18:1,,5321425.964,2214.742380463412,4.979848506903213,44474.09147875223,100.0
750,1,63,63,0.92,0.1259,9-18:1,,8437435.833,3511.6051314447463,7.895844557324881,44474.09147875223,100.0
750,1,63,63,0.92,0.1259,11-18:1,,7003454.746,2914.791663091118,6.553909402474647,44474.09147875223,100.0
750,1,63,63,0.92,0.1259,"9,12-18:2",,26793952.419,11151.46623554142,25.074073162054596,44474.09147875223,100.0
750,1,63,63,0.92,0.1259,"12,15-18:2",,408102.184,169.84943670720156,0.38190647871547456,44474.09147875223,100.0
750,1,63,63,0.92,0.1259,20:0,,2197941.375,914.7687003292347,2.0568575319099462,44474.09147875223,100.0
750,1,63,63,0.92,0.1259,"9,12,15-18:3",,25959684.685,10804.249508362882,24.293356309537383,44474.09147875223,100.0
750,1,63,63,0.92,0.1259,22:0,,1109488.552,461.7618159825597,1.038271498369268,44474.09147875223,100.0
750,1,63,63,0.92,0.1259,23:0,,16804.305,6.99384088203265,0.015725652058286566,44474.09147875223,100.0
750,1,63,63,0.92,0.1259,24:0,,1835911.876,764.094411174878,1.718066374756478,44474.09147875223,100.0
750,1,63,63,0.92,0.1259,15-24:1,,385543.364,160.4606046450356,0.36079568870270606,44474.09147875223,100.0
750,1,63,63,0.92,0.1259,di-16:0,,324040.04,134.86332693720422,0.3032402067204364,44474.09147875223,100.0
750,1,63,63,0.92,0.1259,26:0,,96114.335,40.002152155199624,0.08994484389706062,44474.09147875223,100.0
750,1,64,64,0.92,0.2234,14:0,,267736.098,64.97758605243739,0.16888879718955505,38473.59157843297,100.0
750,1,64,64,0.92,0.2234,15:0,,283094.697,68.70500531200761,0.17857705114934314,38473.59157843297,100.0
750,1,64,64,0.92,0.2234,16:0,,26926196.845,6534.790361219262,16.98513212081414,38473.59157843297,100.0
750,1,64,64,0.92,0.2234,9-16:1,,11261094.39,2732.984962568794,7.10353478956411,38473.59157843297,100.0
750,1,64,64,0.92,0.2234,17:0,0.05008,11546078.903,2802.148612354523,7.2833039427629505,38473.59157843297,100.0
750,1,64,64,0.92,0.2234,"7,10-16:2",,1383886.018,335.8589801415569,0.8729597793251733,38473.59157843297,100.0
750,1,64,64,0.92,0.2234,18:0,,3866429.117,938.3539707279855,2.438956001326364,38473.59157843297,100.0
750,1,64,64,0.92,0.2234,11-Me-12-18:1,,12437507.93,3018.4918949533935,7.845620258248676,38473.59157843297,100.0
750,1,64,64,0.92,0.2234,9-18:1,,8150180.934,1977.989097988272,5.141160512545097,38473.59157843297,100.0
750,1,64,64,0.92,0.2234,11-18:1,,7649248.491,1856.416470447065,4.825170706151882,38473.59157843297,100.0
750,1,64,64,0.92,0.2234,"9,12-18:2",,36602811.625,8883.233751037162,23.089172043965895,38473.59157843297,100.0
750,1,64,64,0.92,0.2234,"12,15-18:2",,610780.198,148.23187150008346,0.3852821257872306,38473.59157843297,100.0
750,1,64,64,0.92,0.2234,20:0,,1670112.765,405.3241110022514,1.0535125377519023,38473.59157843297,100.0
750,1,64,64,0.92,0.2234,"9,12,15-18:3",,41142457.152,9984.97240369432,25.95279513569398,38473.59157843297,100.0
750,1,64,64,0.92,0.2234,22:0,,1571512.742,381.3946090519585,0.9913153241085915,38473.59157843297,100.0
750,1,64,64,0.92,0.2234,23:0,,72847.991,17.67967277968503,0.0459527485070972,38473.59157843297,100.0
750,1,64,64,0.92,0.2234,24:0,,3542362.268,859.7053248227936,2.2345335840824285,38473.59157843297,100.0
750,1,64,64,0.92,0.2234,15-24:1,,589456.803,143.05684002732846,0.3718312592046161,38473.59157843297,100.0
750,1,64,64,0.92,0.2234,di-16:0,,326654.266,79.27659302187476,0.20605456826212867,38473.59157843297,100.0
750,1,64,64,0.92,0.2234,26:0,,173668.507,42.148072084739304,0.10955065632179276,38473.59157843297,100.0
750,1,65,65,0.92,0.1178,14:0,,125272.783,57.524380683070106,0.12365344380473034,46520.64585755559,100.0
750,1,65,65,0.92,0.1178,15:0,,229429.898,105.35259516530377,0.22646417138723596,46520.64585755559,100.0
750,1,65,65,0.92,0.1178,16:0,,17005482.079,7808.797740300242,16.785660638097067,46520.64585755559,100.0
750,1,65,65,0.92,0.1178,9-16:1,,7123994.283,3271.2880587901295,7.031905938723823,46520.64585755559,100.0
750,1,65,65,0.92,0.1178,17:0,0.05008,11572676.595,5314.091680814943,11.423082338724372,46520.64585755559,100.0
750,1,65,65,0.92,0.1178,"7,10-16:2",,915955.323,420.60024074771644,0.9041152223801409,46520.64585755559,100.0
750,1,65,65,0.92,0.1178,18:0,,2256775.249,1036.2953183502466,2.2276030335506145,46520.64585755559,100.0
750,1,65,65,0.92,0.1178,11-Me-12-18:1,,6633497.868,3046.0555555724027,6.5477499278477485,46520.64585755559,100.0
750,1,65,65,0.92,0.1178,9-18:1,,3777497.455,1734.6002573499827,3.7286676170861024,46520.64585755559,100.0
750,1,65,65,0.92,0.1178,11-18:1,,5756480.007,2643.3351234573443,5.682068842189195,46520.64585755559,100.0
750,1,65,65,0.92,0.1178,"9,12-18:2",,26594515.16,12212.014274046418,26.250741039664693,46520.64585755559,100.0
750,1,65,65,0.92,0.1178,"12,15-18:2",,394501.334,181.1522373299154,0.38940181072420305,46520.64585755559,100.0
750,1,65,65,0.92,0.1178,20:0,,1282092.122,588.727683144815,1.2655191523941356,46520.64585755559,100.0
750,1,65,65,0.92,0.1178,"9,12,15-18:3",,26304114.682,12078.664417461707,25.964094424755213,46520.64585755559,100.0
750,1,65,65,0.92,0.1178,22:0,,941710.217,432.4267068916683,0.9295371956265227,46520.64585755559,100.0
750,1,65,65,0.92,0.1178,23:0,,45308.349,20.805275125063673,0.044722670422007074,46520.64585755559,100.0
750,1,65,65,0.92,0.1178,24:0,,1440636.563,661.5301751216123,1.4220141679614509,46520.64585755559,100.0
750,1,65,65,0.92,0.1178,15-24:1,,273483.832,125.58185174694167,0.26994864201040636,46520.64585755559,100.0
750,1,65,65,0.92,0.1178,di-16:0,,113691.875,52.20650919898556,0.11222223646429987,46520.64585755559,100.0
750,1,65,65,0.92,0.1178,26:0,,95139.648,43.687457072022504,0.09390982491041032,46520.64585755559,100.0
750,1,66,66,0.92,0.2015,14:0,,286808.425,72.96005693737736,0.16069813558893783,45401.93118606399,100.0
750,1,66,66,0.92,0.2015,15:0,,364931.213,92.83340291940931,0.20447016348041228,45401.93118606399,100.0
750,1,66,66,0.92,0.2015,16:0,,29765435.904,7571.911105197472,16.67750887989023,45401.93118606399,100.0
750,1,66,66,0.92,0.2015,9-16:1,,13193614.084,3356.2711234107715,7.39235322316195,45401.93118606399,100.0
750,1,66,66,0.92,0.2015,17:0,0.05008,12212540.672,3106.6997518610433,6.842659928119176,45401.93118606399,100.0
750,1,66,66,0.92,0.2015,"7,10-16:2",,1620450.201,412.21989531564344,0.9079347167553379,45401.93118606399,100.0
750,1,66,66,0.92,0.2015,18:0,,4034086.086,1026.215148752488,2.2602896439512734,45401.93118606399,100.0
750,1,66,66,0.92,0.2015,11-Me-12-18:1,,10038923.667,2553.761948709509,5.624787056400323,45401.93118606399,100.0
750,1,66,66,0.92,0.2015,9-18:1,,7674518.194,1952.290224393438,4.300015821777838,45401.93118606399,100.0
750,1,66,66,0.92,0.2015,11-18:1,,12196448.171,3102.6060444003065,6.833643334873482,45401.93118606399,100.0
750,1,66,66,0.92,0.2015,"9,12-18:2",,42683480.01,10858.081075599534,23.91546084482943,45401.93118606399,100.0
750,1,66,66,0.92,0.2015,"12,15-18:2",,784004.847,199.439881434096,0.43927620747399754,45401.93118606399,100.0
750,1,66,66,0.92,0.2015,20:0,,3371918.767,857.7690325119677,1.8892787379389222,45401.93118606399,100.0
750,1,66,66,0.92,0.2015,"9,12,15-18:3",,46626991.543,11861.255323290774,26.125001764091387,45401.93118606399,100.0
750,1,66,66,0.92,0.2015,22:0,,2262137.845,575.456268313583,1.2674709054891875,45401.93118606399,100.0
750,1,66,66,0.92,0.2015,23:0,,98523.724,25.063059122905656,0.055202627879843806,45401.93118606399,100.0
750,1,66,66,0.92,0.2015,24:0,,2219559.106,564.6248318878164,1.2436141308040365,45401.93118606399,100.0
750,1,66,66,0.92,0.2015,15-24:1,,518403.961,131.87472617347956,0.29046060977678895,45401.93118606399,100.0
750,1,66,66,0.92,0.2015,di-16:0,,658837.91,167.59916109892063,0.369145445404236,45401.93118606399,100.0
750,1,66,66,0.92,0.2015,26:0,,77436.943,19.698876594494898,0.04338775043239002,45401.93118606399,100.0
750,5,100,31,0.892,0.1277,14:0,,111823.176,21.527791051438538,0.11750116651833324,18321.34240818762,100.0
750,5,100,31,0.892,0.1277,15:0,,165803.912,31.919965974201116,0.17422285585327205,18321.34240818762,100.0
750,5,100,31,0.892,0.1277,16:0,,14400658.276,2772.3623443578203,15.131873432586907,18321.34240818762,100.0
750,5,100,31,0.892,0.1277,9-16:1,,7093195.973,1365.5562849837968,7.453363703161532,18321.34240818762,100.0
750,5,100,31,0.892,0.1277,17:0,0.05008,18861751.589,3631.1958003422374,19.819485490973047,18321.34240818762,100.0
750,5,100,31,0.892,0.1277,"7,10-16:2",,345473.83,66.50936498155086,0.3630157850869514,18321.34240818762,100.0
750,5,100,31,0.892,0.1277,18:0,,2235027.324,430.27932979946684,2.348514209347343,18321.34240818762,100.0
750,5,100,31,0.892,0.1277,11-Me-12-18:1,,8949143.051,1722.8564648473337,9.403549294932706,18321.34240818762,100.0
750,5,100,31,0.892,0.1277,9-18:1,,6270929.048,1207.2564478381512,6.589344934127975,18321.34240818762,100.0
750,5,100,31,0.892,0.1277,11-18:1,,5183269.438,997.8641764259252,5.446457765998577,18321.34240818762,100.0
750,5,100,31,0.892,0.1277,"9,12-18:2",,32396161.888,6236.791235418324,34.04112589823749,18321.34240818762,100.0
750,5,100,31,0.892,0.1277,"12,15-18:2",,467725.434,90.0447990548525,0.49147489877495226,18321.34240818762,100.0
750,5,100,31,0.892,0.1277,20:0,,841276.69,161.95952794942826,0.8839937835398471,18321.34240818762,100.0
750,5,100,31,0.892,0.1277,"9,12,15-18:3",,13815806.211,2659.7687523879194,14.517324621362333,18321.34240818762,100.0
750,5,100,31,0.892,0.1277,22:0,,632048.613,121.67969969852707,0.6641418351755146,18321.34240818762,100.0
750,5,100,31,0.892,0.1277,23:0,,16006.281,3.081470990223089,0.016819024073509,18321.34240818762,100.0
750,5,100,31,0.892,0.1277,24:0,,1727223.372,332.5187602575078,1.8149257453368077,18321.34240818762,100.0
750,5,100,31,0.892,0.1277,15-24:1,,253805.131,48.861640523883764,0.26669246955423964,18321.34240818762,100.0
750,5,100,31,0.892,0.1277,di-16:0,,110721.988,21.315794343597304,0.11634406403578537,18321.34240818762,100.0
750,5,100,31,0.892,0.1277,26:0,,151615.982,29.1885573036726,0.159314512295936,18321.34240818762,100.0
750,5,101,32,0.892,0.2426,14:0,,293054.722,29.01352519128973,0.11497017059765684,25235.69812975562,100.0
750,5,101,32,0.892,0.2426,15:0,,393371.972,38.94531212900681,0.15432627196901708,25235.69812975562,100.0
750,5,101,32,0.892,0.2426,16:0,,35352178.759,3499.999324328322,13.869239148178918,25235.69812975562,100.0
750,5,101,32,0.892,0.2426,9-16:1,,21130158.145,2091.9655259330484,8.289707362866235,25235.69812975562,100.0
750,5,101,32,0.892,0.2426,17:0,0.05008,19306252.961,1911.392018564319,7.57415946543829,25235.69812975562,100.0
750,5,101,32,0.892,0.2426,"7,10-16:2",,658450.17,65.18905569623958,0.25832079366718463,25235.69812975562,100.0
750,5,101,32,0.892,0.2426,18:0,,3610156.841,357.4191732384385,1.4163236990737442,25235.69812975562,100.0
750,5,101,32,0.892,0.2426,11-Me-12-18:1,,19575591.366,1938.0575387276463,7.679825336167208,25235.69812975562,100.0
750,5,101,32,0.892,0.2426,9-18:1,,42309940.594,4188.8440455362825,16.598883153532345,25235.69812975562,100.0
750,5,101,32,0.892,0.2426,11-18:1,,17195359.847,1702.405621344079,6.7460214993488075,25235.69812975562,100.0
750,5,101,32,0.892,0.2426,"9,12-18:2",,71330724.22,7062.011319749047,27.98421221968166,25235.69812975562,100.0
750,5,101,32,0.892,0.2426,"12,15-18:2",,1015927.609,100.58067338102212,0.39856505203011056,25235.69812975562,100.0
750,5,101,32,0.892,0.2426,20:0,,1873341.2,185.4678598152086,0.734942456759387,25235.69812975562,100.0
750,5,101,32,0.892,0.2426,"9,12,15-18:3",,34277984.56,3393.6500382962613,13.447815157904353,25235.69812975562,100.0
750,5,101,32,0.892,0.2426,22:0,,1849347.657,183.09240836536367,0.7255293965871223,25235.69812975562,100.0
750,5,101,32,0.892,0.2426,23:0,,98892.491,9.790730411291213,0.03879714506390803,25235.69812975562,100.0
750,5,101,32,0.892,0.2426,24:0,,2895666.418,286.68192066946006,1.136017395656794,25235.69812975562,100.0
750,5,101,32,0.892,0.2426,15-24:1,,553523.057,54.80087489676825,0.2171561674854245,25235.69812975562,100.0
750,5,101,32,0.892,0.2426,di-16:0,,235146.991,23.2804409376979,0.09225201862058946,25235.69812975562,100.0
750,5,101,32,0.892,0.2426,26:0,,247492.986,24.50274110914519,0.09709555480953312,25235.69812975562,100.0
750,5,102,33,0.892,0.2446,14:0,,413820.449,41.50861624779,0.14074177207497268,29492.748056119755,100.0
750,5,102,33,0.892,0.2446,15:0,,75559.019,7.579012422681106,0.02569788480971497,29492.748056119755,100.0
750,5,102,33,0.892,0.2446,16:0,,44573866.73,4471.020060141359,15.159726898401454,29492.748056119755,100.0
750,5,102,33,0.892,0.2446,9-16:1,,21502653.383,2156.8421515684704,7.313127103192831,29492.748056119755,100.0
750,5,102,33,0.892,0.2446,17:0,0.05008,18899825.911,1895.763302141062,6.427896439266162,29492.748056119755,100.0
750,5,102,33,0.892,0.2446,"7,10-16:2",,1097272.149,110.06282715678182,0.37318606915622343,29492.748056119755,100.0
750,5,102,33,0.892,0.2446,18:0,,5066290.519,508.1786302759239,1.7230630028403768,29492.748056119755,100.0
750,5,102,33,0.892,0.2446,11-Me-12-18:1,,18363781.964,1841.9949527476429,6.245586030988483,29492.748056119755,100.0
750,5,102,33,0.892,0.2446,9-18:1,,28898724.63,2898.711442646052,9.828556623920871,29492.748056119755,100.0
750,5,102,33,0.892,0.2446,11-18:1,,20551811.809,2061.4671692470656,6.989742581208231,29492.748056119755,100.0
750,5,102,33,0.892,0.2446,"9,12-18:2",,91349652.798,9162.905534330028,31.068334211835925,29492.748056119755,100.0
750,5,102,33,0.892,0.2446,"12,15-18:2",,1467673.321,147.21623546087375,0.49916079431033666,29492.748056119755,100.0
750,5,102,33,0.892,0.2446,20:0,,3160391.981,317.00583731163516,1.074860290090385,29492.748056119755,100.0
750,5,102,33,0.892,0.2446,"9,12,15-18:3",,50455110.656,5060.943293209959,17.159958385633757,29492.748056119755,100.0
750,5,102,33,0.892,0.2446,22:0,,2158898.026,216.55012432540607,0.7342487173909582,29492.748056119755,100.0
750,5,102,33,0.892,0.2446,23:0,,124434.911,12.481550829613308,0.04232074544516167,29492.748056119755,100.0
750,5,102,33,0.892,0.2446,24:0,,3342120.467,335.23426948528515,1.1366667793973981,29492.748056119755,100.0
750,5,102,33,0.892,0.2446,15-24:1,,819309.042,82.18149850956847,0.27864985098435335,29492.748056119755,100.0
750,5,102,33,0.892,0.2446,di-16:0,,337063.506,33.80944502742217,0.11463646915197073,29492.748056119755,100.0
750,5,102,33,0.892,0.2446,26:0,,269729.057,27.055405176198228,0.09173578916659894,29492.748056119755,100.0
750,5,97,67,0.892,0.1751,14:0,,103429.041,20.444176047360944,0.08567335384290983,23862.93419170594,100.0
750,5,97,67,0.892,0.1751,15:0,,156266.47,30.888222418881828,0.1294401693049871,23862.93419170594,100.0
750,5,97,67,0.892,0.1751,16:0,,15520549.411,3067.850590534318,12.856133138902145,23862.93419170594,100.0
750,5,97,67,0.892,0.1751,9-16:1,,8938562.375,1766.830099534779,7.404077324861742,23862.93419170594,100.0
750,5,97,67,0.892,0.1751,17:0,0.05008,13397609.167,2648.2221799183535,11.097638532812107,23862.93419170594,100.0
750,5,97,67,0.892,0.1751,"7,10-16:2",,351975.795,69.57286897197302,0.29155202965842536,23862.93419170594,100.0
750,5,97,67,0.892,0.1751,18:0,,2662577.27,526.2951093937116,2.2054920202421564,23862.93419170594,100.0
750,5,97,67,0.892,0.1751,11-Me-12-18:1,,6027402.046,1191.399121032627,4.992676556291734,23862.93419170594,100.0
750,5,97,67,0.892,0.1751,9-18:1,,16784394.796,3317.6670569519524,13.903013897197425,23862.93419170594,100.0
750,5,97,67,0.892,0.1751,11-18:1,,10435839.402,2062.7875485810023,8.644316461711432,23862.93419170594,100.0
750,5,97,67,0.892,0.1751,"9,12-18:2",,36561943.065,7226.972167850301,30.285345925155283,23862.93419170594,100.0
750,5,97,67,0.892,0.1751,"12,15-18:2",,440639.124,87.09839845088487,0.3649945046622043,23862.93419170594,100.0
750,5,97,67,0.892,0.1751,20:0,,1367965.173,270.3971781336595,1.1331262784424965,23862.93419170594,100.0
750,5,97,67,0.892,0.1751,"9,12,15-18:3",,18635144.715,3683.4932968343755,15.436045153720663,23862.93419170594,100.0
750,5,97,67,0.892,0.1751,22:0,,708122.285,139.97013331680702,0.5865587701509757,23862.93419170594,100.0
750,5,97,67,0.892,0.1751,23:0,,43608.429,8.619807270811302,0.036122160005818964,23862.93419170594,100.0
750,5,97,67,0.892,0.1751,24:0,,1424264.997,281.5256146169044,1.1797610987619223,23862.93419170594,100.0
750,5,97,67,0.892,0.1751,15-24:1,,182747.828,36.12262795615438,0.15137546651203335,23862.93419170594,100.0
750,5,97,67,0.892,0.1751,di-16:0,,196261.239,38.79373996505664,0.16256902715065197,23862.93419170594,100.0
750,5,97,67,0.892,0.1751,26:0,,183171.81,36.206433844375965,0.15172666342498764,23862.93419170594,100.0
750,5,98,68,0.892,0.1928,14:0,,164388.597,27.52470430316677,0.11325507186540398,24303.286245650903,100.0
750,5,98,68,0.892,0.1928,15:0,,246865.023,41.334294986832106,0.17007697876343336,24303.286245650903,100.0
750,5,98,68,0.892,0.1928,16:0,,18874735.807,3160.3257851763815,13.003697332256559,24303.286245650903,100.0
750,5,98,68,0.892,0.1928,9-16:1,,11818322.931,1978.8224364194202,8.142201085145564,24303.286245650903,100.0
750,5,98,68,0.892,0.1928,17:0,0.05008,14364236.998,2405.102197633318,9.896201580820016,24303.286245650903,100.0
750,5,98,68,0.892,0.1928,"7,10-16:2",,454289.157,76.06473285102557,0.3129812655053488,24303.286245650903,100.0
750,5,98,68,0.892,0.1928,18:0,,2597075.103,434.84600250704364,1.7892477507434195,24303.286245650903,100.0
750,5,98,68,0.892,0.1928,11-Me-12-18:1,,7098842.678,1188.6076599744356,4.890728142524916,24303.286245650903,100.0
750,5,98,68,0.892,0.1928,9-18:1,,19915594.888,3334.6039221556207,13.720794333944658,24303.286245650903,100.0
750,5,98,68,0.892,0.1928,11-18:1,,12117693.156,2028.9480355830744,8.348451378447459,24303.286245650903,100.0
750,5,98,68,0.892,0.1928,"9,12-18:2",,45767938.191,7663.238133682037,31.531695163461205,24303.286245650903,100.0
750,5,98,68,0.892,0.1928,"12,15-18:2",,396747.568,66.43015203907697,0.27333814599235406,24303.286245650903,100.0
750,5,98,68,0.892,0.1928,20:0,,2416105.586,404.5450416483539,1.6645692996384291,24303.286245650903,100.0
750,5,98,68,0.892,0.1928,"9,12,15-18:3",,19740549.306,3305.2948461488113,13.60019716156821,24303.286245650903,100.0
750,5,98,68,0.892,0.1928,22:0,,1252618.887,209.7345259856246,0.862988337732132,24303.286245650903,100.0
750,5,98,68,0.892,0.1928,23:0,,77837.701,13.032897310166279,0.05362607006490132,24303.286245650903,100.0
750,5,98,68,0.892,0.1928,24:0,,1457213.951,243.99127335896873,1.0039435444769582,24303.286245650903,100.0
750,5,98,68,0.892,0.1928,15-24:1,,370605.275,62.05296957165955,0.2553274851163965,24303.286245650903,100.0
750,5,98,68,0.892,0.1928,di-16:0,,291329.915,48.77935520698986,0.20071094383673718,24303.286245650903,100.0
750,5,98,68,0.892,0.1928,26:0,,90239.868,15.109476742214676,0.062170508915922976,24303.286245650903,100.0
750,5,99,69,0.892,0.2485,14:0,,295734.184,38.63666205260928,0.15859969748522762,24361.11963971936,100.0
750,5,99,69,0.892,0.2485,15:0,,394955.479,51.59958568722451,0.21181122399273655,24361.11963971936,100.0
750,5,99,69,0.892,0.2485,16:0,,27118809.38,3542.979912272132,14.543584057998357,24361.11963971936,100.0
750,5,99,69,0.892,0.2485,9-16:1,,13531137.007,1767.7968798054605,7.2566323139071685,24361.11963971936,100.0
750,5,99,69,0.892,0.2485,17:0,0.05008,14282890.282,1866.0108800953874,7.6597911249241895,24361.11963971936,100.0
750,5,99,69,0.892,0.2485,"7,10-16:2",,766110.227,100.08968708076972,0.4108583208038576,24361.11963971936,100.0
750,5,99,69,0.892,0.2485,18:0,,3527266.541,460.8253380478095,1.8916426866376912,24361.11963971936,100.0
750,5,99,69,0.892,0.2485,11-Me-12-18:1,,9664310.273,1262.6091611697518,5.182886418369468,24361.11963971936,100.0
750,5,99,69,0.892,0.2485,9-18:1,,19612857.703,2562.352937044051,10.518206777599362,24361.11963971936,100.0
750,5,99,69,0.892,0.2485,11-18:1,,13700284.862,1789.8954699047326,7.347344852682445,24361.11963971936,100.0
750,5,99,69,0.892,0.2485,"9,12-18:2",,54582936.365,7131.074391364858,29.272358975398095,24361.11963971936,100.0
750,5,99,69,0.892,0.2485,"12,15-18:2",,1400836.273,183.0144792153541,0.7512564361654374,24361.11963971936,100.0
750,5,99,69,0.892,0.2485,20:0,,2809847.081,367.09693353578507,1.5068968050928797,24361.11963971936,100.0
750,5,99,69,0.892,0.2485,"9,12,15-18:3",,33921057.158,4431.670374233399,18.191570994166558,24361.11963971936,100.0
750,5,99,69,0.892,0.2485,22:0,,1933335.103,252.5836343933021,1.0368309754592704,24361.11963971936,100.0
750,5,99,69,0.892,0.2485,23:0,,88040.918,11.502245528597687,0.0472155865522862,24361.11963971936,100.0
750,5,99,69,0.892,0.2485,24:0,,2080091.19,271.75681640726344,1.1155350017828412,24361.11963971936,100.0
750,5,99,69,0.892,0.2485,15-24:1,,497225.024,64.96075278327828,0.26665750073885613,24361.11963971936,100.0
750,5,99,69,0.892,0.2485,di-16:0,,287421.028,37.55057658687691,0.1541414234740382,24361.11963971936,100.0
750,5,99,69,0.892,0.2485,26:0,,253537.449,33.123802606105414,0.1359699516934313,24361.11963971936,100.0
1000,1,67,67,0.925,0.1539,14:0,,282311.758,102.91558358471175,0.1878459773729275,54787.21717867567,100.0
1000,1,67,67,0.925,0.1539,15:0,,284703.888,103.7876246810677,0.18943766452416932,54787.21717867567,100.0
1000,1,67,67,0.925,0.1539,16:0,,25302680.42,9223.987481533659,16.83602116795198,54787.21717867567,100.0
1000,1,67,67,0.925,0.1539,9-16:1,,11950705.818,4356.5803713661835,7.951819047786671,54787.21717867567,100.0
1000,1,67,67,0.925,0.1539,17:0,0.05008,11901789.431,4338.748104829979,7.919270823119503,54787.21717867567,100.0
1000,1,67,67,0.925,0.1539,"7,10-16:2",,1599879.176,583.2293356448432,1.064535425741332,54787.21717867567,100.0
1000,1,67,67,0.925,0.1539,18:0,,5237185.739,1909.1943973184248,3.484744244432117,54787.21717867567,100.0
1000,1,67,67,0.925,0.1539,11-Me-12-18:1,,11499573.181,4192.121834676525,7.651642208811047,54787.21717867567,100.0
1000,1,67,67,0.925,0.1539,9-18:1,,6249260.464,2278.1420518284845,4.158163471597504,54787.21717867567,100.0
1000,1,67,67,0.925,0.1539,11-18:1,,9466337.023,3450.914003842546,6.298757596298783,54787.21717867567,100.0
1000,1,67,67,0.925,0.1539,"9,12-18:2",,32372015.763,11801.084438228156,21.53985007075954,54787.21717867567,100.0
1000,1,67,67,0.925,0.1539,"12,15-18:2",,377724.508,137.6979069184505,0.2513321793099676,54787.21717867567,100.0
1000,1,67,67,0.925,0.1539,20:0,,2434567.035,887.5113419226641,1.6199241130066049,54787.21717867567,100.0
1000,1,67,67,0.925,0.1539,"9,12,15-18:3",,38449231.964,14016.508465648156,25.58353788975373,54787.21717867567,100.0
1000,1,67,67,0.925,0.1539,22:0,,1224944.578,446.5484788763154,0.8150596103832071,54787.21717867567,100.0
1000,1,67,67,0.925,0.1539,23:0,,75040.737,27.355790264257685,0.049930972356276436,54787.21717867567,100.0
1000,1,67,67,0.925,0.1539,24:0,,2638150.405,961.726817325188,1.7553854107770088,54787.21717867567,100.0
1000,1,67,67,0.925,0.1539,15-24:1,,465871.104,169.83138386823384,0.309983592184229,54787.21717867567,100.0
1000,1,67,67,0.925,0.1539,di-16:0,,266843.655,97.27675062050548,0.17755373539645233,54787.21717867567,100.0
1000,1,67,67,0.925,0.1539,26:0,,111928.634,40.80312052730589,0.07447562155645919,54787.21717867567,100.0
1000,1,68,68,0.925,0.1892,14:0,,286111.747,76.32804994681673,0.17721765710711443,43070.22854990251,100.0
1000,1,68,68,0.925,0.1892,15:0,,294576.562,78.58626838379186,0.18246076473158104,43070.22854990251,100.0
1000,1,68,68,0.925,0.1892,16:0,,26324553.52,7022.786924936048,16.305432224022745,43070.22854990251,100.0
1000,1,68,68,0.925,0.1892,9-16:1,,12162940.418,3244.793453815303,7.533727038517532,43070.22854990251,100.0
1000,1,68,68,0.925,0.1892,17:0,0.05008,13229195.878,3529.2459478506007,8.194165823293709,43070.22854990251,100.0
1000,1,68,68,0.925,0.1892,"7,10-16:2",,1084589.512,289.34359847772913,0.6717948992132388,43070.22854990251,100.0
1000,1,68,68,0.925,0.1892,18:0,,3942751.522,1051.8356490238891,2.4421408579367054,43070.22854990251,100.0
1000,1,68,68,0.925,0.1892,11-Me-12-18:1,,11099052.958,2960.9726878518836,6.874754993280819,43070.22854990251,100.0
1000,1,68,68,0.925,0.1892,9-18:1,,12507420.919,3336.6929481972397,7.747098310219652,43070.22854990251,100.0
1000,1,68,68,0.925,0.1892,11-18:1,,10689868.742,2851.8117267806247,6.621306231232153,43070.22854990251,100.0
1000,1,68,68,0.925,0.1892,"9,12-18:2",,35569250.43,9489.059962965704,22.031598815342676,43070.22854990251,100.0
1000,1,68,68,0.925,0.1892,"12,15-18:2",,541904.589,144.56771163471734,0.33565578011088726,43070.22854990251,100.0
1000,1,68,68,0.925,0.1892,20:0,,3265568.208,871.178677207409,2.022693416168048,43070.22854990251,100.0
1000,1,68,68,0.925,0.1892,"9,12,15-18:3",,37258524.374,9939.719494856536,23.077935338420755,43070.22854990251,100.0
1000,1,68,68,0.925,0.1892,22:0,,2097189.034,559.4819192623656,1.2989991883004113,43070.22854990251,100.0
1000,1,68,68,0.925,0.1892,23:0,,94690.671,25.26129857081888,0.05865141519170337,43070.22854990251,100.0
1000,1,68,68,0.925,0.1892,24:0,,2830035.136,754.9884458671119,1.752924168935762,43070.22854990251,100.0
1000,1,68,68,0.925,0.1892,15-24:1,,724191.493,193.19767548294266,0.44856431458007656,43070.22854990251,100.0
1000,1,68,68,0.925,0.1892,di-16:0,,457064.496,121.93432127624114,0.2831058143445054,43070.22854990251,100.0
1000,1,68,68,0.925,0.1892,26:0,,216239.492,57.6877353653371,0.13393877234363474,43070.22854990251,100.0
1000,1,69,69,0.925,0.3013,14:0,,274751.439,45.161977416262275,0.1441797691437226,31323.38030812319,100.0
1000,1,69,69,0.925,0.3013,15:0,,338962.884,55.71666582666789,0.17787564840892578,31323.38030812319,100.0
1000,1,69,69,0.925,0.3013,16:0,,31205186.407,5129.319536641949,16.375370366115135,31323.38030812319,100.0
1000,1,69,69,0.925,0.3013,9-16:1,,13062162.353,2147.0791321087027,6.854557557288586,31323.38030812319,100.0
1000,1,69,69,0.925,0.3013,17:0,0.05008,13482516.225,2216.1743555703074,7.075144297231484,31323.38030812319,100.0
1000,1,69,69,0.925,0.3013,"7,10-16:2",,1273773.759,209.37521545568868,0.6684310996964486,31323.38030812319,100.0
1000,1,69,69,0.925,0.3013,18:0,,4256936.515,699.7294407360399,2.2338886603326684,31323.38030812319,100.0
1000,1,69,69,0.925,0.3013,11-Me-12-18:1,,15428131.68,2535.982839774246,8.09613398946148,31323.38030812319,100.0
1000,1,69,69,0.925,0.3013,9-18:1,,10676766.119,1754.9821471362418,5.602786576265898,31323.38030812319,100.0
1000,1,69,69,0.925,0.3013,11-18:1,,9533693.557,1567.0908028066747,5.002942809465159,31323.38030812319,100.0
1000,1,69,69,0.925,0.3013,"9,12-18:2",,45481627.427,7475.994441335862,23.867138117903224,31323.38030812319,100.0
1000,1,69,69,0.925,0.3013,"12,15-18:2",,807404.138,132.7162018836695,0.4236969336583759,31323.38030812319,100.0
1000,1,69,69,0.925,0.3013,20:0,,4068351.177,668.7309251075408,2.1349257919462694,31323.38030812319,100.0
1000,1,69,69,0.925,0.3013,"9,12,15-18:3",,45007694.966,7398.0922939315815,23.618435242804914,31323.38030812319,100.0
1000,1,69,69,0.925,0.3013,22:0,,3073114.836,505.1400033650507,1.6126612083244771,31323.38030812319,100.0
1000,1,69,69,0.925,0.3013,23:0,,102832.205,16.902935019293757,0.05396267852646244,31323.38030812319,100.0
1000,1,69,69,0.925,0.3013,24:0,,4370356.329,718.3727027952594,2.2934073389549265,31323.38030812319,100.0
1000,1,69,69,0.925,0.3013,15-24:1,,1070761.458,176.00528303111113,0.5618974749844197,31323.38030812319,100.0
1000,1,69,69,0.925,0.3013,di-16:0,,242511.078,39.86250214991383,0.12726117602184897,31323.38030812319,100.0
1000,1,69,69,0.925,0.3013,26:0,,286695.45,47.12526160143296,0.15044756069705484,31323.38030812319,100.0
1000,1,70,70,0.925,0.2338,14:0,,250502.44,53.58458345204623,0.14756953850617133,36311.41222943198,100.0
1000,1,70,70,0.925,0.2338,15:0,,370217.48,79.19263961048145,0.218092976142339,36311.41222943198,100.0
1000,1,70,70,0.925,0.2338,16:0,,27698082.426,5924.853303694975,16.316780152363844,36311.41222943198,100.0
1000,1,70,70,0.925,0.2338,9-16:1,,13119994.181,2806.4773464168866,7.728912686414644,36311.41222943198,100.0
1000,1,70,70,0.925,0.2338,17:0,0.05008,13351518.179,2856.002281151983,7.865302134509296,36311.41222943198,100.0
1000,1,70,70,0.925,0.2338,"7,10-16:2",,1276755.014,273.10865952244393,0.752128994038622,36311.41222943198,100.0
1000,1,70,70,0.925,0.2338,18:0,,3387633.958,724.6434586722455,1.9956355706950182,36311.41222943198,100.0
1000,1,70,70,0.925,0.2338,11-Me-12-18:1,,13396703.186,2865.6677350229033,7.891920360784412,36311.41222943198,100.0
1000,1,70,70,0.925,0.2338,9-18:1,,10053610.431,2150.552015119222,5.922523755151846,36311.41222943198,100.0
1000,1,70,70,0.925,0.2338,11-18:1,,9993556.614,2137.705997457077,5.887146398906438,36311.41222943198,100.0
1000,1,70,70,0.925,0.2338,"9,12-18:2",,45057461.978,9638.170915610806,26.5430902403698,36311.41222943198,100.0
1000,1,70,70,0.925,0.2338,"12,15-18:2",,476828.21,101.99757340102086,0.2808967405524024,36311.41222943198,100.0
1000,1,70,70,0.925,0.2338,20:0,,2512989.802,537.5497011502569,1.4803877573082915,36311.41222943198,100.0
1000,1,70,70,0.925,0.2338,"9,12,15-18:3",,35398046.437,7571.940510211533,20.85278441490674,36311.41222943198,100.0
1000,1,70,70,0.925,0.2338,22:0,,1903945.73,407.270040393028,1.1216034171838623,36311.41222943198,100.0
1000,1,70,70,0.925,0.2338,23:0,,80949.276,17.315732474321297,0.047686750283664654,36311.41222943198,100.0
1000,1,70,70,0.925,0.2338,24:0,,3672249.866,785.5252004788559,2.1633011558888184,36311.41222943198,100.0
1000,1,70,70,0.925,0.2338,15-24:1,,620393.535,132.7074065598621,0.3654702431328104,36311.41222943198,100.0
1000,1,70,70,0.925,0.2338,di-16:0,,310188.95,66.35203105078575,0.18273051632237133,36311.41222943198,100.0
1000,1,70,70,0.925,0.2338,26:0,,172023.979,36.7973791332274,0.10133833104789443,36311.41222943198,100.0
1000,1,71,71,0.925,0.214,14:0,,220216.03,49.71047282533976,0.11647697855353727,42678.36738441059,100.0
1000,1,71,71,0.925,0.214,15:0,,367197.864,82.8894219911911,0.19421882108233757,42678.36738441059,100.0
1000,1,71,71,0.925,0.214,16:0,,31372751.976,7081.929206330131,16.593720988767238,42678.36738441059,100.0
1000,1,71,71,0.925,0.214,9-16:1,,11213881.362,2531.3658806413177,5.931262219664866,42678.36738441059,100.0
1000,1,71,71,0.925,0.214,17:0,0.05008,13822618.395,3120.249221183802,7.311079154174853,42678.36738441059,100.0
1000,1,71,71,0.925,0.214,"7,10-16:2",,969618.19,218.87679423223693,0.5128518442628796,42678.36738441059,100.0
1000,1,71,71,0.925,0.214,18:0,,3715804.75,838.7873083042291,1.9653687798062738,42678.36738441059,100.0
1000,1,71,71,0.925,0.214,11-Me-12-18:1,,11415941.348,2576.9778982730113,6.038136077375634,42678.36738441059,100.0
1000,1,71,71,0.925,0.214,9-18:1,,19947837.137,4502.925676769041,10.550838639656716,42678.36738441059,100.0
1000,1,71,71,0.925,0.214,11-18:1,,9783598.68,2208.5009720508074,5.174755051331981,42678.36738441059,100.0
1000,1,71,71,0.925,0.214,"9,12-18:2",,51503187.551,11626.07374754854,27.24113985624313,42678.36738441059,100.0
1000,1,71,71,0.925,0.214,"12,15-18:2",,537657.598,121.36815569110226,0.28437862816522647,42678.36738441059,100.0
1000,1,71,71,0.925,0.214,20:0,,2314136.897,522.3817690857226,1.2239966078846223,42678.36738441059,100.0
1000,1,71,71,0.925,0.214,"9,12,15-18:3",,38457323.87,8681.16527745471,20.34090291988474,42678.36738441059,100.0
1000,1,71,71,0.925,0.214,22:0,,1953933.405,441.07122188959664,1.033477260076049,42678.36738441059,100.0
1000,1,71,71,0.925,0.214,23:0,,123205.811,27.811867826513108,0.06516619432980499,42678.36738441059,100.0
1000,1,71,71,0.925,0.214,24:0,,4036859.497,911.2606122512207,2.135181517238832,42678.36738441059,100.0
1000,1,71,71,0.925,0.214,15-24:1,,662599.091,149.57182775136906,0.35046286190882775,42678.36738441059,100.0
1000,1,71,71,0.925,0.214,di-16:0,,305601.752,68.98502160888205,0.1616393171452024,42678.36738441059,100.0
1000,1,71,71,0.925,0.214,26:0,,162643.128,36.714251885624556,0.08602543662210335,42678.36738441059,100.0
1000,1,72,72,0.925,0.22,14:0,,281542.534,64.69152882199172,0.15156441531917875,42682.531177095996,100.0
1000,1,72,72,0.925,0.22,15:0,,171217.167,39.34148114828104,0.09217232451619972,42682.531177095996,100.0
1000,1,72,72,0.925,0.22,16:0,,30257740.022,6952.482216138418,16.28882361097931,42682.531177095996,100.0
1000,1,72,72,0.925,0.22,9-16:1,,11816980.868,2715.250685394296,6.361503431294476,42682.531177095996,100.0
1000,1,72,72,0.925,0.22,17:0,0.05008,13209214.007,3035.151515151517,7.110992322733238,42682.531177095996,100.0
1000,1,72,72,0.925,0.22,"7,10-16:2",,1066579.262,245.07360251510588,0.5741777625564427,42682.531177095996,100.0
1000,1,72,72,0.925,0.22,18:0,,4237513.554,973.6760777047338,2.2812050992590174,42682.531177095996,100.0
1000,1,72,72,0.925,0.22,11-Me-12-18:1,,13873737.153,3187.842540701283,7.468728898655197,42682.531177095996,100.0
1000,1,72,72,0.925,0.22,9-18:1,,15462431.444,3552.8852966052978,8.323979854577654,42682.531177095996,100.0
1000,1,72,72,0.925,0.22,11-18:1,,10910311.913,2506.9205265331575,5.8734111061304715,42682.531177095996,100.0
1000,1,72,72,0.925,0.22,"9,12-18:2",,46857874.065,10766.783503529901,25.225269464120952,42682.531177095996,100.0
1000,1,72,72,0.925,0.22,"12,15-18:2",,605806.866,139.19947290237678,0.3261275024314234,42682.531177095996,100.0
1000,1,72,72,0.925,0.22,20:0,,3069327.207,705.255673644551,1.6523286089064009,42682.531177095996,100.0
1000,1,72,72,0.925,0.22,"9,12,15-18:3",,39962234.641,9182.335675324453,21.513100142129844,42682.531177095996,100.0
1000,1,72,72,0.925,0.22,22:0,,2147556.451,493.4554934662938,1.156106444153641,42682.531177095996,100.0
1000,1,72,72,0.925,0.22,23:0,,140342.198,32.24717493967953,0.07555122447139168,42682.531177095996,100.0
1000,1,72,72,0.925,0.22,24:0,,3776425.449,867.7294059521628,2.03298488168808,42682.531177095996,100.0
1000,1,72,72,0.925,0.22,15-24:1,,695057.171,159.7069912380576,0.3741741336178265,42682.531177095996,100.0
1000,1,72,72,0.925,0.22,di-16:0,,234584.206,53.90166348233922,0.12628506790914865,42682.531177095996,100.0
1000,1,72,72,0.925,0.22,26:0,,190412.813,43.7521670536148,0.10250602728334157,42682.531177095996,100.0
1000,5,103,34,0.89,0.1363,14:0,,0.0,0.0,0.0,6925.032589121479,100.0
1000,5,103,34,0.89,0.1363,15:0,,81534.313,16.604987720404996,0.2397820877621535,6925.032589121479,100.0
1000,5,103,34,0.89,0.1363,16:0,,5136264.284,1046.033286189273,15.105102723018007,6925.032589121479,100.0
1000,5,103,34,0.89,0.1363,9-16:1,,2720413.091,554.0296386686178,8.000390345295154,6925.032589121479,100.0
1000,5,103,34,0.89,0.1363,17:0,0.05008,16401275.989,3340.2254385379842,48.234075371502776,6925.032589121479,100.0
1000,5,103,34,0.89,0.1363,"7,10-16:2",,162248.77,33.04300648857879,0.4771530828675953,6925.032589121479,100.0
1000,5,103,34,0.89,0.1363,18:0,,1032224.921,210.21925011989757,3.0356427556764225,6925.032589121479,100.0
1000,5,103,34,0.89,0.1363,11-Me-12-18:1,,2684408.791,546.6971311955768,7.894506259138511,6925.032589121479,100.0
1000,5,103,34,0.89,0.1363,9-18:1,,4247062.881,864.9416962254022,12.490074019061478,6925.032589121479,100.0
1000,5,103,34,0.89,0.1363,11-18:1,,3995869.1,813.784465662276,11.751344924219541,6925.032589121479,100.0
1000,5,103,34,0.89,0.1363,"9,12-18:2",,6783972.215,1381.5996134737,19.950803056783474,6925.032589121479,100.0
1000,5,103,34,0.89,0.1363,"12,15-18:2",,575986.616,117.30338226799834,1.6939036857713856,6925.032589121479,100.0
1000,5,103,34,0.89,0.1363,20:0,,633344.305,128.98464487354465,1.862585384452434,6925.032589121479,100.0
1000,5,103,34,0.89,0.1363,"9,12,15-18:3",,5192839.717,1057.5552373246387,15.271483905880102,6925.032589121479,100.0
1000,5,103,34,0.89,0.1363,22:0,,182097.178,37.08526255210371,0.5355247368851502,6925.032589121479,100.0
1000,5,103,34,0.89,0.1363,23:0,,0.0,0.0,0.0,6925.032589121479,100.0
1000,5,103,34,0.89,0.1363,24:0,,466146.577,94.93375122929928,1.37087804291969,6925.032589121479,100.0
1000,5,103,34,0.89,0.1363,15-24:1,,52236.732,10.638346746284435,0.1536216127415226,6925.032589121479,100.0
1000,5,103,34,0.89,0.1363,di-16:0,,56855.008,11.57888838388235,0.1672033775273723,6925.032589121479,100.0
1000,5,103,34,0.89,0.1363,26:0,,0.0,0.0,0.0,6925.032589121479,100.0
1000,5,104,35,0.89,0.1046,14:0,,90602.448,23.461655643468394,0.11457533039964343,20477.056938551414,100.0
1000,5,104,35,0.89,0.1046,15:0,,130062.114,33.67980223811977,0.16447579522383426,20477.056938551414,100.0
1000,5,104,35,0.89,0.1046,16:0,,9376047.036,2427.9430822398367,11.856894716490416,20477.056938551414,100.0
1000,5,104,35,0.89,0.1046,9-16:1,,5215420.853,1350.5419642618288,6.595390970072522,20477.056938551414,100.0
1000,5,104,35,0.89,0.1046,17:0,0.05008,16808200.749,4352.511733008865,21.255553208012763,20477.056938551414,100.0
1000,5,104,35,0.89,0.1046,"7,10-16:2",,201120.589,52.08051334252622,0.2543359306897083,20477.056938551414,100.0
1000,5,104,35,0.89,0.1046,18:0,,1389345.105,359.7732417058802,1.7569577639282143,20477.056938551414,100.0
1000,5,104,35,0.89,0.1046,11-Me-12-18:1,,4167380.11,1079.1500586856046,5.270044723340725,20477.056938551414,100.0
1000,5,104,35,0.89,0.1046,9-18:1,,17907359.22,4637.140659858647,22.64554263717688,20477.056938551414,100.0
1000,5,104,35,0.89,0.1046,11-18:1,,6643752.86,1720.4109295328124,8.40165134421176,20477.056938551414,100.0
1000,5,104,35,0.89,0.1046,"9,12-18:2",,20596701.044,5333.550229082045,26.046468714167432,20477.056938551414,100.0
1000,5,104,35,0.89,0.1046,"12,15-18:2",,421647.116,109.18622682969419,0.5332124980525558,20477.056938551414,100.0
1000,5,104,35,0.89,0.1046,20:0,,1098835.811,284.545373502417,1.3895813951990033,20477.056938551414,100.0
1000,5,104,35,0.89,0.1046,"9,12,15-18:3",,10024317.785,2595.813878366353,12.676694146800502,20477.056938551414,100.0
1000,5,104,35,0.89,0.1046,22:0,,549644.375,142.33133140750687,0.6950770896160611,20477.056938551414,100.0
1000,5,104,35,0.89,0.1046,23:0,,85.669,0.022184131021716916,0.00010833652066450847,20477.056938551414,100.0
1000,5,104,35,0.89,0.1046,24:0,,884682.654,229.09005485036892,1.1187645545833755,20477.056938551414,100.0
1000,5,104,35,0.89,0.1046,15-24:1,,218463.487,56.571485824150514,0.2762676589409947,20477.056938551414,100.0
1000,5,104,35,0.89,0.1046,di-16:0,,87448.239,22.64486794049674,0.11058653598732769,20477.056938551414,100.0
1000,5,104,35,0.89,0.1046,26:0,,73833.85,19.119399108636657,0.09336985859838705,20477.056938551414,100.0
1000,5,105,36,0.89,0.0721,14:0,,0.0,0.0,0.0,13091.289069310093,100.0
1000,5,105,36,0.89,0.0721,15:0,,81534.313,31.390566245370337,0.2397820877621535,13091.289069310093,100.0
1000,5,105,36,0.89,0.0721,16:0,,5136264.284,1977.4526616865176,15.105102723018007,13091.289069310093,100.0
1000,5,105,36,0.89,0.0721,9-16:1,,2720413.091,1047.3542267757646,8.000390345295155,13091.289069310093,100.0
1000,5,105,36,0.89,0.0721,17:0,0.05008,16401275.989,6314.462236792335,48.234075371502776,13091.289069310093,100.0
1000,5,105,36,0.89,0.0721,"7,10-16:2",,162248.77,62.465489381321625,0.4771530828675953,13091.289069310093,100.0
1000,5,105,36,0.89,0.0721,18:0,,1032224.921,397.4047682571712,3.0356427556764225,13091.289069310093,100.0
1000,5,105,36,0.89,0.0721,11-Me-12-18:1,,2684408.791,1033.4926349786008,7.894506259138509,13091.289069310093,100.0
1000,5,105,36,0.89,0.0721,9-18:1,,4247062.881,1635.1116948061351,12.490074019061478,13091.289069310093,100.0
1000,5,105,36,0.89,0.0721,11-18:1,,3995869.1,1538.4025335612791,11.751344924219541,13091.289069310093,100.0
1000,5,105,36,0.89,0.0721,"9,12-18:2",,6783972.215,2611.817299812279,19.950803056783474,13091.289069310093,100.0
1000,5,105,36,0.89,0.0721,"12,15-18:2",,575986.616,221.7538280600302,1.6939036857713856,13091.289069310093,100.0
1000,5,105,36,0.89,0.0721,20:0,,633344.305,243.83643684138892,1.8625853844524345,13091.289069310093,100.0
1000,5,105,36,0.89,0.0721,"9,12,15-18:3",,5192839.717,1999.2341032919314,15.271483905880098,13091.289069310093,100.0
1000,5,105,36,0.89,0.0721,22:0,,182097.178,70.1070913432973,0.5355247368851502,13091.289069310093,100.0
1000,5,105,36,0.89,0.0721,23:0,,0.0,0.0,0.0,13091.289069310093,100.0
1000,5,105,36,0.89,0.0721,24:0,,466146.577,179.46560738631752,1.3708780429196903,13091.289069310093,100.0
1000,5,105,36,0.89,0.0721,15-24:1,,52236.732,20.11104939692883,0.1536216127415226,13091.289069310093,100.0
1000,5,105,36,0.89,0.0721,di-16:0,,56855.008,21.889077485758175,0.1672033775273723,13091.289069310093,100.0
1000,5,105,36,0.89,0.0721,26:0,,0.0,0.0,0.0,13091.289069310093,100.0
1000,5,106,70,0.89,0.1676,14:0,,231844.415,45.45483360292896,0.16464408658336754,27607.93572741703,100.0
1000,5,106,70,0.89,0.1676,15:0,,313187.202,61.402696085980324,0.22240958792512044,27607.93572741703,100.0
1000,5,106,70,0.89,0.1676,16:0,,17806068.657,3491.0130913710555,12.644962397185614,27607.93572741703,100.0
1000,5,106,70,0.89,0.1676,9-16:1,,12583766.818,2467.141711437167,8.936349808244032,27607.93572741703,100.0
1000,5,106,70,0.89,0.1676,17:0,0.05008,13855244.272,2716.4243870687787,9.839288289747568,27607.93572741703,100.0
1000,5,106,70,0.89,0.1676,"7,10-16:2",,663171.078,130.01965564175882,0.470950298223993,27607.93572741703,100.0
1000,5,106,70,0.89,0.1676,18:0,,2448258.675,479.99944570177513,1.7386285249320355,27607.93572741703,100.0
1000,5,106,70,0.89,0.1676,11-Me-12-18:1,,7628189.271,1495.5636261712534,5.417151216727992,27607.93572741703,100.0
1000,5,106,70,0.89,0.1676,9-18:1,,22553198.159,4421.72337656367,16.01613181159547,27607.93572741703,100.0
1000,5,106,70,0.89,0.1676,11-18:1,,13435754.117,2634.1802010546717,9.541387762789908,27607.93572741703,100.0
1000,5,106,70,0.89,0.1676,"9,12-18:2",,30624086.361,6004.081443070264,21.747665245061043,27607.93572741703,100.0
1000,5,106,70,0.89,0.1676,"12,15-18:2",,869474.3,170.46694710555414,0.6174563313557194,27607.93572741703,100.0
1000,5,106,70,0.89,0.1676,20:0,,3083854.9,604.6128449334315,2.1899965680266327,27607.93572741703,100.0
1000,5,106,70,0.89,0.1676,"9,12,15-18:3",,24545708.346,4812.369918565668,17.43111098953543,27607.93572741703,100.0
1000,5,106,70,0.89,0.1676,22:0,,1788530.501,350.65479716955076,1.2701232016464046,27607.93572741703,100.0
1000,5,106,70,0.89,0.1676,23:0,,46512.217,9.119068424565342,0.033030605817838565,27607.93572741703,100.0
1000,5,106,70,0.89,0.1676,24:0,,1264731.236,247.96002907728737,0.8981476613300066,27607.93572741703,100.0
1000,5,106,70,0.89,0.1676,15-24:1,,412058.757,80.78720479018112,0.29262312687128056,27607.93572741703,100.0
1000,5,106,70,0.89,0.1676,di-16:0,,453567.249,88.9252554607936,0.32210034223052486,27607.93572741703,100.0
1000,5,106,70,0.89,0.1676,26:0,,63550.652,12.459581189469864,0.045130433917579864,27607.93572741703,100.0
1000,5,107,71,0.89,0.2017,14:0,,252819.46,39.77923552225139,0.15353812760952235,25908.37607673438,100.0
1000,5,107,71,0.89,0.2017,15:0,,281403.211,44.27667319235159,0.1708971379032585,25908.37607673438,100.0
1000,5,107,71,0.89,0.2017,16:0,,19971247.658,3142.3252160288357,12.128607392150029,25908.37607673438,100.0
1000,5,107,71,0.89,0.2017,9-16:1,,11939736.738,1878.627538301757,7.251043186719669,25908.37607673438,100.0
1000,5,107,71,0.89,0.2017,17:0,0.05008,14345635.887,2257.177626538063,8.712154014797553,25908.37607673438,100.0
1000,5,107,71,0.89,0.2017,"7,10-16:2",,486296.393,76.51507028283473,0.29532947204493054,25908.37607673438,100.0
1000,5,107,71,0.89,0.2017,18:0,,3247039.774,510.89722254791604,1.9719384226736607,25908.37607673438,100.0
1000,5,107,71,0.89,0.2017,11-Me-12-18:1,,6609583.292,1039.9680882017774,4.01402266634405,25908.37607673438,100.0
1000,5,107,71,0.89,0.2017,9-18:1,,30817147.391,4848.845750206587,18.71535960357172,25908.37607673438,100.0
1000,5,107,71,0.89,0.2017,11-18:1,,14670951.288,2308.363551685576,8.90971917672014,25908.37607673438,100.0
1000,5,107,71,0.89,0.2017,"9,12-18:2",,43646584.593,6867.460947297396,26.5067209421294,25908.37607673438,100.0
1000,5,107,71,0.89,0.2017,"12,15-18:2",,846250.02,133.151059084969,0.513930547752617,25908.37607673438,100.0
1000,5,107,71,0.89,0.2017,20:0,,3950727.935,621.6172481766353,2.399290663125911,25908.37607673438,100.0
1000,5,107,71,0.89,0.2017,"9,12,15-18:3",,23380601.206,3678.761286909279,14.199119528038626,25908.37607673438,100.0
1000,5,107,71,0.89,0.2017,22:0,,1963848.298,308.9967203320289,1.1926518258684176,25908.37607673438,100.0
1000,5,107,71,0.89,0.2017,23:0,,53271.822,8.381919469480131,0.032352160724604666,25908.37607673438,100.0
1000,5,107,71,0.89,0.2017,24:0,,1751831.207,275.6374298817146,1.0638931172889523,25908.37607673438,100.0
1000,5,107,71,0.89,0.2017,15-24:1,,462828.872,72.82263282180075,0.2810775658270423,25908.37607673438,100.0
1000,5,107,71,0.89,0.2017,di-16:0,,131868.912,20.748578881194682,0.08008444380976398,25908.37607673438,100.0
1000,5,107,71,0.89,0.2017,26:0,,198292.998,31.199907909997613,0.12042401969768768,25908.37607673438,100.0
1000,5,108,72,0.89,0.2933,14:0,,218379.272,35.59125480533256,0.14512726691695085,24524.16803638952,100.0
1000,5,108,72,0.89,0.2933,15:0,,268869.972,43.82018309390934,0.17868162960263503,24524.16803638952,100.0
1000,5,108,72,0.89,0.2933,16:0,,17623237.081,2872.2191245543495,11.711790264576907,24524.16803638952,100.0
1000,5,108,72,0.89,0.2933,9-16:1,,12214841.665,1990.763766745259,8.117558825201812,24524.16803638952,100.0
1000,5,108,72,0.89,0.2933,17:0,0.05008,9524182.007,1552.2425068964446,6.329440022565462,24524.16803638952,100.0
1000,5,108,72,0.89,0.2933,"7,10-16:2",,629457.567,102.58842082888567,0.4183156006624267,24524.16803638952,100.0
1000,5,108,72,0.89,0.2933,18:0,,2153080.678,350.90712742707643,1.43086251450566,24524.16803638952,100.0
1000,5,108,72,0.89,0.2933,11-Me-12-18:1,,6195020.802,1009.6588465974812,4.116995304792099,24524.16803638952,100.0
1000,5,108,72,0.89,0.2933,9-18:1,,27028120.599,4405.0184723954335,17.96194866165966,24524.16803638952,100.0
1000,5,108,72,0.89,0.2933,11-18:1,,15411895.904,2511.8167540760237,10.242209849275753,24524.16803638952,100.0
1000,5,108,72,0.89,0.2933,"9,12-18:2",,42742932.945,6966.204272229364,28.405466240048387,24524.16803638952,100.0
1000,5,108,72,0.89,0.2933,"12,15-18:2",,685965.424,111.79801988364531,0.45586875655784476,24524.16803638952,100.0
1000,5,108,72,0.89,0.2933,20:0,,1971831.984,321.3673803979364,1.3104109379820108,24524.16803638952,100.0
1000,5,108,72,0.89,0.2933,"9,12,15-18:3",,20634852.925,3363.0495312038447,13.713205382599217,24524.16803638952,100.0
1000,5,108,72,0.89,0.2933,22:0,,914097.141,148.97871929052405,0.6074771591414071,24524.16803638952,100.0
1000,5,108,72,0.89,0.2933,23:0,,39461.745,6.431439250141186,0.026224902881916607,24524.16803638952,100.0
1000,5,108,72,0.89,0.2933,24:0,,896181.48,146.0588411820516,0.595571034113476,24524.16803638952,100.0
1000,5,108,72,0.89,0.2933,15-24:1,,237731.688,38.745293934809986,0.1579882093342324,24524.16803638952,100.0
1000,5,108,72,0.89,0.2933,di-16:0,,547739.44,89.27007493627949,0.3640085763717591,24524.16803638952,100.0
1000,5,108,72,0.89,0.2933,26:0,,60624.425,9.88051355717393,0.04028888377584511,24524.16803638952,100.0
