Ni,Week,Plant,Sample,FattyAcid,ppm,total_ppm,pct,log1p_pct
0,1,37,37,14:0,20.72321487329991,9446.71501287758,0.21936953581271823,0.19833395124749922
0,1,37,37,15:0,16.02518037579734,9446.71501287758,0.16963759734417863,0.15669395496883134
0,1,37,37,16:0,1724.1973908316695,9446.71501287758,18.251819690562034,2.957605585646019
0,1,37,37,9-16:1,530.8523727534031,9446.71501287758,5.619438842282798,1.8900105993292218
0,1,37,37,"7,10-16:2",55.37728175419923,9446.71501287758,0.5862067573617918,0.4613454787524424
0,1,37,37,18:0,305.72791416651256,9446.71501287758,3.236341032303295,1.4436999325965967
0,1,37,37,11-Me-12-18:1,790.7147444963489,9446.71501287758,8.370261444517611,2.2375409981575056
0,1,37,37,9-18:1,100.9891944000877,9446.71501287758,1.0690403411389164,0.7270848964655027
0,1,37,37,11-18:1,542.9072338446035,9446.71501287758,5.747047869069013,1.9091050564873222
0,1,37,37,"9,12-18:2",2059.823010766815,9446.71501287758,21.804648578462505,3.1269644001989545
0,1,37,37,"12,15-18:2",17.231962617892826,9446.71501287758,0.1824122204851374,0.1675566064807334
0,1,37,37,20:0,234.75370282019907,9446.71501287758,2.4850300077877585,1.2484766547314448
0,1,37,37,"9,12,15-18:3",2414.214642135601,9446.71501287758,25.556128652601355,3.2792605554227254
0,1,37,37,22:0,213.62168180749745,9446.71501287758,2.2613329767680352,1.1821360003856134
0,1,37,37,23:0,5.224296079450704,9446.71501287758,0.05530278062087238,0.05382772160176716
0,1,37,37,24:0,329.52995422011236,9446.71501287758,3.4883020581324145,1.5014744694610558
0,1,37,37,15-24:1,43.74919369913897,9446.71501287758,0.46311541778809795,0.3805680101006086
0,1,37,37,di-16:0,22.042335958013926,9446.71501287758,0.2333333431564966,0.20972053894679601
0,1,37,37,26:0,19.009705276935506,9446.71501287758,0.20123085380496653,0.18334674261548362
0,1,38,38,14:0,42.393175911763336,35244.415053969875,0.12028338630914016,0.11358167679226214
0,1,38,38,15:0,97.29695851892566,35244.415053969875,0.2760634794759242,0.24377993249075056
0,1,38,38,16:0,5643.901822462748,35244.415053969875,16.013606166594695,2.8340133866776185
0,1,38,38,9-16:1,3049.179537108625,35244.415053969875,8.651525447193285,2.26711598028733
0,1,38,38,"7,10-16:2",428.5605612775684,35244.415053969875,1.215967297574133,0.7956890113637508
0,1,38,38,18:0,2201.599666949975,35244.415053969875,6.246662523916652,1.9805410213481554
0,1,38,38,11-Me-12-18:1,2411.4731185882224,35244.415053969875,6.842142549097571,2.0595120813506274
0,1,38,38,9-18:1,286.96090540200504,35244.415053969875,0.8142024912672858,0.5956459724020885
0,1,38,38,11-18:1,2091.6630779662364,35244.415053969875,5.9347362547038065,1.9365430219987234
0,1,38,38,"9,12-18:2",6162.701184102566,35244.415053969875,17.485610627004604,2.9169926254921497
0,1,38,38,"12,15-18:2",212.58807432090737,35244.415053969875,0.6031823027715757,0.4719905931570974
0,1,38,38,20:0,903.0370291897193,35244.415053969875,2.56221312740443,1.2703820167115436
0,1,38,38,"9,12,15-18:3",9905.55382361209,35244.415053969875,28.10531486603959,3.370920798945188
0,1,38,38,22:0,682.591500927805,35244.415053969875,1.936736642905126,1.0772989794541306
0,1,38,38,23:0,11.849216320073461,35244.415053969875,0.033620124782688894,0.03306732442813817
0,1,38,38,24:0,916.4962263715503,35244.415053969875,2.600401297533572,1.2810453107866775
0,1,38,38,15-24:1,102.32313133375443,35244.415053969875,0.2903243852311543,0.25489364818195664
0,1,38,38,di-16:0,71.1485033583381,35244.415053969875,0.20187171002664733,0.1838800999898364
0,1,38,38,26:0,23.097540246997298,35244.415053969875,0.06553532016811164,0.06347732092135126
0,1,39,39,14:0,54.33848996333252,33234.05806025158,0.16350242231875425,0.1514347856821971
0,1,39,39,15:0,97.1121227430896,33234.05806025158,0.2922066350339477,0.25635132680909517
0,1,39,39,16:0,6389.642864689815,33234.05806025158,19.22618914941333,3.0069782572316295
0,1,39,39,9-16:1,2574.253833592181,33234.05806025158,7.745830584171201,2.168577082138949
0,1,39,39,"7,10-16:2",195.82850315931643,33234.05806025158,0.5892404195849024,0.46325617855439094
0,1,39,39,18:0,1298.5132569759126,33234.05806025158,3.9071763509041757,1.5906986951015194
0,1,39,39,11-Me-12-18:1,2178.005221666263,33234.05806025158,6.553533780670587,2.0220155041794476
0,1,39,39,9-18:1,587.2852262859174,33234.05806025158,1.7671186143479696,1.017806567377139
0,1,39,39,11-18:1,1814.9310229559846,33234.05806025158,5.461057508131,1.8657930053460434
0,1,39,39,"9,12-18:2",7407.698786440723,33234.05806025158,22.289480186292508,3.1480017644669456
0,1,39,39,"12,15-18:2",46.305319381468564,33234.05806025158,0.1393309216031322,0.13044117923235174
0,1,39,39,20:0,388.93462063355446,33234.05806025158,1.170289285552901,0.7748604699819055
0,1,39,39,"9,12,15-18:3",9456.021308589072,33234.05806025158,28.45280372154917,3.3827891083351718
0,1,39,39,22:0,182.9716288724753,33234.05806025158,0.5505545803066164,0.4386126606844407
0,1,39,39,23:0,13.107793862625217,33234.05806025158,0.03944084661241635,0.03868292108098349
0,1,39,39,24:0,396.0084854004006,33234.05806025158,1.1915742720388174,0.7846201312624309
0,1,39,39,15-24:1,79.31175050295955,33234.05806025158,0.23864600091620344,0.2140188482768698
0,1,39,39,di-16:0,48.66481321732805,33234.05806025158,0.1464305476300888,0.13665324374876608
0,1,39,39,26:0,25.123011319160014,33234.05806025158,0.07559417292228754,0.07287322788421939
0,1,40,40,14:0,38.66587131649286,27821.26799381604,0.13897954372563934,0.1301327244491902
0,1,40,40,15:0,52.21532875153836,27821.26799381604,0.18768134063172282,0.17200295316839287
0,1,40,40,16:0,5061.16958637742,27821.26799381604,18.191728671397687,2.9544793878487576
0,1,40,40,9-16:1,2108.106017511821,27821.26799381604,7.577318251563514,2.149121306550579
0,1,40,40,"7,10-16:2",318.6690930244434,27821.26799381604,1.1454154177849674,0.7633332015937807
0,1,40,40,18:0,984.5901116029897,27821.26799381604,3.5389835999633052,1.5127031103290713
0,1,40,40,11-Me-12-18:1,1686.9176316929966,27821.26799381604,6.063410309220829,1.9549279815075287
0,1,40,40,9-18:1,345.5961408533507,27821.26799381604,1.242201257434305,0.8074580875410099
0,1,40,40,11-18:1,1918.2607139901509,27821.26799381604,6.894943517371427,2.066222493454202
0,1,40,40,"9,12-18:2",4706.140450873562,27821.26799381604,16.91562171759971,2.8856730539002045
0,1,40,40,"12,15-18:2",95.36722089213892,27821.26799381604,0.34278531414648905,0.2947460493246519
0,1,40,40,20:0,436.3737675233496,27821.26799381604,1.5684898604202528,0.943318123251539
0,1,40,40,"9,12,15-18:3",9142.639427705515,27821.26799381604,32.8620515417834,3.5222949638176746
0,1,40,40,22:0,285.2636736599482,27821.26799381604,1.0253438977812048,0.7057395122044813
0,1,40,40,23:0,9.528256227730017,27821.26799381604,0.03424810195512262,0.03367469116806741
0,1,40,40,24:0,466.6584817389878,27821.26799381604,1.677344403722771,0.9848254091293278
0,1,40,40,15-24:1,90.2245621255243,27821.26799381604,0.3243006830083335,0.2808845337011081
0,1,40,40,di-16:0,64.02328382711772,27821.26799381604,0.23012352938531944,0.20711459473610033
0,1,40,40,26:0,10.858374120964912,27821.26799381604,0.03902904110401601,0.03828666274092039
0,1,41,41,14:0,60.477963452982756,28595.387235897906,0.21149552182689202,0.1918555648803992
0,1,41,41,15:0,72.0210991423413,28595.387235897906,0.2518626467555854,0.22463255959541775
0,1,41,41,16:0,5335.079285664816,28595.387235897906,18.65713250061288,2.978440249585435
0,1,41,41,9-16:1,1744.838663505726,28595.387235897906,6.101818622394107,1.9603508952471662
0,1,41,41,"7,10-16:2",156.25908255036836,28595.387235897906,0.5464485627045637,0.4359610521336958
0,1,41,41,18:0,761.2804841898925,28595.387235897906,2.6622492568808465,1.2980775097144435
0,1,41,41,11-Me-12-18:1,1611.1655963622852,28595.387235897906,5.6343548806349775,1.8922614333110055
0,1,41,41,9-18:1,561.1612076070733,28595.387235897906,1.962418634088669,1.0860060407975465
0,1,41,41,11-18:1,1744.025418800837,28595.387235897906,6.098974650748681,1.959950358230854
0,1,41,41,"9,12-18:2",6702.05761930517,28595.387235897906,23.437548035340402,3.1961208033841806
0,1,41,41,"12,15-18:2",82.80462094493836,28595.387235897906,0.28957335063113815,0.25431142772353166
0,1,41,41,20:0,503.4928101719974,28595.387235897906,1.7607483543357147,1.0155017858517317
0,1,41,41,"9,12,15-18:3",7757.449063639004,28595.387235897906,27.128323178993373,3.3367770110198594
0,1,41,41,22:0,482.95600032499306,28595.387235897906,1.688929743601103,0.9891432496122318
0,1,41,41,23:0,21.41886210134596,28595.387235897906,0.07490320702654195,0.0722306175504744
0,1,41,41,24:0,827.5613002746148,28595.387235897906,2.8940377461848668,1.359446600324924
0,1,41,41,15-24:1,117.10780662280021,28595.387235897906,0.4095339071883108,0.34325908746453004
0,1,41,41,di-16:0,27.306644510414536,28595.387235897906,0.09549317966967233,0.09120465426464965
0,1,41,41,26:0,26.92370672630421,28595.387235897906,0.09415402038166802,0.08998148054521338
0,1,42,42,14:0,124.4715530816323,39180.13998439748,0.31769042461614483,0.27588052580224376
0,1,42,42,15:0,91.00721911406629,39180.13998439748,0.23227895344505572,0.2088652627323094
0,1,42,42,16:0,7484.010938446698,39180.13998439748,19.101542111454986,3.0007965340849854
0,1,42,42,9-16:1,2251.123682534015,39180.13998439748,5.745573352801877,1.9088864901689233
0,1,42,42,"7,10-16:2",226.66924414035776,39180.13998439748,0.5785309706157844,0.4564946491058442
0,1,42,42,18:0,1360.3799058174443,39180.13998439748,3.4721159913139203,1.4978616727512102
0,1,42,42,11-Me-12-18:1,2238.160997052006,39180.13998439748,5.7124885157207155,1.903969748953924
0,1,42,42,9-18:1,637.377411129229,39180.13998439748,1.6267869675377595,0.9657614139769183
0,1,42,42,11-18:1,2017.9542471495017,39180.13998439748,5.150451856356567,1.8165255516977525
0,1,42,42,"9,12-18:2",8453.754989612604,39180.13998439748,21.576632939492054,3.116915430662358
0,1,42,42,"12,15-18:2",102.51363534870345,39180.13998439748,0.26164693487447205,0.23241795863359282
0,1,42,42,20:0,621.1057913612594,39180.13998439748,1.5852566928260068,0.9498248039301938
0,1,42,42,"9,12,15-18:3",11716.771490762749,39180.13998439748,29.90487398827228,3.430913905713255
0,1,42,42,22:0,567.0967325795212,39180.13998439748,1.4474086432701707,0.8950297681764048
0,1,42,42,23:0,26.527250521598162,39180.13998439748,0.06770585947922081,0.0655122901323834
0,1,42,42,24:0,935.5516294540598,39180.13998439748,2.3878210486910465,1.2201869562363403
0,1,42,42,15-24:1,193.66943426519333,39180.13998439748,0.49430511055426907,0.40166128979166416
0,1,42,42,di-16:0,85.03199108671181,39180.13998439748,0.21702829831790724,0.19641206625593138
0,1,42,42,26:0,46.96184094013206,39180.13998439748,0.11986134035976762,0.11320487439254073
0,5,73,19,14:0,60.574557358630166,31193.27439767745,0.19419108294427836,0.17746903813275341
0,5,73,19,15:0,80.94231071614257,31193.27439767745,0.259486419040924,0.23070403393454766
0,5,73,19,16:0,5196.72713013323,31193.27439767745,16.65976794831184,2.871289055129792
0,5,73,19,9-16:1,2016.9481249395042,31193.27439767745,6.465971155274675,2.0103555170071195
0,5,73,19,"7,10-16:2",218.49139713105504,31193.27439767745,0.7004439301419514,0.5308893523498808
0,5,73,19,18:0,854.3832400169077,31193.27439767745,2.7389982504706922,1.3188177280811717
0,5,73,19,11-Me-12-18:1,1792.9280459586455,31193.27439767745,5.747803270349012,1.909217010487108
0,5,73,19,9-18:1,554.1952035300152,31193.27439767745,1.7766496600026023,1.0212450426428819
0,5,73,19,11-18:1,2085.9181679722083,31193.27439767745,6.687076647931257,2.0395405614284137
0,5,73,19,"9,12-18:2",6528.492766630457,31193.27439767745,20.929167882152658,3.0878176174396104
0,5,73,19,"12,15-18:2",135.84374706174992,31193.27439767745,0.43549050134943323,0.3615066035939638
0,5,73,19,20:0,641.2364350308445,31193.27439767745,2.055688116790294,1.117004810072085
0,5,73,19,"9,12,15-18:3",9988.006282051392,31193.27439767745,32.01974295713907,3.4971056540019334
0,5,73,19,22:0,493.08305918314704,31193.27439767745,1.5807351703348602,0.9480743080852528
0,5,73,19,23:0,11.109537478788397,31193.27439767745,0.03561516927384698,0.0349956165997161
0,5,73,19,24:0,371.10138742723205,31193.27439767745,1.1896839770526402,0.7837572307000814
0,5,73,19,15-24:1,100.04096052347901,31193.27439767745,0.3207132385272376,0.27817192288899467
0,5,73,19,di-16:0,51.842670768356676,31193.27439767745,0.16619823269408585,0.15374908436495366
0,5,73,19,26:0,11.409373765663597,31193.27439767745,0.03657639021863348,0.03592335034066877
0,5,74,20,14:0,55.167409700062954,26607.737051256096,0.20733596996163423,0.18841625463526152
0,5,74,20,15:0,66.84704619691212,26607.737051256096,0.25123161006943434,0.2241283542920824
0,5,74,20,16:0,4996.628761861522,26607.737051256096,18.778856511683852,2.9846135141940535
0,5,74,20,9-16:1,1845.752837573739,26607.737051256096,6.936902728774543,2.0715231146190685
0,5,74,20,"7,10-16:2",297.1263099571922,26607.737051256096,1.11669139463014,0.749854206670679
0,5,74,20,18:0,994.727496850069,26607.737051256096,3.7384896540952175,1.555718446554455
0,5,74,20,11-Me-12-18:1,1482.8464908736717,26607.737051256096,5.572989871394078,1.8829688083391412
0,5,74,20,9-18:1,236.43586712251442,26607.737051256096,0.888598179796552,0.6358348500618455
0,5,74,20,11-18:1,1656.3136403612996,26607.737051256096,6.224932384030413,1.9775378753429962
0,5,74,20,"9,12-18:2",5490.141565234511,26607.737051256096,20.63362831141378,3.07424897029938
0,5,74,20,"12,15-18:2",66.09948101784828,26607.737051256096,0.24842203187184553,0.22188037934578947
0,5,74,20,20:0,385.08092827023336,26607.737051256096,1.447251705503661,0.8949656420653447
0,5,74,20,"9,12,15-18:3",8290.327016490233,26607.737051256096,31.157580220069352,3.4706481995666842
0,5,74,20,22:0,251.25954158134962,26607.737051256096,0.944310074537091,0.6649071966816397
0,5,74,20,23:0,11.44371560725431,26607.737051256096,0.04300897737079101,0.042109783240261434
0,5,74,20,24:0,365.1153343434328,26607.737051256096,1.3722149074161738,0.8638240788088621
0,5,74,20,15-24:1,81.01429043608042,26607.737051256096,0.3044764396161075,0.26580176457766225
0,5,74,20,di-16:0,23.27190048327606,26607.737051256096,0.0874629076439157,0.08384737548537326
0,5,74,20,26:0,12.137417294892016,26607.737051256096,0.04561612012141797,0.04460630031061851
0,5,75,21,14:0,39.718876717633975,17483.778358541877,0.22717559044226227,0.2047152609850761
0,5,75,21,15:0,60.44826517141255,17483.778358541877,0.34573914134458206,0.2969434095759821
0,5,75,21,16:0,3018.958765848074,17483.778358541877,17.267198793864434,2.905107035912532
0,5,75,21,9-16:1,1395.7673684346316,17483.778358541877,7.983213581249246,2.1953576781248625
0,5,75,21,"7,10-16:2",210.59089565982777,17483.778358541877,1.2044930525954731,0.7904975743459192
0,5,75,21,18:0,568.2544838023254,17483.778358541877,3.2501812374251413,1.446961626127125
0,5,75,21,11-Me-12-18:1,1135.9198150667962,17483.778358541877,6.4969927653643085,2.0145019755163656
0,5,75,21,9-18:1,170.56606048377435,17483.778358541877,0.9755675059815808,0.6808557018782749
0,5,75,21,11-18:1,1140.3763705703905,17483.778358541877,6.5224824244769035,2.017896193125436
0,5,75,21,"9,12-18:2",3781.5203700978605,17483.778358541877,21.628736606869424,3.119220629844368
0,5,75,21,"12,15-18:2",97.81651245544441,17483.778358541877,0.559470101081756,0.4443460847637905
0,5,75,21,20:0,385.12111427720725,17483.778358541877,2.2027339078515165,1.1640047912632934
0,5,75,21,"9,12,15-18:3",4914.362384104035,17483.778358541877,28.108125619786723,3.371017366120255
0,5,75,21,22:0,223.2262494032417,17483.778358541877,1.2767620638143258,0.8227542861513579
0,5,75,21,23:0,13.686656023010789,17483.778358541877,0.07828202658679916,0.0753690584805947
0,5,75,21,24:0,252.92768810990023,17483.778358541877,1.4466420411142413,0.8947164889679793
0,5,75,21,15-24:1,45.625101311471035,17483.778358541877,0.2609567587499211,0.2318707651576486
0,5,75,21,di-16:0,21.91536753313898,17483.778358541877,0.12534686200956102,0.11809130992126564
0,5,75,21,26:0,6.976013471700999,17483.778358541877,0.039899919391810396,0.03912447716871901
0,5,55,55,14:0,57.96730078999278,67809.85056523999,0.08548507378617849,0.08202695969922724
0,5,55,55,14:0,83.6002291041061,67809.85056523999,0.12328626063505944,0.11625855033896788
0,5,55,55,15:0,58.19616957464602,67809.85056523999,0.08582258932816166,0.0823378465905096
0,5,55,55,15:0,83.9303028279303,67809.85056523999,0.12377302431477975,0.11669179541674074
0,5,55,55,16:0,4630.394763005573,67809.85056523999,6.828498698062549,2.0577707544620307
0,5,55,55,16:0,6677.938385161909,67809.85056523999,9.84803583770923,2.3839840348162213
0,5,55,55,9-16:1,1850.401234652671,67809.85056523999,2.7288088960945234,1.3160888518530278
0,5,55,55,9-16:1,2668.6418902256323,67809.85056523999,3.9354782055715147,1.5964495690158917
0,5,55,55,"7,10-16:2",335.07979757494775,67809.85056523999,0.49414619672781435,0.4015549378318934
0,5,55,55,"7,10-16:2",483.2508580468376,67809.85056523999,0.7126558369007184,0.5380452866640809
0,5,55,55,18:0,1235.5453298029086,67809.85056523999,1.8220735180859717,1.037471904858103
0,5,55,55,18:0,1781.8989539334107,67809.85056523999,2.6277877610407683,1.288623030277286
0,5,55,55,11-Me-12-18:1,1699.753743683363,67809.85056523999,2.5066472341625743,1.25466037703748
0,5,55,55,11-Me-12-18:1,2451.378629950331,67809.85056523999,3.6150774695954455,1.5293286542918105
0,5,55,55,9-18:1,415.13422651626877,67809.85056523999,0.6122034233313453,0.4776018292563417
0,5,55,55,9-18:1,598.7050625567049,67809.85056523999,0.8829175371514638,0.6328224553817332
0,5,55,55,11-18:1,1575.7521242447424,67809.85056523999,2.3237805585911273,1.2011028575429452
0,5,55,55,11-18:1,2272.5439481026206,67809.85056523999,3.35134781917297,1.4704856405970512
0,5,55,55,"9,12-18:2",5610.005704095716,67809.85056523999,8.27314270320994,2.227122340808913
0,5,55,55,"9,12-18:2",8090.729700126209,67809.85056523999,11.931496136158126,2.5596658965428927
0,5,55,55,"12,15-18:2",116.18835959341408,67809.85056523999,0.1713443675585585,0.15815212127885586
0,5,55,55,"12,15-18:2",167.5664270867095,67809.85056523999,0.2471122199649939,0.22083065460154813
0,5,55,55,20:0,539.9316731444538,67809.85056523999,0.7962437148050998,0.5856976593403133
0,5,55,55,20:0,778.6874834653706,67809.85056523999,1.1483397721341295,0.7646953448329622
0,5,55,55,"9,12,15-18:3",8924.294320405392,67809.85056523999,13.160763880196596,2.6504750331520897
0,5,55,55,"9,12,15-18:3",12870.584615993757,67809.85056523999,18.980405514403756,2.99475206903065
0,5,55,55,22:0,224.66816828084538,67809.85056523999,0.33132084263287337,0.28617156418300893
0,5,55,55,22:0,324.01561026145,67809.85056523999,0.4778297069829315,0.390574597337729
0,5,55,55,23:0,12.644042148663065,67809.85056523999,0.018646320620480068,0.01847460922381758
0,5,55,55,23:0,18.23519132380733,67809.85056523999,0.026891655374263385,0.026536429153711114
0,5,55,55,24:0,342.60602287354425,67809.85056523999,0.5052452114518706,0.4089558161262493
0,5,55,55,24:0,494.10515263494096,67809.85056523999,0.7286627953258228,0.5473481589505734
0,5,55,55,15-24:1,97.07538206629602,67809.85056523999,0.1431582303413272,0.13379480947591857
0,5,55,55,15-24:1,140.001760829133,67809.85056523999,0.206462275999911,0.18769233829192977
0,5,55,55,di-16:0,22.64468022346274,67809.85056523999,0.033394381545902754,0.03284889999329024
0,5,55,55,di-16:0,32.65807496417916,67809.85056523999,0.04816125487956762,0.047037443222098185
0,5,55,55,26:0,17.646102093591495,67809.85056523999,0.026022918420405817,0.025690084140817457
0,5,55,55,26:0,25.449143874461214,67809.85056523999,0.037530157731252546,0.036843040393032656
0,5,56,56,14:0,41.87840724435261,68681.25680289375,0.060975015883209846,0.05918831164791197
0,5,56,56,14:0,66.51450693018106,68681.25680289375,0.09684520934302208,0.09243806772995249
0,5,56,56,15:0,74.68246467752292,68681.25680289375,0.10873776653774966,0.1032222210184367
0,5,56,56,15:0,118.61643365211731,68681.25680289375,0.1727056829966449,0.15931362855197037
0,5,56,56,16:0,4671.233682375053,68681.25680289375,6.8013223691885605,2.0542932538375487
0,5,56,56,16:0,7419.212562835228,68681.25680289375,10.80238322389382,2.4683014792053974
0,5,56,56,9-16:1,1862.9006632222543,68681.25680289375,2.7123858093752364,1.3116747452383235
0,5,56,56,9-16:1,2958.8020946246716,68681.25680289375,4.308019731083325,1.6692188336980418
0,5,56,56,"7,10-16:2",206.63701665448286,68681.25680289375,0.3008637673120982,0.2630284802212808
0,5,56,56,"7,10-16:2",328.19680070688446,68681.25680289375,0.47785497235259755,0.39059169345751693
0,5,56,56,18:0,861.8786209435261,68681.25680289375,1.2548964026925211,0.8131040307430045
0,5,56,56,18:0,1368.901906207376,68681.25680289375,1.9931229711418152,1.0963173142750635
0,5,56,56,11-Me-12-18:1,1755.471396030882,68681.25680289375,2.555968655420584,1.2686275030516692
0,5,56,56,11-Me-12-18:1,2788.1746709165172,68681.25680289375,4.059585978337896,1.6212846574888675
0,5,56,56,9-18:1,567.4531065362731,68681.25680289375,0.8262124674928264,0.6022441321907218
0,5,56,56,9-18:1,901.272662234535,68681.25680289375,1.3122541784887105,0.8382228835599997
0,5,56,56,11-18:1,1232.2879254883558,68681.25680289375,1.7942128360068619,1.0275504340275996
0,5,56,56,11-18:1,1957.214449002877,68681.25680289375,2.849706805191156,1.3479969909039884
0,5,56,56,"9,12-18:2",6313.092884649046,68681.25680289375,9.191871521464435,2.3215904929285753
0,5,56,56,"9,12-18:2",10026.939610591131,68681.25680289375,14.599237226201522,2.7472220173037423
0,5,56,56,"12,15-18:2",70.74653337501401,68681.25680289375,0.10300704539820424,0.0980401277380047
0,5,56,56,"12,15-18:2",112.36508487540974,68681.25680289375,0.16360371097733822,0.15152183685463713
0,5,56,56,20:0,347.13476497378934,68681.25680289375,0.5054286731677331,0.4090776903133055
0,5,56,56,20:0,551.3461291837825,68681.25680289375,0.8027606873387219,0.589319205150354
0,5,56,56,"9,12,15-18:3",7861.221131739882,68681.25680289375,11.445948280038849,2.5213951305895286
0,5,56,56,"9,12,15-18:3",12485.795947201656,68681.25680289375,18.17933527779531,2.9538334118054688
0,5,56,56,22:0,250.99083546441642,68681.25680289375,0.3654429856819996,0.31147890762308705
0,5,56,56,22:0,398.64294665029684,68681.25680289375,0.5804246532563463,0.4576935788110215
0,5,56,56,23:0,13.882481031227366,68681.25680289375,0.020212910592286155,0.02001134138866846
0,5,56,56,23:0,22.049223968139344,68681.25680289375,0.03210369902143424,0.031599145559138855
0,5,56,56,24:0,276.1494750424543,68681.25680289375,0.40207399791032833,0.3379525674694475
0,5,56,56,24:0,438.60183278470186,68681.25680289375,0.638604843885475,0.49384517483342266
0,5,56,56,15-24:1,64.43904067574644,68681.25680289375,0.09382332775400147,0.08967919896038216
0,5,56,56,15-24:1,102.34703990990843,68681.25680289375,0.14901742436605533,0.1389071635610817
0,5,56,56,di-16:0,53.61199234562826,68681.25680289375,0.0780591311825986,0.07516232365647718
0,5,56,56,di-16:0,85.15068912738997,68681.25680289375,0.12397951506880739,0.11687552627767006
0,5,56,56,26:0,9.82112423856987,68681.25680289375,0.014299569774553218,0.014198295239763629
0,5,56,56,26:0,15.598664782472515,68681.25680289375,0.022711676385361798,0.022457605979244743
0,5,57,57,14:0,58.61118886580647,43619.81845064719,0.13436825495301175,0.12607589240646894
0,5,57,57,14:0,53.371146424801914,43619.81845064719,0.12235526950940359,0.1154293964722475
0,5,57,57,15:0,52.25026803820006,43619.81845064719,0.11978561556215012,0.11313725230822415
0,5,57,57,15:0,47.57891385869523,43619.81845064719,0.10907636837720332,0.10352756837532646
0,5,57,57,16:0,4094.1608729814056,43619.81845064719,9.386010805188622,2.3404597857825165
0,5,57,57,16:0,3728.128769728186,43619.81845064719,8.546869065826824,2.2562132542289426
0,5,57,57,9-16:1,1375.9345741894183,43619.81845064719,3.154379415279303,1.424163058615444
0,5,57,57,9-16:1,1252.9212775080343,43619.81845064719,2.8723670157536954,1.3538659520487857
0,5,57,57,"7,10-16:2",177.12771722709334,43619.81845064719,0.40607165164499964,0.3407997534306707
0,5,57,57,"7,10-16:2",161.29188837411976,43619.81845064719,0.3697674454023929,0.3146409775497663
0,5,57,57,18:0,745.6122456643923,43619.81845064719,1.7093428449455859,0.9967061128455101
0,5,57,57,18:0,678.9519392038031,43619.81845064719,1.5565216988970056,0.9386476232378657
0,5,57,57,11-Me-12-18:1,1306.43690606335,43619.81845064719,2.9950535157350395,1.3850569748068746
0,5,57,57,11-Me-12-18:1,1189.6369406174958,43619.81845064719,2.727285401161144,1.3156801942116827
0,5,57,57,9-18:1,334.05379647929465,43619.81845064719,0.7658303228777842,0.5686210176551435
0,5,57,57,9-18:1,304.1882348859619,43619.81845064719,0.6973624505799579,0.529075546581378
0,5,57,57,11-18:1,1311.9357439779014,43619.81845064719,3.007659799093997,1.3882074797144435
0,5,57,57,11-18:1,1194.644163456393,43619.81845064719,2.7387646393073606,1.318755246516337
0,5,57,57,"9,12-18:2",4999.879379547591,43619.81845064719,11.46240300198546,2.522716352066932
0,5,57,57,"9,12-18:2",4552.872917885156,43619.81845064719,10.437624638526218,2.4369083278997477
0,5,57,57,"12,15-18:2",77.39054724565412,43619.81845064719,0.17742060832558526,0.16332612070802446
0,5,57,57,"12,15-18:2",70.47156539343001,43619.81845064719,0.16155859399819308,0.1497627187903603
0,5,57,57,20:0,404.11488162879164,43619.81845064719,0.9264478761781636,0.6556778284907785
0,5,57,57,20:0,367.9856173747477,43619.81845064719,0.8436202406277734,0.6117311606647503
0,5,57,57,"9,12,15-18:3",7185.842277688672,43619.81845064719,16.47380143459092,2.8607026983336525
0,5,57,57,"9,12,15-18:3",6543.403193307282,43619.81845064719,15.000986766395396,2.7726503932377984
0,5,57,57,22:0,291.46383818374494,43619.81845064719,0.6681913142612369,0.5117399941586828
0,5,57,57,22:0,265.40596575945915,43619.81845064719,0.6084527061013508,0.4752726647787333
0,5,57,57,23:0,11.519169112215437,43619.81845064719,0.026408108794053285,0.02606543451611619
0,5,57,57,23:0,10.489315662709108,43619.81845064719,0.024047132783409093,0.02376255366685309
0,5,57,57,24:0,286.31113358695893,43619.81845064719,0.6563785539614297,0.5046336252264604
0,5,57,57,24:0,260.71393072586756,43619.81845064719,0.5976960473158488,0.46856262106438207
0,5,57,57,15-24:1,84.90213762748364,43619.81845064719,0.19464119898514604,0.17784588840357368
0,5,57,57,15-24:1,77.31159368682708,43619.81845064719,0.17723960445708828,0.16317237974117849
0,5,57,57,di-16:0,20.03684739116808,43619.81845064719,0.04593519208209999,0.04491140586676292
0,5,57,57,di-16:0,18.24548412511932,43619.81845064719,0.04182842747445825,0.04097727283943283
0,5,57,57,26:0,12.887109609028323,43619.81845064719,0.029544161499913617,0.029116142631664736
0,5,57,57,26:0,11.734957560930521,43619.81845064719,0.026902811560776705,0.026547293129335785
50,1,43,43,14:0,60.26636136707604,32005.068237008036,0.1883025554602285,0.17252586482926963
50,1,43,43,15:0,68.14807087259737,32005.068237008036,0.21292899726986533,0.19303809343406345
50,1,43,43,16:0,5996.978760650102,32005.068237008036,18.737590922289264,2.9825249861469203
50,1,43,43,9-16:1,1725.7046273398453,32005.068237008036,5.391972966782749,1.8550429792283014
50,1,43,43,"7,10-16:2",146.7722502073896,32005.068237008036,0.4585906492074721,0.37747066074768776
50,1,43,43,18:0,719.7052417880348,32005.068237008036,2.24872272247127,1.1782619106231986
50,1,43,43,11-Me-12-18:1,2120.983619189398,32005.068237008036,6.627024205925193,2.0316977568921817
50,1,43,43,9-18:1,665.9821948684553,32005.068237008036,2.080864786591419,1.1252103324429406
50,1,43,43,11-18:1,1423.3968043348953,32005.068237008036,4.447410621949545,1.6951403805335294
50,1,43,43,"9,12-18:2",8017.425798406925,32005.068237008036,25.050488063438124,3.260036503664485
50,1,43,43,"12,15-18:2",53.70198986064831,32005.068237008036,0.16779214299112707,0.15511490880144627
50,1,43,43,20:0,454.62625372682254,32005.068237008036,1.4204820635287072,0.8839667201361991
50,1,43,43,"9,12,15-18:3",9300.987085198678,32005.068237008036,29.06098189299837,3.403228048229094
50,1,43,43,22:0,411.76547068237346,32005.068237008036,1.2865633268865888,0.8270499597248311
50,1,43,43,23:0,25.329843945710703,32005.068237008036,0.07914322743552644,0.07616741837080572
50,1,43,43,24:0,607.8907320724866,32005.068237008036,1.899357712881148,1.0644892341456385
50,1,43,43,15-24:1,100.76019994964301,32005.068237008036,0.3148257619808233,0.2737041564559639
50,1,43,43,di-16:0,79.21862014223382,32005.068237008036,0.24751898529193542,0.221156767198624
50,1,43,43,26:0,25.424312404721505,32005.068237008036,0.0794383946206461,0.07644090090576605
50,1,44,44,14:0,40.40090220996601,26314.939941559736,0.15352838463507196,0.14282540572819638
50,1,44,44,15:0,62.123485135710986,26314.939941559736,0.23607686460115404,0.21194254529052972
50,1,44,44,16:0,4686.764056619949,26314.939941559736,17.810278370493425,2.9344034422727283
50,1,44,44,9-16:1,1634.8782194712262,26314.939941559736,6.212737794963495,1.975848601129684
50,1,44,44,"7,10-16:2",192.18927581777734,26314.939941559736,0.7303428251958455,0.5483195537307165
50,1,44,44,18:0,581.9894511193438,26314.939941559736,2.2116313106236496,1.166779004509804
50,1,44,44,11-Me-12-18:1,1899.0225029287724,26314.939941559736,7.216518476371691,2.1061465763279337
50,1,44,44,9-18:1,446.79208871440954,26314.939941559736,1.6978647479593194,0.9924606260468989
50,1,44,44,11-18:1,1214.4930921743257,26314.939941559736,4.615222739901646,1.7254812561305417
50,1,44,44,"9,12-18:2",6643.2794171721625,26314.939941559736,25.245276758850938,3.2674860398515944
50,1,44,44,"12,15-18:2",86.58678565973764,26314.939941559736,0.3290404076620723,0.2844571838302777
50,1,44,44,20:0,394.95328529050335,26314.939941559736,1.5008709355507415,0.9166390454262427
50,1,44,44,"9,12,15-18:3",7470.487052837502,26314.939941559736,28.388767253233233,3.3806125351221863
50,1,44,44,22:0,332.1712444544959,26314.939941559736,1.2622914784992187,0.816378228145323
50,1,44,44,23:0,16.66233433125497,26314.939941559736,0.06331891453394427,0.06139506803728044
50,1,44,44,24:0,424.0996956739613,26314.939941559736,1.6116308705845523,0.9599748808243297
50,1,44,44,15-24:1,88.48872454923692,26314.939941559736,0.3362680087651837,0.28988066035905014
50,1,44,44,di-16:0,83.01091032887413,26314.939941559736,0.31545164272928194,0.2741800612096987
50,1,44,44,26:0,16.547417070527562,26314.939941559736,0.06288221484554438,0.06098428874786481
50,1,45,45,14:0,54.73892099290104,29320.71272316893,0.186690281064167,0.17116815577100594
50,1,45,45,15:0,69.29450188995436,29320.71272316893,0.2363329382344739,0.2121496902662064
50,1,45,45,16:0,5389.452283886109,29320.71272316893,18.381041193543084,2.9642953301764976
50,1,45,45,9-16:1,1975.1896494816428,29320.71272316893,6.736499443688038,2.045949317040141
50,1,45,45,"7,10-16:2",232.6791149549796,29320.71272316893,0.7935656856360076,0.584205641593876
50,1,45,45,18:0,511.0072428205292,29320.71272316893,1.742819990923128,1.0089865849107456
50,1,45,45,11-Me-12-18:1,1988.736209147941,29320.71272316893,6.782700775129732,2.051903421282865
50,1,45,45,9-18:1,477.0593657663471,29320.71272316893,1.627038777230608,0.9658572716262863
50,1,45,45,11-18:1,1568.3341253781382,29320.71272316893,5.348894960997509,1.8482807758708781
50,1,45,45,"9,12-18:2",7218.588093855621,29320.71272316893,24.61941550333313,3.2433504821307917
50,1,45,45,"12,15-18:2",75.96900454869142,29320.71272316893,0.25909671864375067,0.23039457390962143
50,1,45,45,20:0,415.46213061417006,29320.71272316893,1.416957815919243,0.8825096484946674
50,1,45,45,"9,12,15-18:3",8207.81321557548,29320.71272316893,27.993225448062688,3.3670621974573023
50,1,45,45,22:0,456.5514725766807,29320.71272316893,1.557095411994942,0.9388720096508106
50,1,45,45,23:0,13.797091451497675,29320.71272316893,0.047055784699924275,0.04598221098473053
50,1,45,45,24:0,465.0829741021159,29320.71272316893,1.5861925952932652,0.9501867537146095
50,1,45,45,15-24:1,89.04268625134823,29320.71272316893,0.303685272223917,0.265195078716992
50,1,45,45,di-16:0,100.22690999045821,29320.71272316893,0.3418297192730241,0.294034144711195
50,1,45,45,26:0,11.68772988432381,29320.71272316893,0.03986168410936438,0.03908770825983449
50,1,46,46,14:0,44.52471950289259,30737.988670963932,0.14485241692131937,0.13527573518022118
50,1,46,46,15:0,62.2968202601688,30737.988670963932,0.2026704509752661,0.18454446012537637
50,1,46,46,16:0,5456.8934490704805,30737.988670963932,17.7529294694068,2.93134997858084
50,1,46,46,9-16:1,1931.546334249419,30737.988670963932,6.283906064660692,1.9856672656620373
50,1,46,46,"7,10-16:2",220.14701774888434,30737.988670963932,0.7162050194808033,0.540115469151088
50,1,46,46,18:0,731.7231244326497,30737.988670963932,2.3805172559122525,1.2180287320799403
50,1,46,46,11-Me-12-18:1,1948.29519214738,30737.988670963932,6.338395179343015,1.9931201783046408
50,1,46,46,9-18:1,499.7714873847766,30737.988670963932,1.6259082295025908,0.9654268283935546
50,1,46,46,11-18:1,1631.8603856083057,30737.988670963932,5.3089367787743775,1.841967164538714
50,1,46,46,"9,12-18:2",7946.244882771584,30737.988670963932,25.85154470525866,3.290323350222144
50,1,46,46,"12,15-18:2",97.94802557461014,30737.988670963932,0.31865463489852514,0.27661200085850973
50,1,46,46,20:0,440.9762380316814,30737.988670963932,1.434629450716928,0.8897945686576161
50,1,46,46,"9,12,15-18:3",8416.598141880922,30737.988670963932,27.381746515612143,3.345746210205249
50,1,46,46,22:0,339.5730566876593,30737.988670963932,1.1047341461493565,0.7441891627921857
50,1,46,46,23:0,15.937795530907142,30737.988670963932,0.051850482806516496,0.050550977604799235
50,1,46,46,24:0,698.1137639381838,30737.988670963932,2.2711758124813284,1.1851494959596827
50,1,46,46,15-24:1,135.3084464571282,30737.988670963932,0.44019941547100905,0.364781586966007
50,1,46,46,di-16:0,96.64894894106658,30737.988670963932,0.31442834459876096,0.2734018521757542
50,1,46,46,26:0,23.580840745232468,30737.988670963932,0.07671562702964904,0.07391532155388938
50,1,47,47,14:0,31.831276493966588,27076.87536964888,0.11755889872598457,0.11114675191174972
50,1,47,47,15:0,62.201395772569334,27076.87536964888,0.22972146868280222,0.20678769551569137
50,1,47,47,16:0,4737.565575261209,27076.87536964888,17.49672187275959,2.917593520316152
50,1,47,47,9-16:1,1734.6685966981963,27076.87536964888,6.4064578095396785,2.0023522966137914
50,1,47,47,"7,10-16:2",170.82900824115785,27076.87536964888,0.6309036988538352,0.48913427766138423
50,1,47,47,18:0,634.5950179262036,27076.87536964888,2.343678911480076,1.207071671318072
50,1,47,47,11-Me-12-18:1,1980.403915102921,27076.87536964888,7.314004618578713,2.1179413963485394
50,1,47,47,9-18:1,427.7346961930941,27076.87536964888,1.5797047862935922,0.9476749684693979
50,1,47,47,11-18:1,1421.0503630254095,27076.87536964888,5.24820661034729,1.832294480228045
50,1,47,47,"9,12-18:2",6728.032325033894,27076.87536964888,24.847890434859806,3.2522289896885384
50,1,47,47,"12,15-18:2",74.42196898547566,27076.87536964888,0.27485434700082506,0.24283193443836082
50,1,47,47,20:0,302.3002792997401,27076.87536964888,1.1164518622359054,0.749741036678569
50,1,47,47,"9,12,15-18:3",7412.535139332304,27076.87536964888,27.375888237241707,3.345539778826748
50,1,47,47,22:0,497.3206725926585,27076.87536964888,1.8366989019350337,1.042641017636989
50,1,47,47,23:0,12.122647269209601,27076.87536964888,0.04477121936602097,0.04379793261201475
50,1,47,47,24:0,676.2672956421582,27076.87536964888,2.4975824810280822,1.2520720101323466
50,1,47,47,15-24:1,81.425805978725,27076.87536964888,0.3007208360163933,0.26291860003851386
50,1,47,47,di-16:0,67.3862897148715,27076.87536964888,0.2488702584582799,0.2222393494134769
50,1,47,47,26:0,24.18310108511244,27076.87536964888,0.08931274659638114,0.08554698967773403
50,1,48,48,14:0,44.644038936718594,30757.612887678548,0.14514793166735943,0.1355338266236243
50,1,48,48,15:0,61.3326648793439,30757.612887678548,0.19940645297578888,0.1818268119077083
50,1,48,48,16:0,5613.455793729594,30757.612887678548,18.250622420631142,2.9575433937503557
50,1,48,48,9-16:1,1576.3631756663622,30757.612887678548,5.125115467910225,1.812397608156806
50,1,48,48,"7,10-16:2",174.5734391368564,30757.612887678548,0.567577983942929,0.4495317428092273
50,1,48,48,18:0,601.0255539262077,30757.612887678548,1.954070870587547,1.0831841752186728
50,1,48,48,11-Me-12-18:1,1450.2983466851886,30757.612887678548,4.715250016252646,1.7431380436656765
50,1,48,48,9-18:1,639.3691662870378,30757.612887678548,2.078734681465375,1.1245186948707238
50,1,48,48,11-18:1,1610.6742085755243,30757.612887678548,5.23666844516649,1.8304461367861788
50,1,48,48,"9,12-18:2",8165.45804393669,30757.612887678548,26.547762577530065,3.3159213191441532
50,1,48,48,"12,15-18:2",71.43707600283896,30757.612887678548,0.23225819332506312,0.20884841565818818
50,1,48,48,20:0,323.5072425507305,30757.612887678548,1.0517956765114467,0.7187153495006455
50,1,48,48,"9,12,15-18:3",9429.318422758452,30757.612887678548,30.656860326556167,3.454954881075342
50,1,48,48,22:0,288.3183024520502,30757.612887678548,0.9373884231683991,0.6613408925449934
50,1,48,48,23:0,7.006179918105359,30757.612887678548,0.022778685536132826,0.022523124890545847
50,1,48,48,24:0,530.6922179901375,30757.612887678548,1.7254011874332806,1.002615642024866
50,1,48,48,15-24:1,98.04534531752954,30757.612887678548,0.318767732969311,0.2766977649532054
50,1,48,48,di-16:0,63.2499305378339,30757.612887678548,0.20563992000553372,0.1870104799298747
50,1,48,48,26:0,8.843738391347891,30757.612887678548,0.028753006365102796,0.028347395352481503
50,5,79,22,14:0,44.70157589355085,17035.549724274795,0.2624017223808949,0.23301603547870586
50,5,79,22,15:0,33.555066958205835,17035.549724274795,0.19697084920242736,0.17979407306494535
50,5,79,22,16:0,2927.086914448722,17035.549724274795,17.18222752904634,2.9004446075937764
50,5,79,22,9-16:1,996.661153591444,17035.549724274795,5.850478380343971,1.924318486382241
50,5,79,22,"7,10-16:2",137.82682906735482,17035.549724274795,0.8090541913711101,0.5928041624990804
50,5,79,22,18:0,434.3411961236867,17035.549724274795,2.549616555694546,1.2668395851731467
50,5,79,22,11-Me-12-18:1,1006.5416282904978,17035.549724274795,5.908477534224956,1.932749285605841
50,5,79,22,9-18:1,237.70364363112108,17035.549724274795,1.3953388501012411,0.8735247031521715
50,5,79,22,11-18:1,984.6589807225643,17035.549724274795,5.780024693417877,1.9139807440427037
50,5,79,22,"9,12-18:2",4557.998979584104,17035.549724274795,26.755808021206303,3.323445116354148
50,5,79,22,"12,15-18:2",134.80995109074965,17035.549724274795,0.7913448833333057,0.58296666921559
50,5,79,22,20:0,354.2451503338269,17035.549724274795,2.0794465460016562,1.1247498879821822
50,5,79,22,"9,12,15-18:3",4694.219937347928,17035.549724274795,27.55543562330074,3.3518473075879496
50,5,79,22,22:0,233.6916866766108,17035.549724274795,1.371788351177256,0.8636442491515808
50,5,79,22,23:0,11.739331164558301,17035.549724274795,0.06891078570731621,0.0666401727205342
50,5,79,22,24:0,138.6932950165171,17035.549724274795,0.8141404137894428,0.5956117543143976
50,5,79,22,15-24:1,47.192684473207045,17035.549724274795,0.27702472322310717,0.2445329372569681
50,5,79,22,di-16:0,52.33918693681869,17035.549724274795,0.30723509240349317,0.26791429023717656
50,5,79,22,26:0,7.542532923329439,17035.549724274795,0.04427525407402446,0.04332310803762595
50,5,80,23,14:0,33.717020275743806,19382.188248232407,0.1739587906376809,0.16038161911834528
50,5,80,23,15:0,61.72685787308399,19382.188248232407,0.3184720790167399,0.2764735502629327
50,5,80,23,16:0,3258.6384479440703,19382.188248232407,16.812541526322487,2.879902789328467
50,5,80,23,9-16:1,1374.6993621631625,19382.188248232407,7.092591117974156,2.0909489663130025
50,5,80,23,"7,10-16:2",154.89167675331842,19382.188248232407,0.7991444246107972,0.5873112322412519
50,5,80,23,18:0,566.9423227923903,19382.188248232407,2.9250687049956476,1.3673838555386604
50,5,80,23,11-Me-12-18:1,1136.9979282255938,19382.188248232407,5.866200006231414,1.9266108245604616
50,5,80,23,9-18:1,228.58832265567744,19382.188248232407,1.1793731426405063,0.7790372862033116
50,5,80,23,11-18:1,1128.190164543101,19382.188248232407,5.820757440254396,1.9199705273093648
50,5,80,23,"9,12-18:2",4812.8154114985355,19382.188248232407,24.831125102385943,3.251580164129935
50,5,80,23,"12,15-18:2",113.0973242273449,19382.188248232407,0.5835116385151146,0.459644936837002
50,5,80,23,20:0,311.04061135739823,19382.188248232407,1.6047755154053058,0.9573464969835741
50,5,80,23,"9,12,15-18:3",5619.492718470744,19382.188248232407,28.99307676976682,3.4009665806885536
50,5,80,23,22:0,221.8834531091175,19382.188248232407,1.1447801985379673,0.7630370755853417
50,5,80,23,23:0,11.691581181252246,19382.188248232407,0.060321265233395316,0.05857194261325015
50,5,80,23,24:0,266.7700597300489,19382.188248232407,1.376367086695577,0.8655728873343463
50,5,80,23,15-24:1,47.653472973402806,19382.188248232407,0.24586219245780286,0.21982781429502626
50,5,80,23,di-16:0,22.797847802886494,19382.188248232407,0.11762267248108885,0.11120381551315293
50,5,80,23,26:0,10.55366465553431,19382.188248232407,0.054450325837160155,0.05301961298707345
50,5,81,24,14:0,34.12938398959754,21476.686426807606,0.1589136392427679,0.14748304841723625
50,5,81,24,15:0,9.036095711840458,21476.686426807606,0.04207397515736614,0.04121293424443354
50,5,81,24,16:0,3676.5788240286543,21476.686426807606,17.118929573043815,2.8969572245345456
50,5,81,24,9-16:1,1418.366201954867,21476.686426807606,6.604213395714692,2.0287024878455964
50,5,81,24,"7,10-16:2",127.65666694049699,21476.686426807606,0.594396474407493,0.466495278679365
50,5,81,24,18:0,682.64096481451,21476.686426807606,3.1785208912042626,1.4299573301367592
50,5,81,24,11-Me-12-18:1,1315.9365306984469,21476.686426807606,6.127279155390889,1.9639295564619188
50,5,81,24,9-18:1,383.0015823955945,21476.686426807606,1.7833364737193567,1.0236503784764215
50,5,81,24,11-18:1,916.9171461602699,21476.686426807606,4.269360402896029,1.6619089895134838
50,5,81,24,"9,12-18:2",5854.290795349608,21476.686426807606,27.25881767329885,3.3414055389182846
50,5,81,24,"12,15-18:2",67.37823721458517,21476.686426807606,0.3137273407804771,0.2728683953194441
50,5,81,24,20:0,312.5680545249806,21476.686426807606,1.4553830526427356,0.8982827786648425
50,5,81,24,"9,12,15-18:3",6094.789279599266,21476.686426807606,28.378629544973165,3.3802675238093514
50,5,81,24,22:0,179.04273812877142,21476.686426807606,0.8336609035986431,0.6063144623000631
50,5,81,24,23:0,19.66054874636794,21476.686426807606,0.091543678366637,0.08759291303417899
50,5,81,24,24:0,282.16907110224093,21476.686426807606,1.3138389484051514,0.838908027561629
50,5,81,24,15-24:1,61.93545841292747,21476.686426807606,0.2883846100933823,0.2533891934279225
50,5,81,24,di-16:0,29.96660244682736,21476.686426807606,0.13953084685085534,0.13061663985133584
50,5,81,24,26:0,10.622244587755663,21476.686426807606,0.04945942021343095,0.04827519370292909
50,5,82,58,14:0,74.6837205745123,30480.535227326796,0.24502102741147375,0.21915241926117268
50,5,82,58,15:0,74.94623986075146,30480.535227326796,0.24588229603514214,0.21984395044175606
50,5,82,58,16:0,5248.309479548076,30480.535227326796,17.218560764782094,2.9024408966581037
50,5,82,58,9-16:1,2283.4318427697203,30480.535227326796,7.491442737929842,2.139058919682356
50,5,82,58,"7,10-16:2",274.05204285888505,30480.535227326796,0.8991050872794006,0.6413827685188462
50,5,82,58,18:0,789.8063701998658,30480.535227326796,2.591182747643416,1.2784816044095035
50,5,82,58,11-Me-12-18:1,1948.8025617056921,30480.535227326796,6.393596920694907,2.000614344651267
50,5,82,58,9-18:1,660.0828962112508,30480.535227326796,2.1655882722802877,1.1523389063438676
50,5,82,58,11-18:1,2187.5447628077063,30480.535227326796,7.176858104665107,2.1013079820471434
50,5,82,58,"9,12-18:2",7248.148893591759,30480.535227326796,23.779598486491,3.210020672941839
50,5,82,58,"12,15-18:2",91.77511982767025,30480.535227326796,0.3010941873008544,0.26320559299049373
50,5,82,58,20:0,538.7765121429678,30480.535227326796,1.7676084364159623,1.0179835669165123
50,5,82,58,"9,12,15-18:3",8154.233050438551,30480.535227326796,26.752263336662192,3.323317398547991
50,5,82,58,22:0,336.90347861880815,30480.535227326796,1.105306964284417,0.7444612827661098
50,5,82,58,23:0,8.67856432195528,30480.535227326796,0.028472480083534306,0.028074672420401264
50,5,82,58,24:0,387.5807459359977,30480.535227326796,1.2715680451323534,0.820470361803142
50,5,82,58,15-24:1,93.58898810960616,30480.535227326796,0.3070450942268907,0.2677689361332755
50,5,82,58,di-16:0,60.93270985557312,30480.535227326796,0.19990695504895514,0.18224401632856638
50,5,82,58,26:0,18.257247947447766,30480.535227326796,0.05989805563217127,0.05817272956705275
50,5,83,59,14:0,96.00816151814288,26572.04156177764,0.36131270265753734,0.30844945676252394
50,5,83,59,15:0,46.75723844722508,26572.04156177764,0.17596404227548207,0.16208827271261192
50,5,83,59,16:0,4714.461434830018,26572.04156177764,17.742187493833747,2.9307769985910737
50,5,83,59,9-16:1,1633.0646334550281,26572.04156177764,6.1458003881948535,1.9665248258490333
50,5,83,59,"7,10-16:2",132.78242333551015,26572.04156177764,0.49970726948775385,0.4052699353883774
50,5,83,59,18:0,499.90320184672635,26572.04156177764,1.8813127349831051,1.0582460010557098
50,5,83,59,11-Me-12-18:1,1627.5621339794175,26572.04156177764,6.125092534555463,1.96362271337641
50,5,83,59,9-18:1,811.9760364572895,26572.04156177764,3.0557532983286855,1.4001364405555745
50,5,83,59,11-18:1,1631.073164843442,26572.04156177764,6.138305786747102,1.9654754634256946
50,5,83,59,"9,12-18:2",6703.283851121941,26572.04156177764,25.226830371830484,3.2667829467688483
50,5,83,59,"12,15-18:2",92.00435649268891,26572.04156177764,0.34624496683398204,0.29731921082519175
50,5,83,59,20:0,429.938422372086,26572.04156177764,1.6180104993909379,0.9624146779422095
50,5,83,59,"9,12,15-18:3",7260.822745210509,26572.04156177764,27.32504662214132,3.343746452884165
50,5,83,59,22:0,369.2498621200154,26572.04156177764,1.3896179608990231,0.8711335041699823
50,5,83,59,23:0,0.0,26572.04156177764,0.0,0.0
50,5,83,59,24:0,325.9913490703524,26572.04156177764,1.226820860988236,0.8005749454296597
50,5,83,59,15-24:1,107.41269340507989,26572.04156177764,0.4042319938246179,0.3394905297201851
50,5,83,59,di-16:0,69.020708641957,26572.04156177764,0.2597493628086121,0.2309127827706331
50,5,83,59,26:0,20.72914463021144,26572.04156177764,0.07801111021905494,0.07511777875934952
50,5,84,60,14:0,56.0869030965507,25963.879506471752,0.21601896235333584,0.1955823774629617
50,5,84,60,15:0,51.11030595478651,25963.879506471752,0.19685157582882312,0.1796944220862798
50,5,84,60,16:0,4491.385992342303,25963.879506471752,17.298593575828225,2.906824203114094
50,5,84,60,9-16:1,1767.0386768107549,25963.879506471752,6.80575750003116,2.0548616024330775
50,5,84,60,"7,10-16:2",163.32587003431223,25963.879506471752,0.6290503312249683,0.4879972261499524
50,5,84,60,18:0,691.9059520793542,25963.879506471752,2.664878921144622,1.2987952982702835
50,5,84,60,11-Me-12-18:1,1746.077396475761,25963.879506471752,6.72502503349137,2.0444650633599655
50,5,84,60,9-18:1,671.7552462010001,25963.879506471752,2.587268385810982,1.2773910175551435
50,5,84,60,11-18:1,1347.012429990118,25963.879506471752,5.188024500169021,1.822615892006314
50,5,84,60,"9,12-18:2",6587.127765392279,25963.879506471752,25.370352545929713,3.2722403694805955
50,5,84,60,"12,15-18:2",91.57403465711158,25963.879506471752,0.35269781095034686,0.30210097683000353
50,5,84,60,20:0,430.6177642793048,25963.879506471752,1.6585262775232381,0.977771938255418
50,5,84,60,"9,12,15-18:3",7086.506456433641,25963.879506471752,27.293711845594025,3.3426395836911813
50,5,84,60,22:0,292.37053585714045,25963.879506471752,1.1260664485223182,0.7542735346158566
50,5,84,60,23:0,18.494870978769814,25963.879506471752,0.07123307968733943,0.06881039588080744
50,5,84,60,24:0,332.07066772505283,25963.879506471752,1.2789716869633483,0.8237243267389637
50,5,84,60,15-24:1,71.30529539817917,25963.879506471752,0.27463266951460635,0.24265803475945183
50,5,84,60,di-16:0,59.204600778135,25963.879506471752,0.22802678915289865,0.20540864475809126
50,5,84,60,26:0,8.90874198719724,25963.879506471752,0.034312060279653694,0.03373652966396337
250,1,49,49,14:0,47.485915498489646,29791.801969505566,0.1593925588895076,0.14789621183278362
250,1,49,49,15:0,69.20210914524792,29791.801969505566,0.23228574497132512,0.20887077407171453
250,1,49,49,16:0,5209.662454554438,29791.801969505566,17.4868994493417,2.917062343362803
250,1,49,49,9-16:1,1998.0300666609,29791.801969505566,6.706643890510729,2.042082799748144
250,1,49,49,"7,10-16:2",163.42422013993277,29791.801969505566,0.5485543315144592,0.4373218063602964
250,1,49,49,18:0,523.7633984512064,29791.801969505566,1.7580789473135012,1.0145344038031607
250,1,49,49,11-Me-12-18:1,1634.943315118434,29791.801969505566,5.487896693163901,1.8699383939310876
250,1,49,49,9-18:1,826.0577467488358,29791.801969505566,2.772768654928547,1.327809123154367
250,1,49,49,11-18:1,1440.9475528747853,29791.801969505566,4.8367250639948445,1.7641698628328557
250,1,49,49,"9,12-18:2",9174.576538382596,29791.801969505566,30.795641525052943,3.4593292214320943
250,1,49,49,"12,15-18:2",82.95018016600612,29791.801969505566,0.2784329066463071,0.24563503619163607
250,1,49,49,20:0,268.8786674439319,29791.801969505566,0.9025256938776378,0.6431823159858391
250,1,49,49,"9,12,15-18:3",7294.2879507755515,29791.801969505566,24.484211993090828,3.2380591228937443
250,1,49,49,22:0,298.266348687603,29791.801969505566,1.0011692108886325,0.6937316151890686
250,1,49,49,23:0,11.614799290782459,29791.801969505566,0.038986561815465844,0.038245778265850607
250,1,49,49,24:0,536.4742145315372,29791.801969505566,1.8007444298960635,1.0298852496645952
250,1,49,49,15-24:1,94.74296684201076,29791.801969505566,0.3180169059226032,0.27612826294995
250,1,49,49,di-16:0,106.07575472152,29791.801969505566,0.3560568603070654,0.3045811210189079
250,1,49,49,26:0,10.417769471757422,29791.801969505566,0.034968577873942946,0.03437106671438806
250,1,50,50,14:0,19.86541926548766,15029.878034154859,0.13217285742668175,0.12413866903035711
250,1,50,50,15:0,31.52774910943354,15029.878034154859,0.20976716536080905,0.19042791577087675
250,1,50,50,16:0,2368.5347712790126,15029.878034154859,15.75884226004098,2.818926015104785
250,1,50,50,9-16:1,861.1635673580448,15029.878034154859,5.729677682021647,1.9065272497937922
250,1,50,50,"7,10-16:2",99.56713902680075,15029.878034154859,0.6624613905750798,0.5082992695639598
250,1,50,50,18:0,408.7051065368447,15029.878034154859,2.719284252394311,1.31353124450244
250,1,50,50,11-Me-12-18:1,917.5062620986104,15029.878034154859,6.104548952517181,1.9607352764258588
250,1,50,50,9-18:1,607.867396381443,15029.878034154859,4.044393407585119,1.618277410220828
250,1,50,50,11-18:1,792.2442012448346,15029.878034154859,5.271128610920781,1.8359563401882109
250,1,50,50,"9,12-18:2",4065.542170440204,15029.878034154859,27.049734942634963,3.33397918246363
250,1,50,50,"12,15-18:2",49.2694533919475,15029.878034154859,0.32781006791927675,0.2835310196806199
250,1,50,50,20:0,230.18712765754947,15029.878034154859,1.5315302435219864,0.9288239592345935
250,1,50,50,"9,12,15-18:3",4108.433129236294,15029.878034154859,27.335106245706232,3.3441015392424416
250,1,50,50,22:0,114.34993117527446,15029.878034154859,0.7608174258993875,0.5657781477618956
250,1,50,50,23:0,10.615863708435837,15029.878034154859,0.07063173556240222,0.06824888131979877
250,1,50,50,24:0,234.75660723939654,15029.878034154859,1.5619328826615928,0.9407620058876701
250,1,50,50,15-24:1,59.63827510713246,15029.878034154859,0.3967981308404939,0.33418256792969214
250,1,50,50,di-16:0,30.086368192283416,15029.878034154859,0.20017706147656836,0.18246909713981613
250,1,50,50,26:0,20.017495705830605,15029.878034154859,0.13318468493451222,0.12503197399983387
250,1,51,51,14:0,45.04972990727075,34439.871847122246,0.13080690342648604,0.12293145172358559
250,1,51,51,15:0,71.87483752962744,34439.871847122246,0.20869658821228518,0.18954257918737774
250,1,51,51,16:0,6128.751924475073,34439.871847122246,17.79551315312802,2.9336181792839215
250,1,51,51,9-16:1,2352.690461784792,34439.871847122246,6.831298537428735,2.058128337558914
250,1,51,51,"7,10-16:2",179.22957224834988,34439.871847122246,0.5204130057276217,0.4189820122450295
250,1,51,51,18:0,567.6594615445539,34439.871847122246,1.6482624095245777,0.9739037304174374
250,1,51,51,11-Me-12-18:1,1984.8042369430616,34439.871847122246,5.763099949249403,1.9114813573168667
250,1,51,51,9-18:1,1825.6958121452346,34439.871847122246,5.30111093400537,1.8407259565826517
250,1,51,51,11-18:1,1688.5361122682607,34439.871847122246,4.9028524837828416,1.7754357059044261
250,1,51,51,"9,12-18:2",10101.024846323824,34439.871847122246,29.329449572756914,3.412119173588465
250,1,51,51,"12,15-18:2",53.54628520499826,34439.871847122246,0.15547759713708842,0.14451376251932735
250,1,51,51,20:0,272.67315782906195,34439.871847122246,0.7917368538403727,0.5831854588148135
250,1,51,51,"9,12,15-18:3",8312.679566533772,34439.871847122246,24.136790065403133,3.2243325126473708
250,1,51,51,22:0,218.25737464282082,34439.871847122246,0.6337345725665299,0.49086854295319693
250,1,51,51,23:0,14.958636395669584,34439.871847122246,0.043434065208112875,0.04251725934627401
250,1,51,51,24:0,440.56763713365154,34439.871847122246,1.2792371559607438,0.8238408062627607
250,1,51,51,15-24:1,98.10741066095314,34439.871847122246,0.2848657831726249,0.2506542639991187
250,1,51,51,di-16:0,44.89234375379573,34439.871847122246,0.13034991521766326,0.12252724427430409
250,1,51,51,26:0,38.87243979747772,34439.871847122246,0.11287045425148946,0.10694267221414049
250,1,52,52,14:0,52.343516646424995,32130.435325172388,0.1629094536587769,0.15092501466620342
250,1,52,52,15:0,68.69356960306185,32130.435325172388,0.2137959504994453,0.19375259819675586
250,1,52,52,16:0,5775.050494532373,32130.435325172388,17.973769841854416,2.9430574907113023
250,1,52,52,9-16:1,1672.3173616567235,32130.435325172388,5.204776545142408,1.8253194059440445
250,1,52,52,"7,10-16:2",211.0583649077766,32130.435325172388,0.6568798796897228,0.5049362431732086
250,1,52,52,18:0,639.852964644322,32130.435325172388,1.9914232663478206,1.0957492829583197
250,1,52,52,11-Me-12-18:1,2064.851126967006,32130.435325172388,6.426464833326772,2.0050499491805778
250,1,52,52,9-18:1,652.0920539009967,32130.435325172388,2.0295151537835507,1.1084025914645177
250,1,52,52,11-18:1,1389.9361339514314,32130.435325172388,4.325917529235885,1.6725850027123126
250,1,52,52,"9,12-18:2",8945.50900138735,32130.435325172388,27.841231875184235,3.3618060256232583
250,1,52,52,"12,15-18:2",117.83297367414407,32130.435325172388,0.36673320010024446,0.3124233668573525
250,1,52,52,20:0,419.32906334549057,32130.435325172388,1.3050836663173682,0.8351169735414341
250,1,52,52,"9,12,15-18:3",9160.18296369616,32130.435325172388,28.50936462886848,3.384707658017145
250,1,52,52,22:0,297.93774519960317,32130.435325172388,0.9272757813093983,0.6561074935200095
250,1,52,52,23:0,16.43841153089914,32130.435325172388,0.051161496458221246,0.04989573989836761
250,1,52,52,24:0,505.5864451237028,32130.435325172388,1.573543713326549,0.9452838259102825
250,1,52,52,15-24:1,72.49081241174207,32130.435325172388,0.22561416201837015,0.20344207510907597
250,1,52,52,di-16:0,48.08558395508405,32130.435325172388,0.1496574306212767,0.13946401158190597
250,1,52,52,26:0,20.846738038098298,32130.435325172388,0.06488159225706491,0.06286361200104344
250,1,53,53,14:0,59.36893869997688,36680.818050275506,0.16185282078116295,0.15001599015045697
250,1,53,53,15:0,81.08824703925605,36680.818050275506,0.22106444553148946,0.19972297467877348
250,1,53,53,16:0,6482.187950513154,36680.818050275506,17.671874006813397,2.927018327814354
250,1,53,53,9-16:1,2165.6861078603483,36680.818050275506,5.904137974491226,1.9321209382991675
250,1,53,53,"7,10-16:2",240.2037405734521,36680.818050275506,0.6548483740036107,0.503709387715693
250,1,53,53,18:0,816.1219912124233,36680.818050275506,2.2249285446519464,1.1709107933052016
250,1,53,53,11-Me-12-18:1,2220.380624206129,36680.818050275506,6.053247288985836,1.9534881191434916
250,1,53,53,9-18:1,749.2416896961058,36680.818050275506,2.042598092194071,1.1127117860152318
250,1,53,53,11-18:1,1648.4231984964536,36680.818050275506,4.4939652006590745,1.7036502535902396
250,1,53,53,"9,12-18:2",9490.21599321057,36680.818050275506,25.872421875114888,3.291100551617945
250,1,53,53,"12,15-18:2",159.2082251527792,36680.818050275506,0.4340367353164398,0.3604933592247903
250,1,53,53,20:0,658.7102911421007,36680.818050275506,1.795789532935875,1.028114547194916
250,1,53,53,"9,12,15-18:3",10519.89275843175,36680.818050275506,28.679547833456066,3.3904581834612997
250,1,53,53,22:0,455.4978147119082,36680.818050275506,1.2417875034509678,0.8072735402521671
250,1,53,53,23:0,26.21536988664958,36680.818050275506,0.07146888013980014,0.06903049224309539
250,1,53,53,24:0,639.8287197548682,36680.818050275506,1.744314204982848,1.00953120949739
250,1,53,53,15-24:1,109.65186220143521,36680.818050275506,0.2989351602004733,0.2615448212775116
250,1,53,53,di-16:0,127.6197349782417,36680.818050275506,0.3479195442242411,0.2985623254152876
250,1,53,53,26:0,31.27479250790078,36680.818050275506,0.0852619820665801,0.08182141597198153
250,1,54,54,14:0,62.62728845535545,38237.52677769542,0.1637848828964717,0.15167752372186363
250,1,54,54,15:0,65.51323664213264,38237.52677769542,0.17133230667091048,0.1581418246060108
250,1,54,54,16:0,6809.030962514333,38237.52677769542,17.807195015777413,2.9342395102249132
250,1,54,54,9-16:1,2216.012667136103,38237.52677769542,5.795387029133746,1.916244003910977
250,1,54,54,"7,10-16:2",251.99504220231518,38237.52677769542,0.659025474286972,0.5062303662965488
250,1,54,54,18:0,656.5639856306836,38237.52677769542,1.7170670829413273,0.9995530202171954
250,1,54,54,11-Me-12-18:1,1825.114508078508,38237.52677769542,4.77309769193317,1.753208798148188
250,1,54,54,9-18:1,803.4182943654567,38237.52677769542,2.1011251565415154,1.131764999362401
250,1,54,54,11-18:1,2100.7757887836574,38237.52677769542,5.494015868225752,1.870881117198727
250,1,54,54,"9,12-18:2",11736.718650416919,38237.52677769542,30.694241075401195,3.4561349948336204
250,1,54,54,"12,15-18:2",139.85688858414315,38237.52677769542,0.3657581971690805,0.31170973022997484
250,1,54,54,20:0,505.920124360039,38237.52677769542,1.3230984506433887,0.8429018337095971
250,1,54,54,"9,12,15-18:3",9893.377868740768,38237.52677769542,25.873477451244938,3.2911398318660536
250,1,54,54,22:0,357.92370417290624,38237.52677769542,0.9360534907338437,0.6606516179839803
250,1,54,54,23:0,17.688802936538146,38237.52677769542,0.046260321802131604,0.045222208294634726
250,1,54,54,24:0,603.4294361207545,38237.52677769542,1.5781079138014358,0.9470557631449591
250,1,54,54,15-24:1,123.46087642191307,38237.52677769542,0.32287882304649956,0.27981028838051863
250,1,54,54,di-16:0,24.915028016176016,38237.52677769542,0.06515857618361803,0.06312368590220101
250,1,54,54,26:0,43.183624116719784,38237.52677769542,0.11293519156659866,0.10700084199661819
250,5,88,25,14:0,25.248230648623863,19721.701359702758,0.12802257872240896,0.12046616947341802
250,5,88,25,15:0,35.36598646399263,19721.701359702758,0.17932523071389647,0.1649424365375973
250,5,88,25,16:0,3090.428135887209,19721.701359702758,15.670190312291531,2.8136221131517365
250,5,88,25,9-16:1,1175.532747528381,19721.701359702758,5.960605153114935,1.9402664178532607
250,5,88,25,"7,10-16:2",76.7650990237869,19721.701359702758,0.38924176785599546,0.32875810755731066
250,5,88,25,18:0,483.6678123243549,19721.701359702758,2.4524649445946416,1.2390884526204038
250,5,88,25,11-Me-12-18:1,1040.0722501380149,19721.701359702758,5.273745054588387,1.8363734737162651
250,5,88,25,9-18:1,846.7479287224544,19721.701359702758,4.293483170030197,1.6664764734310211
250,5,88,25,11-18:1,1391.6398763224458,19721.701359702758,7.056388548535553,2.0864653852034785
250,5,88,25,"9,12-18:2",5844.186871284193,19721.701359702758,29.633279424997216,3.422086980898639
250,5,88,25,"12,15-18:2",86.8375253830912,19721.701359702758,0.4403145742817393,0.36486154409254845
250,5,88,25,20:0,306.0358968876918,19721.701359702758,1.5517722903613846,0.9367881335866783
250,5,88,25,"9,12,15-18:3",4841.470759136844,19721.701359702758,24.548950776779304,3.240596250318413
250,5,88,25,22:0,158.2358629461928,19721.701359702758,0.8023438752070107,0.5890879707290844
250,5,88,25,23:0,11.634958190594672,19721.701359702758,0.058995712278497016,0.05732101777112667
250,5,88,25,24:0,194.7619040705466,19721.701359702758,0.9875512285593295,0.6869033425899339
250,5,88,25,15-24:1,55.13474705922466,19721.701359702758,0.2795638472240594,0.24651927550877314
250,5,88,25,di-16:0,34.1525678185857,19721.701359702758,0.17317252297699554,0.15971163726813012
250,5,88,25,26:0,23.782199866530693,19721.701359702758,0.12058898688692614,0.11385442822901146
250,5,89,26,14:0,34.57280397513322,22623.46065422301,0.15281837073268312,0.14220970132627467
250,5,89,26,15:0,52.91983189166789,22623.46065422301,0.23391572447953318,0.2101926285639264
250,5,89,26,16:0,3530.974568364605,22623.46065422301,15.607579328079039,2.809859177187672
250,5,89,26,9-16:1,1567.9539455132747,22623.46065422301,6.930654728195142,2.0707355956932028
250,5,89,26,"7,10-16:2",100.44708347390187,22623.46065422301,0.44399521810184206,0.36741372890132995
250,5,89,26,18:0,630.0971150038948,22623.46065422301,2.785149118582252,1.3310852833609836
250,5,89,26,11-Me-12-18:1,1228.0785259708491,22623.46065422301,5.428340715599625,1.8607164513864896
250,5,89,26,9-18:1,852.6666849867851,22623.46065422301,3.768948959749984,1.5621259367530453
250,5,89,26,11-18:1,1667.764666030879,22623.46065422301,7.371837100967864,2.124873346793862
250,5,89,26,"9,12-18:2",6148.353007016016,22623.46065422301,27.176889959442757,3.3385021369819894
250,5,89,26,"12,15-18:2",92.07420974832526,22623.46065422301,0.40698552337145744,0.3414494890753806
250,5,89,26,20:0,343.08055119496845,22623.46065422301,1.516481304247002,0.9228616179386503
250,5,89,26,"9,12,15-18:3",5831.909568677828,22623.46065422301,25.778149761492013,3.28758624756595
250,5,89,26,22:0,203.71388815856585,22623.46065422301,0.9004541403816555,0.6420928788648689
250,5,89,26,23:0,7.104380334156809,22623.46065422301,0.03140271262093878,0.030919732669016303
250,5,89,26,24:0,217.35192442977706,22623.46065422301,0.9607368552131966,0.6733203491295783
250,5,89,26,15-24:1,59.929308949760866,22623.46065422301,0.2648989465657817,0.23499223485085394
250,5,89,26,di-16:0,35.89413349301861,22623.46065422301,0.15865889857270102,0.14726321437369608
250,5,89,26,26:0,18.57445700960316,22623.46065422301,0.08210263360453635,0.078906031382853
250,5,90,27,14:0,30.137448650932136,20602.211937522497,0.1462825872402723,0.1365241736197809
250,5,90,27,15:0,35.89204812023335,20602.211937522497,0.17421453691029992,0.16059944483898517
250,5,90,27,16:0,3546.580785988271,20602.211937522497,17.214563158283685,2.902221447646655
250,5,90,27,9-16:1,1595.3979843599673,20602.211937522497,7.743818912251325,2.1683470407159735
250,5,90,27,"7,10-16:2",119.91191459066543,20602.211937522497,0.5820341764967074,0.45871147246022154
250,5,90,27,18:0,520.5177210119699,20602.211937522497,2.526513767504541,1.2603097816722408
250,5,90,27,11-Me-12-18:1,1118.1841766364444,20602.211937522497,5.427495746706267,1.86058499842393
250,5,90,27,9-18:1,689.1760872890819,20602.211937522497,3.345155798702837,1.4690616150832165
250,5,90,27,11-18:1,1704.1886260150995,20602.211937522497,8.27187212316405,2.2269853142214693
250,5,90,27,"9,12-18:2",4491.529970239295,20602.211937522497,21.801202627466125,3.1268132813880203
250,5,90,27,"12,15-18:2",80.24467946692226,20602.211937522497,0.38949545665421414,0.3289407004248088
250,5,90,27,20:0,332.5582183041704,20602.211937522497,1.6141869587240152,0.9609531347270858
250,5,90,27,"9,12,15-18:3",5898.182355762584,20602.211937522497,28.628879140012696,3.3887495323182417
250,5,90,27,22:0,144.11855830172652,20602.211937522497,0.6995295395405848,0.5303514713154752
250,5,90,27,23:0,13.573613275382952,20602.211937522497,0.06588425221789673,0.06380473843916233
250,5,90,27,24:0,199.63575461297611,20602.211937522497,0.9690015577860478,0.6775265908126165
250,5,90,27,15-24:1,54.40798506419858,20602.211937522497,0.2640880757328107,0.2343509734654784
250,5,90,27,di-16:0,18.380746598348193,20602.211937522497,0.08921734546799617,0.0854594066521027
250,5,90,27,26:0,9.593263234226846,20602.211937522497,0.04656423913761794,0.045512645766838555
250,5,85,61,14:0,35.198630248035776,17473.339228838784,0.20144192124389354,0.18352243648579492
250,5,85,61,15:0,39.22546479437148,17473.339228838784,0.22448751369533315,0.20252240029425925
250,5,85,61,16:0,2716.0931927465485,17473.339228838784,15.5442137142498,2.806036416173543
250,5,85,61,9-16:1,1216.1637755744698,17473.339228838784,6.960110827398454,2.0744429227993737
250,5,85,61,"7,10-16:2",80.65040099662579,17473.339228838784,0.4615626122768609,0.379506145757812
250,5,85,61,18:0,439.23934361893566,17473.339228838784,2.513768764324081,1.2566891834802205
250,5,85,61,11-Me-12-18:1,1215.8824693974004,17473.339228838784,6.9585009108657,2.0742406543396976
250,5,85,61,9-18:1,837.3117459621528,17473.339228838784,4.7919389362064,1.7564671122457955
250,5,85,61,11-18:1,1178.769616429992,17473.339228838784,6.746103884279302,2.0471899923477497
250,5,85,61,"9,12-18:2",5013.406699896014,17473.339228838784,28.691749380231013,3.390869208570042
250,5,85,61,"12,15-18:2",110.99428061288432,17473.339228838784,0.6352207735410663,0.49177782492225447
250,5,85,61,20:0,204.00296143212137,17473.339228838784,1.1675098775363195,0.7735789867723583
250,5,85,61,"9,12,15-18:3",4000.943440580688,17473.339228838784,22.89741753526625,3.173770400181598
250,5,85,61,22:0,95.05441691521881,17473.339228838784,0.5439968609911534,0.43437441856370007
250,5,85,61,23:0,9.445238709769983,17473.339228838784,0.054055144160316745,0.05264476768826462
250,5,85,61,24:0,200.9835104467275,17473.339228838784,1.1502295457929146,0.7655746019256192
250,5,85,61,15-24:1,51.36478667453489,17473.339228838784,0.2939609081117142,0.25770798550777924
250,5,85,61,di-16:0,15.901832664483258,17473.339228838784,0.09100626077377448,0.08710044539888118
250,5,85,61,26:0,12.707421137808863,17473.339228838784,0.07272462905565277,0.07020179423056608
250,5,86,62,14:0,45.86120429349344,23367.25430689569,0.19626270032059248,0.17920228050659412
250,5,86,62,15:0,35.38528804901258,23367.25430689569,0.1514310906376808,0.1410055953595604
250,5,86,62,16:0,3520.3472657078123,23367.25430689569,15.065301295021879,2.7766617471396584
250,5,86,62,9-16:1,1766.1288016296178,23367.25430689569,7.558135750285527,2.146882380253199
250,5,86,62,"7,10-16:2",98.8255216998323,23367.25430689569,0.422923123110227,0.3527132931298753
250,5,86,62,18:0,543.5774845875387,23367.25430689569,2.326236011507474,1.2018413378165065
250,5,86,62,11-Me-12-18:1,1762.9869141423383,23367.25430689569,7.544690064943059,2.1453100449844187
250,5,86,62,9-18:1,1095.403556807182,23367.25430689569,4.687771795610269,1.7383185713744154
250,5,86,62,11-18:1,1422.269124863121,23367.25430689569,6.086590688763158,1.9582043629412518
250,5,86,62,"9,12-18:2",6903.871903555042,23367.25430689569,29.545071119107497,3.419203334437782
250,5,86,62,"12,15-18:2",171.34819769783587,23367.25430689569,0.7332834035502019,0.5500175308602673
250,5,86,62,20:0,314.34569457922424,23367.25430689569,1.34524018291041,0.8523878200692758
250,5,86,62,"9,12,15-18:3",4963.911397599067,23367.25430689569,21.24302381617088,3.1020284230975803
250,5,86,62,22:0,277.1311601082489,23367.25430689569,1.1859808451113887,0.7820646271868562
250,5,86,62,23:0,14.153153969827528,23367.25430689569,0.06056832259342906,0.05880491783512802
250,5,86,62,24:0,314.28129838765943,23367.25430689569,1.3449645998627868,0.8522703057769564
250,5,86,62,15-24:1,71.75590780304742,23367.25430689569,0.3070789013575814,0.26779480111194504
250,5,86,62,di-16:0,22.858952872606046,23367.25430689569,0.09782472759694474,0.09333070156292696
250,5,86,62,26:0,22.811478543183448,23367.25430689569,0.09762156153901132,0.0931456220558411
250,5,87,63,14:0,41.07074916472852,23268.30452959275,0.17650941912202722,0.16255193520680364
250,5,87,63,15:0,12.710312065387699,23268.30452959275,0.054625003077566986,0.05318525642181611
250,5,87,63,16:0,3820.4211928363147,23268.30452959275,16.41899257411507,2.857561138185748
250,5,87,63,9-16:1,2400.111181709448,23268.30452959275,10.31493798208191,2.426123798034855
250,5,87,63,"7,10-16:2",162.3873078347237,23268.30452959275,0.6978905903014923,0.5293866513617491
250,5,87,63,18:0,646.3400751567258,23268.30452959275,2.7777703972144043,1.3291339935994935
250,5,87,63,11-Me-12-18:1,1819.0152725973257,23268.30452959275,7.817566897854086,2.1767459700404954
250,5,87,63,9-18:1,696.1758667351918,23268.30452959275,2.991949266650656,1.384279649613615
250,5,87,63,11-18:1,1533.1087339584533,23268.30452959275,6.588828730553348,2.026677262049224
250,5,87,63,"9,12-18:2",6366.530261127734,23268.30452959275,27.36138446628437,3.345028518042359
250,5,87,63,"12,15-18:2",151.34909019233098,23268.30452959275,0.65045173360115,0.5010490283822389
250,5,87,63,20:0,235.61269539621037,23268.30452959275,1.0125907330143324,0.6994228140219142
250,5,87,63,"9,12,15-18:3",4817.102385786529,23268.30452959275,20.70242109673317,3.0774238256008277
250,5,87,63,22:0,143.09244877751362,23268.30452959275,0.6149672340566452,0.4793146679589881
250,5,87,63,23:0,18.86410871987216,23268.30452959275,0.08107212408141164,0.07795325621069496
250,5,87,63,24:0,290.8513607951666,23268.30452959275,1.2499894885992244,0.8109255444717381
250,5,87,63,15-24:1,44.15620782280358,23268.30452959275,0.18976976928699502,0.17375981721807437
250,5,87,63,di-16:0,53.31603544396241,23268.30452959275,0.22913588472316407,0.2063113897471621
250,5,87,63,26:0,16.089243472330335,23268.30452959275,0.06914660864897978,0.06686076824172307
500,1,55,55,14:0,27.330871297458124,49015.37012688171,0.05575979784853025,0.05426069525158557
500,1,55,55,14:0,39.41648258489874,49015.37012688171,0.08041657643891051,0.07734668569062439
500,1,55,55,15:0,47.95793654341609,49015.37012688171,0.0978426489880045,0.09334702588531867
500,1,55,55,15:0,69.16476061072547,49015.37012688171,0.1411083103762857,0.13199999220849654
500,1,55,55,16:0,3550.8001183228503,49015.37012688171,7.244258503263795,2.1095170190703034
500,1,55,55,16:0,5120.950938704462,49015.37012688171,10.447643107556495,2.437783866677045
500,1,55,55,9-16:1,1191.1740395123454,49015.37012688171,2.4302051304088077,1.2326200641735228
500,1,55,55,9-16:1,1717.9068414254523,49015.37012688171,3.5048329472540147,1.505150808742131
500,1,55,55,"7,10-16:2",129.1657381880729,49015.37012688171,0.2635208871293088,0.23390217887631876
500,1,55,55,"7,10-16:2",186.28235501329488,49015.37012688171,0.380048859227386,0.32211890377959895
500,1,55,55,18:0,288.3642922314968,49015.37012688171,0.5883140155527418,0.4626730860678143
500,1,55,55,18:0,415.8779271667988,49015.37012688171,0.8484643206615655,0.6143551974292932
500,1,55,55,11-Me-12-18:1,1005.4591115513178,49015.37012688171,2.0513139224463175,1.1155722920988147
500,1,55,55,11-Me-12-18:1,1450.06945182813,49015.37012688171,2.9583974334468244,1.3758392548343603
500,1,55,55,9-18:1,748.1101119682986,49015.37012688171,1.5262765741271214,0.9267465088796237
500,1,55,55,9-18:1,1078.9216662378258,49015.37012688171,2.2011904907479383,1.1635227689790204
500,1,55,55,11-18:1,1184.2134803666777,49015.37012688171,2.4160043621035814,1.2284715528879149
500,1,55,55,11-18:1,1707.8683484934002,49015.37012688171,3.484352651163082,1.5005941486747683
500,1,55,55,"9,12-18:2",5679.521226923673,49015.37012688171,11.587225011708783,2.532682411665735
500,1,55,55,"9,12-18:2",8190.984732799943,49015.37012688171,16.71105351565575,2.8741889370754716
500,1,55,55,"12,15-18:2",26.157089450789194,49015.37012688171,0.05336507585901865,0.05198987378584667
500,1,55,55,"12,15-18:2",37.72365870035616,49015.37012688171,0.07696291714763001,0.07414496596367032
500,1,55,55,20:0,193.91011707835912,49015.37012688171,0.3956108391641261,0.33333219696994476
500,1,55,55,20:0,279.6564613571492,49015.37012688171,0.570548504751117,0.45142492442961096
500,1,55,55,"9,12,15-18:3",5447.6042665138775,49015.37012688171,11.11407350880377,2.4943678766271673
500,1,55,55,"9,12,15-18:3",7856.51494105256,49015.37012688171,16.02867614936927,2.8348987552683096
500,1,55,55,22:0,162.33486362269747,49015.37012688171,0.3311917531224914,0.28607459599537366
500,1,55,55,22:0,234.11874635336147,49015.37012688171,0.4776435345633812,0.3904486124922705
500,1,55,55,23:0,8.506540565407347,49015.37012688171,0.017354843069402978,0.0172059677836028
500,1,55,55,23:0,12.268101679045166,49015.37012688171,0.025029091175457468,0.02472099382221318
500,1,55,55,24:0,300.3694313591791,49015.37012688171,0.6128066167441756,0.4779759015304547
500,1,55,55,24:0,433.1916948914153,49015.37012688171,0.8837874604844371,0.633284356883967
500,1,55,55,15-24:1,52.72666433247108,49015.37012688171,0.1075716947479582,0.1021699565059616
500,1,55,55,15-24:1,76.04220237991233,49015.37012688171,0.15513950457390951,0.1442211198609298
500,1,55,55,di-16:0,17.286284793556426,49015.37012688171,0.03526706979628832,0.034659431881657495
500,1,55,55,di-16:0,24.930216680877866,49015.37012688171,0.05086203902233777,0.04961081688694103
500,1,55,55,26:0,9.208274503357393,49015.37012688171,0.01878650406907212,0.01861221714601705
500,1,55,55,26:0,13.280139796798583,49015.37012688171,0.02709382743090886,0.02673328746550626
500,1,56,56,14:0,31.701149945086353,59507.35352747771,0.05327265970658273,0.05190213572729491
500,1,56,56,14:0,50.35020423326875,59507.35352747771,0.08461173493460666,0.08122207496301563
500,1,56,56,15:0,46.86658036247185,59507.35352747771,0.07875762840105309,0.07581003490943439
500,1,56,56,15:0,74.43710707822817,59507.35352747771,0.12508892206718047,0.11786207437023577
500,1,56,56,16:0,4073.3883455269415,59507.35352747771,6.845184845341914,2.0598999480924873
500,1,56,56,16:0,6469.668623187843,59507.35352747771,10.872048981644685,2.474186812228903
500,1,56,56,9-16:1,1291.8512644565374,59507.35352747771,2.1709102957502906,1.1540187062094576
500,1,56,56,9-16:1,2051.817524508288,59507.35352747771,3.448006679646499,1.4924560586662405
500,1,56,56,"7,10-16:2",195.85811816515127,59507.35352747771,0.32913263076757926,0.28452657216896793
500,1,56,56,"7,10-16:2",311.07692520433545,59507.35352747771,0.5227537552324432,0.4205203768174074
500,1,56,56,18:0,465.97360788749296,59507.35352747771,0.7830521444250217,0.5783265837842821
500,1,56,56,18:0,740.095118476449,59507.35352747771,1.2437036342654824,0.8081279086467265
500,1,56,56,11-Me-12-18:1,1315.6499101455795,59507.35352747771,2.2109030769416993,1.1665522299559827
500,1,56,56,11-Me-12-18:1,2089.6163637615687,59507.35352747771,3.511526290270465,1.5066355198255457
500,1,56,56,9-18:1,514.9702197809363,59507.35352747771,0.8653892153734364,0.6234697258923035
500,1,56,56,9-18:1,817.9153054364318,59507.35352747771,1.3744777022536498,0.8647774984612218
500,1,56,56,11-18:1,1089.3501661799307,59507.35352747771,1.8306143721832966,1.0404937807382224
500,1,56,56,11-18:1,1730.1897074306698,59507.35352747771,2.907522524307436,1.3629035476749833
500,1,56,56,"9,12-18:2",6683.984090948687,59507.35352747771,11.232198534694264,2.5040716992581458
500,1,56,56,"9,12-18:2",10616.017546812962,59507.35352747771,17.839841494397803,2.935973855864301
500,1,56,56,"12,15-18:2",65.3759906443749,59507.35352747771,0.10986203682236904,0.1042357164484387
500,1,56,56,"12,15-18:2",103.8351759036663,59507.35352747771,0.17449133552161764,0.16083514792624537
500,1,56,56,20:0,332.03574362614376,59507.35352747771,0.5579743072809065,0.44338645647875996
500,1,56,56,20:0,527.3647023303923,59507.35352747771,0.8862177043159548,0.6345736093183307
500,1,56,56,"9,12,15-18:3",6179.0775611676,59507.35352747771,10.383720993934626,2.4321843518728943
500,1,56,56,"9,12,15-18:3",9814.086167754926,59507.35352747771,16.492224214312003,2.8617564515746285
500,1,56,56,22:0,217.16607193244238,59507.35352747771,0.364939892398618,0.31111039279455227
500,1,56,56,22:0,344.9198560076216,59507.35352747771,0.5796256018146627,0.4571878580824152
500,1,56,56,23:0,17.754768494554938,59507.35352747771,0.029836259625218617,0.029399818366626047
500,1,56,56,23:0,28.19948870510323,59507.35352747771,0.047388242012950596,0.04629967691991746
500,1,56,56,24:0,344.4464852626347,59507.35352747771,0.5788301190433305,0.4566841417992336
500,1,56,56,24:0,547.0763966117069,59507.35352747771,0.9193425084163634,0.6519826838593701
500,1,56,56,15-24:1,65.88757969184303,59507.35352747771,0.11072174409742358,0.10501002393045741
500,1,56,56,15-24:1,104.6477209712157,59507.35352747771,0.17585678872930266,0.16199706376944772
500,1,56,56,di-16:0,44.10726954874312,59507.35352747771,0.07412070430652987,0.07150237739412453
500,1,56,56,di-16:0,70.05455744659113,59507.35352747771,0.11772420263025682,0.11129465613423796
500,1,56,56,26:0,15.66297323663227,59507.35352747771,0.026321071780481455,0.025980633253048814
500,1,56,56,26:0,24.877138612660787,59507.35352747771,0.04180515035200429,0.04095493002186391
500,1,57,57,14:0,31.396521038836944,56585.39176948335,0.05548520573426368,0.05400057185013389
500,1,57,57,14:0,28.589563767929622,56585.39176948335,0.050524636967076805,0.049289693638168625
500,1,57,57,15:0,54.518199489536755,56585.39176948335,0.09634677393704741,0.09198353805963105
500,1,57,57,15:0,49.64408441593878,56585.39176948335,0.08773304003651339,0.08409575071269423
500,1,57,57,16:0,5519.105435357593,56585.39176948335,9.753587035044726,2.3752393765942355
500,1,57,57,16:0,5025.678373438283,56585.39176948335,8.88158271292317,2.2906726925458547
500,1,57,57,9-16:1,1659.4396631850593,56585.39176948335,2.932629096119468,1.3693081834138763
500,1,57,57,9-16:1,1511.0800337074027,56585.39176948335,2.670441939967856,1.3003120744263896
500,1,57,57,"7,10-16:2",221.0333720887509,56585.39176948335,0.39061914246205637,0.32974907420148003
500,1,57,57,"7,10-16:2",201.27222625573899,56585.39176948335,0.35569644383779914,0.304315302980934
500,1,57,57,18:0,499.197530409929,56585.39176948335,0.8822021281456384,0.6324424361111484
500,1,57,57,18:0,454.5675494043954,56585.39176948335,0.8033302150777806,0.5896350750267414
500,1,57,57,11-Me-12-18:1,1492.3434514929572,56585.39176948335,2.637329891736796,1.2912498662458176
500,1,57,57,11-Me-12-18:1,1358.9227996736859,56585.39176948335,2.4015435029762515,1.22422930007185
500,1,57,57,9-18:1,576.9799170972949,56585.39176948335,1.0196623175249653,0.7029303278966317
500,1,57,57,9-18:1,525.3959224419509,56585.39176948335,0.9285009894113665,0.6567430117131315
500,1,57,57,11-18:1,1381.6113458521136,56585.39176948335,2.441639622255333,1.2359479922077738
500,1,57,57,11-18:1,1258.0905262042781,56585.39176948335,2.2233486185435756,1.170420762836597
500,1,57,57,"9,12-18:2",8706.128486012554,56585.39176948335,15.385823467440924,2.796416538284373
500,1,57,57,"9,12-18:2",7927.770570973583,56585.39176948335,14.010277782063621,2.7087351519407252
500,1,57,57,"12,15-18:2",62.9232377271253,56585.39176948335,0.11120049850226532,0.10544096107404582
500,1,57,57,"12,15-18:2",57.29768324519066,56585.39176948335,0.10125879039348006,0.09645388043251729
500,1,57,57,20:0,336.65714758177876,56585.39176948335,0.5949541693609671,0.4668450018810129
500,1,57,57,20:0,306.5588374206412,56585.39176948335,0.5417632145580888,0.432926705994675
500,1,57,57,"9,12,15-18:3",8351.42264330462,56585.39176948335,14.75897291181885,2.7574099117361692
500,1,57,57,"9,12,15-18:3",7604.776654022987,56585.39176948335,13.43946982819029,2.6699654172913623
500,1,57,57,22:0,212.964476172455,56585.39176948335,0.37635946224429484,0.31944194249082775
500,1,57,57,22:0,193.92471746486453,56585.39176948335,0.3427116282147023,0.29469117238128784
500,1,57,57,23:0,25.27292085331558,56585.39176948335,0.04466333105242426,0.04369466226677136
500,1,57,57,23:0,23.013434559960718,56585.39176948335,0.04067027520762333,0.03986500094726418
500,1,57,57,24:0,367.2050646030819,56585.39176948335,0.6489396876476458,0.5001324678010236
500,1,57,57,24:0,334.37566529713257,56585.39176948335,0.5909222413079805,0.4643138740619513
500,1,57,57,15-24:1,78.28798776446837,56585.39176948335,0.13835370811497905,0.1295831029777529
500,1,57,57,15-24:1,71.28877163449174,56585.39176948335,0.1259844094124271,0.11865768362912611
500,1,57,57,di-16:0,29.168651942447124,56585.39176948335,0.05154802508264661,0.050263388044551764
500,1,57,57,di-16:0,26.560873852921254,56585.39176948335,0.046939453845481025,0.04587110198847155
500,1,57,57,26:0,10.953348428426452,56585.39176948335,0.019357201719214075,0.019172234247300267
500,1,57,57,26:0,9.97408129962829,56585.39176948335,0.017626601120410264,0.01747305430018868
500,1,58,58,14:0,47.046509849718966,31396.826827727713,0.14984479198442574,0.1396269697749634
500,1,58,58,15:0,62.39217404362431,31396.826827727713,0.19872127328652028,0.18125538303808686
500,1,58,58,16:0,5352.345555796845,31396.826827727713,17.047409233948407,2.8930021417318392
500,1,58,58,9-16:1,2236.5000422640564,31396.826827727713,7.123331458097923,2.094740348123421
500,1,58,58,"7,10-16:2",182.455996661224,31396.826827727713,0.5811287798679396,0.4581390096020106
500,1,58,58,18:0,504.10228948282156,31396.826827727713,1.6055835586468565,0.9576566649533991
500,1,58,58,11-Me-12-18:1,2718.659064738679,31396.826827727713,8.659024937952422,2.2678927050296704
500,1,58,58,9-18:1,1349.8585768418588,31396.826827727713,4.2993471418256455,1.6675836321830857
500,1,58,58,11-18:1,1972.3751316329956,31396.826827727713,6.282084308886645,1.9854171273965535
500,1,58,58,"9,12-18:2",7243.126822413446,31396.826827727713,23.069614207053462,3.1809502237086362
500,1,58,58,"12,15-18:2",43.453827817428746,31396.826827727713,0.138401973090647,0.12962550100585368
500,1,58,58,20:0,299.0280141721283,31396.826827727713,0.9524147641189187,0.6690669470381774
500,1,58,58,"9,12,15-18:3",8109.832510746056,31396.826827727713,25.83010237067639,3.2895244799604955
500,1,58,58,22:0,366.8809976731526,31396.826827727713,1.168528907988709,0.7740490150730978
500,1,58,58,23:0,11.092108444871126,31396.826827727713,0.03532875632857034,0.034719015245558815
500,1,58,58,24:0,748.7076669978013,31396.826827727713,2.3846603069345518,1.2192535488720357
500,1,58,58,15-24:1,91.73327709623624,31396.826827727713,0.29217372061059094,0.2563258549985804
500,1,58,58,di-16:0,31.963020801599797,31396.826827727713,0.10180334776179374,0.09694824449967003
500,1,58,58,26:0,25.273240253168346,31396.826827727713,0.08049616093957815,0.07742034391784199
500,1,59,59,14:0,35.750810173774916,29933.66531435363,0.11943345326518326,0.1128227120251649
500,1,59,59,15:0,56.220627337468905,29933.66531435363,0.1878173846973237,0.17211749254010378
500,1,59,59,16:0,5234.841813404328,29933.66531435363,17.48814172414143,2.917129538679469
500,1,59,59,9-16:1,2216.993044028808,29933.66531435363,7.40635341762082,2.1289877791943423
500,1,59,59,"7,10-16:2",203.2183556013827,29933.66531435363,0.6788956630177078,0.5181362338284006
500,1,59,59,18:0,533.8265103144186,29933.66531435363,1.7833649996027747,1.0236606272327289
500,1,59,59,11-Me-12-18:1,1989.7930801977843,29933.66531435363,6.64734191186286,2.034358124957776
500,1,59,59,9-18:1,1394.840633027105,29933.66531435363,4.659772261027648,1.7333836548380257
500,1,59,59,11-18:1,1927.320387587828,29933.66531435363,6.438638126496489,2.006687784575847
500,1,59,59,"9,12-18:2",8080.060530792133,29933.66531435363,26.99322133102633,3.331962385544913
500,1,59,59,"12,15-18:2",58.32774350129183,29933.66531435363,0.1948566702031068,0.17802623693731645
500,1,59,59,20:0,375.179091303411,29933.66531435363,1.2533683642260378,0.81242614752008
500,1,59,59,"9,12,15-18:3",6691.509935970268,29933.66531435363,22.35446232761075,3.150788071963987
500,1,59,59,22:0,421.9548067090539,29933.66531435363,1.4096329409640336,0.8794744292487994
500,1,59,59,23:0,12.628422421473923,29933.66531435363,0.04218802571905021,0.04132237399984812
500,1,59,59,24:0,513.4521112964209,29933.66531435363,1.7152998334962108,0.9989023831985091
500,1,59,59,15-24:1,127.63563268132071,29933.66531435363,0.42639493473630025,0.35515023647825367
500,1,59,59,di-16:0,19.792240945132068,29933.66531435363,0.06612033888025533,0.06402620762765218
500,1,59,59,26:0,40.319537060227375,29933.66531435363,0.13469629140569553,0.12636503046161643
500,1,60,60,14:0,55.315224053405444,32078.56690922667,0.1724367058227133,0.15908423764044755
500,1,60,60,15:0,42.27004211666472,32078.56690922667,0.13177035693731912,0.12378309430476357
500,1,60,60,16:0,5560.755701918663,32078.56690922667,17.334800889497462,2.908800941878693
500,1,60,60,9-16:1,2285.9706046364236,32078.56690922667,7.126161873456124,2.0950887178022874
500,1,60,60,"7,10-16:2",244.6827649818613,32078.56690922667,0.7627608978737884,0.5668812719117805
500,1,60,60,18:0,776.7532138237426,32078.56690922667,2.421408711996817,1.2300523703579476
500,1,60,60,11-Me-12-18:1,2077.3739117635737,32078.56690922667,6.475893756856278,2.0116836782639087
500,1,60,60,9-18:1,1370.5930713387156,32078.56690922667,4.272613160111264,1.6625260954659924
500,1,60,60,11-18:1,1913.8280509553124,32078.56690922667,5.966064682287422,1.9410504573281222
500,1,60,60,"9,12-18:2",7751.566313145194,32078.56690922667,24.164316115118073,3.225426963825592
500,1,60,60,"12,15-18:2",82.0280922844354,32078.56690922667,0.25570996521307154,0.22770112196366898
500,1,60,60,20:0,549.6288329066705,32078.56690922667,1.7133833767012274,0.9981963346779408
500,1,60,60,"9,12,15-18:3",8371.50190083405,32078.56690922667,26.096869989619698,3.299418222677167
500,1,60,60,22:0,283.67022351074286,32078.56690922667,0.8842983052000106,0.633555499713759
500,1,60,60,23:0,21.005687609010735,32078.56690922667,0.0654820013264649,0.06342728018154115
500,1,60,60,24:0,505.5257905352908,32078.56690922667,1.575898923308472,0.9461985696261926
500,1,60,60,15-24:1,116.16473746536647,32078.56690922667,0.36212570777890435,0.30904649992854655
500,1,60,60,di-16:0,43.54421924069163,32078.56690922667,0.13574240820641875,0.12728654124711403
500,1,60,60,26:0,26.38852610685308,32078.56690922667,0.08226217268846578,0.07905345485208934
500,5,91,28,14:0,22.66930797354895,19850.93131731705,0.11419770493978426,0.10813459877458394
500,5,91,28,15:0,49.32562517427777,19850.93131731705,0.24848015635038917,0.2219269366189004
500,5,91,28,16:0,2786.2399959850572,19850.93131731705,14.035815002565993,2.7104350219926947
500,5,91,28,9-16:1,1774.2382126382558,19850.93131731705,8.937808429625118,2.2963465164422225
500,5,91,28,"7,10-16:2",88.2764048865628,19850.93131731705,0.44469654080942034,0.3678992931497093
500,5,91,28,18:0,308.2266860749518,19850.93131731705,1.552706425446492,0.9371541396560709
500,5,91,28,11-Me-12-18:1,1255.533713239554,19850.93131731705,6.324810121851983,1.991267232635682
500,5,91,28,9-18:1,1645.62119364844,19850.93131731705,8.289894148255277,2.2289271586010138
500,5,91,28,11-18:1,1904.931469005369,19850.93131731705,9.596181854418052,2.3604937338161585
500,5,91,28,"9,12-18:2",6152.110442288808,19850.93131731705,30.99154565570426,3.4654716696339762
500,5,91,28,"12,15-18:2",97.6007447553872,19850.93131731705,0.4916683413752218,0.39989518576772465
500,5,91,28,20:0,153.89663607008598,19850.93131731705,0.7752615411843854,0.5739477592189873
500,5,91,28,"9,12,15-18:3",3298.59793136665,19850.93131731705,16.616842195656094,2.868855387401115
500,5,91,28,22:0,76.0085118165042,19850.93131731705,0.38289645257196486,0.32418017827581735
500,5,91,28,23:0,12.387186728769954,19850.93131731705,0.062401035652991946,0.06053147456353307
500,5,91,28,24:0,160.77463295481752,19850.93131731705,0.8099097739286674,0.5932769953770539
500,5,91,28,15-24:1,36.58539694027803,19850.93131731705,0.1843006575130437,0.16915243793644733
500,5,91,28,di-16:0,21.464722502290826,19850.93131731705,0.10812954898275215,0.10267350295488813
500,5,91,28,26:0,6.442503267440875,19850.93131731705,0.032454413168115336,0.03193889298303934
500,5,92,29,14:0,33.20491186173221,24463.939009127615,0.13573003043109,0.12727564278749082
500,5,92,29,15:0,38.91980210759912,24463.939009127615,0.15909049680461496,0.1476356431080221
500,5,92,29,16:0,3797.1807612350644,24463.939009127615,15.521542789238959,2.804665152911448
500,5,92,29,9-16:1,1791.6923214604942,24463.939009127615,7.3238096317686425,2.119120038467929
500,5,92,29,"7,10-16:2",69.73650679875509,24463.939009127615,0.28505837417570434,0.25080414468948015
500,5,92,29,18:0,414.7912494331699,24463.939009127615,1.6955211067130656,0.9915915462306509
500,5,92,29,11-Me-12-18:1,1497.8641299625674,24463.939009127615,6.12274306849648,1.9632929136586512
500,5,92,29,9-18:1,1896.0052635586958,24463.939009127615,7.750204343018052,2.169077053584612
500,5,92,29,11-18:1,1638.0464806499506,24463.939009127615,6.695759338014976,2.040669441826506
500,5,92,29,"9,12-18:2",8779.925663375838,24463.939009127615,35.889255855731186,3.6079203394271167
500,5,92,29,"12,15-18:2",62.98850562961383,24463.939009127615,0.2574749127935306,0.22910567272796523
500,5,92,29,20:0,198.61232415559556,24463.939009127615,0.8118575021033707,0.5943525633050991
500,5,92,29,"9,12,15-18:3",3755.824414886293,24463.939009127615,15.352492554387814,2.7943803355336234
500,5,92,29,22:0,122.80843031640991,24463.939009127615,0.5019977783242081,0.4067960741958478
500,5,92,29,23:0,8.672920602684421,24463.939009127615,0.035451856708147086,0.03483790797513796
500,5,92,29,24:0,269.5584761065711,24463.939009127615,1.101860481282256,0.7428228959808415
500,5,92,29,15-24:1,37.50531668338918,24463.939009127615,0.153308576633533,0.14263483482449169
500,5,92,29,di-16:0,27.893724740805418,24463.939009127615,0.11401976080139072,0.10797487994865448
500,5,92,29,26:0,22.70780556238604,24463.939009127615,0.09282154257298322,0.08876292282912648
500,5,93,30,14:0,30.09477418385766,23911.70614202386,0.1258579124597358,0.11854533388634377
500,5,93,30,15:0,52.25694598121105,23911.70614202386,0.21854126874439783,0.19765446199084546
500,5,93,30,16:0,3685.820557744919,23911.70614202386,15.41429346719529,2.7981525081262393
500,5,93,30,9-16:1,1752.5456576749862,23911.70614202386,7.329237183100698,2.119771877327757
500,5,93,30,"7,10-16:2",76.73762465315122,23911.70614202386,0.3209207414868985,0.2783290248657693
500,5,93,30,18:0,423.30565471631286,23911.70614202386,1.770286286566437,1.0189506674098003
500,5,93,30,11-Me-12-18:1,1520.863697127246,23911.70614202386,6.360331162042801,1.996104926571319
500,5,93,30,9-18:1,1859.0431916000402,23911.70614202386,7.774615414551481,2.17186294098994
500,5,93,30,11-18:1,1643.9161288895577,23911.70614202386,6.87494283814588,2.0636859260372105
500,5,93,30,"9,12-18:2",8498.969317436686,23911.70614202386,35.54313216696858,3.5984932661313977
500,5,93,30,"12,15-18:2",63.7324232231088,23911.70614202386,0.26653231201725763,0.23628270297840764
500,5,93,30,20:0,221.32647542621652,23911.70614202386,0.9255988431425398,0.6552370067088857
500,5,93,30,"9,12,15-18:3",3616.097391852808,23911.70614202386,15.122707557440506,2.7802286855947194
500,5,93,30,22:0,106.65994502321874,23911.70614202386,0.446057443118909,0.36884084847928383
500,5,93,30,23:0,14.500586288882886,23911.70614202386,0.06064220680346473,0.05887458014260917
500,5,93,30,24:0,256.08954086938354,23911.70614202386,1.0709797926937403,0.7280218250958014
500,5,93,30,15-24:1,44.12736303835321,23911.70614202386,0.1845429296272638,0.1693569867858353
500,5,93,30,di-16:0,22.007749550551395,23911.70614202386,0.09203755440885776,0.08804526721567614
500,5,93,30,26:0,23.61111674336812,23911.70614202386,0.09874291948524967,0.09416672584199201
500,5,94,64,14:0,39.27060710466854,24351.587418024046,0.1612650807133914,0.14950999768237494
500,5,94,64,15:0,44.61690543616598,24351.587418024046,0.18321970009701452,0.1682392821211928
500,5,94,64,16:0,3496.898135277774,24351.587418024046,14.360041812672605,2.731769449895027
500,5,94,64,9-16:1,1973.715273556523,24351.587418024046,8.105078489033778,2.2088323335744615
500,5,94,64,"7,10-16:2",92.08864286997893,24351.587418024046,0.37816279197395847,0.32075130202462065
500,5,94,64,18:0,369.39620989059176,24351.587418024046,1.5169286648523777,0.9230393744136046
500,5,94,64,11-Me-12-18:1,1116.7317081917208,24351.587418024046,4.585868218862651,1.7202398759204396
500,5,94,64,9-18:1,2515.655360619413,24351.587418024046,10.330560047011259,2.4275035042693967
500,5,94,64,11-18:1,1977.561312635103,24351.587418024046,8.120872281087488,2.2105654443686467
500,5,94,64,"9,12-18:2",7992.143917600621,24351.587418024046,32.81980669434783,3.521046627734047
500,5,94,64,"12,15-18:2",146.91848249620804,24351.587418024046,0.6033219928301882,0.47207772234566103
500,5,94,64,20:0,488.7744565492134,24351.587418024046,2.0071564459384796,1.1009949299022666
500,5,94,64,"9,12,15-18:3",3424.9541122832566,24351.587418024046,14.064603072850378,2.712347824598278
500,5,94,64,22:0,296.8285118978118,24351.587418024046,1.2189287983670072,0.7970245561742739
500,5,94,64,23:0,15.039345383601347,24351.587418024046,0.06175919920715247,0.059927154366930656
500,5,94,64,24:0,253.96469681791234,24351.587418024046,1.042908178667392,0.7143743704629468
500,5,94,64,15-24:1,59.66953299145185,24351.587418024046,0.2450334426546949,0.2191623911259415
500,5,94,64,di-16:0,34.5325413141768,24351.587418024046,0.14180817341138602,0.1326131228788433
500,5,94,64,26:0,12.827665107853578,24351.587418024046,0.05267691542095965,0.051336363109991456
500,5,95,65,14:0,45.11113262797287,27901.679400579957,0.16167891538111215,0.1498662995758296
500,5,95,65,15:0,55.82519661034374,27901.679400579957,0.2000782670063343,0.1823867771723381
500,5,95,65,16:0,4150.9856657508135,27901.679400579957,14.877189312355629,2.7648834447098474
500,5,95,65,9-16:1,2082.487192333829,27901.679400579957,7.463662535992523,2.135782003809813
500,5,95,65,"7,10-16:2",136.2411650765448,27901.679400579957,0.4882901961582748,0.39762794169604937
500,5,95,65,18:0,662.6015279468938,27901.679400579957,2.3747729247190805,1.2163280404962702
500,5,95,65,11-Me-12-18:1,2152.364679669643,27901.679400579957,7.714104404858528,2.164942908901709
500,5,95,65,9-18:1,1336.6976521300423,27901.679400579957,4.790742639320335,1.756260545764188
500,5,95,65,11-18:1,1775.5443081331346,27901.679400579957,6.363575047372342,1.996545554939347
500,5,95,65,"9,12-18:2",9096.116744027262,27901.679400579957,32.60060662813792,3.5145441212150463
500,5,95,65,"12,15-18:2",108.59736270810215,27901.679400579957,0.3892144309630512,0.3287384298003197
500,5,95,65,20:0,477.1425651600146,27901.679400579957,1.7100854694434515,0.9969801729342993
500,5,95,65,"9,12,15-18:3",5084.997795258916,27901.679400579957,18.224701539482318,2.956195990666899
500,5,95,65,22:0,219.82883823826396,27901.679400579957,0.7878695582520909,0.5810247200923381
500,5,95,65,23:0,12.992642730494104,27901.679400579957,0.04656580897501117,0.04551414575714699
500,5,95,65,24:0,345.2332141851431,27901.679400579957,1.2373205541812913,0.8052789687021568
500,5,95,65,15-24:1,79.53014094522554,27901.679400579957,0.2850371112198087,0.25078759825685387
500,5,95,65,di-16:0,63.67992280864314,27901.679400579957,0.22822971296602135,0.20557387490682313
500,5,95,65,26:0,15.701654238675033,27901.679400579957,0.05627494321488284,0.054748514288415304
500,5,96,66,14:0,59.21433000103427,32247.79163610832,0.18362289941966484,0.1685799886190672
500,5,96,66,15:0,8.177479861922238,32247.79163610832,0.02535826314619881,0.025042076541413053
500,5,96,66,16:0,4622.014150905584,32247.79163610832,14.332808283622894,2.729994864862282
500,5,96,66,9-16:1,2351.0096446676075,32247.79163610832,7.290451610445002,2.1151044441947744
500,5,96,66,"7,10-16:2",112.56365499427304,32247.79163610832,0.3490584913983191,0.2994069353651957
500,5,96,66,18:0,497.38467589986175,32247.79163610832,1.5423836816873158,0.9331020983118572
500,5,96,66,11-Me-12-18:1,1649.5064851756151,32247.79163610832,5.115099054809815,1.810760967668579
500,5,96,66,9-18:1,2991.952726068642,32247.79163610832,9.278008118604033,2.330006478470877
500,5,96,66,11-18:1,2942.3607065847914,32247.79163610832,9.12422388418743,2.3149309566409926
500,5,96,66,"9,12-18:2",10539.173365519775,32247.79163610832,32.681845270046054,3.516958976176332
500,5,96,66,"12,15-18:2",101.42277135338769,32247.79163610832,0.314510750062721,0.2734645432165275
500,5,96,66,20:0,422.07355224649365,32247.79163610832,1.3088448257458096,0.8367473240195663
500,5,96,66,"9,12,15-18:3",5241.170291098794,32247.79163610832,16.252803758599644,2.84797466700012
500,5,96,66,22:0,237.5003868206025,32247.79163610832,0.7364857398627876,0.5518633811687267
500,5,96,66,23:0,10.384487059261867,32247.79163610832,0.0322021649620007,0.031694544155208455
500,5,96,66,24:0,315.20797029402735,32247.79163610832,0.9774559878422323,0.681811163947888
500,5,96,66,15-24:1,79.82624451845669,32247.79163610832,0.2475401894778869,0.2211737641389502
500,5,96,66,di-16:0,32.68389759869886,32247.79163610832,0.10135235915535448,0.09653884210353206
500,5,96,66,26:0,34.164815439490695,32247.79163610832,0.10594466692483791,0.10069987194339576
750,1,61,61,14:0,46.25572378180881,38056.730126628136,0.12154413589370328,0.11470642854500651
750,1,61,61,15:0,82.57527665130566,38056.730126628136,0.21697943143446285,0.19637191282268332
750,1,61,61,16:0,6417.69301139146,38056.730126628136,16.863490347272446,2.882758984533502
750,1,61,61,9-16:1,3295.131564646731,38056.730126628136,8.658472637251464,2.2678355236376233
750,1,61,61,"7,10-16:2",339.21186334479756,38056.730126628136,0.8913321302595371,0.637281411620112
750,1,61,61,18:0,1241.5564436511736,38056.730126628136,3.262383393213443,1.4498284858045773
750,1,61,61,11-Me-12-18:1,2698.5873516181814,38056.730126628136,7.090959582284214,2.0907473374213352
750,1,61,61,9-18:1,1800.6193606780253,38056.730126628136,4.731408491183375,1.7459613104999716
750,1,61,61,11-18:1,2061.200518391283,38056.730126628136,5.41612616620751,1.858814534680024
750,1,61,61,"9,12-18:2",8557.37458209983,38056.730126628136,22.48583773126707,3.1563975897504553
750,1,61,61,"12,15-18:2",253.75824250260297,38056.730126628136,0.666789400083139,0.5108992611045787
750,1,61,61,20:0,661.6651098304443,38056.730126628136,1.7386283782890741,1.007457203196739
750,1,61,61,"9,12,15-18:3",8690.146591058245,38056.730126628136,22.834716913783893,3.171143211673478
750,1,61,61,22:0,508.52421223368384,38056.730126628136,1.336226760790128,0.848537132510822
750,1,61,61,23:0,21.99862661846899,38056.730126628136,0.05780482596710704,0.05619584190735111
750,1,61,61,24:0,1065.2837646374899,38056.730126628136,2.799199408601096,1.334790362588701
750,1,61,61,15-24:1,166.27225610870173,38056.730126628136,0.4369063121173454,0.36249240811507505
750,1,61,61,di-16:0,100.351706391489,38056.730126628136,0.26368977591501835,0.23403583515470555
750,1,61,61,26:0,48.52392099241522,38056.730126628136,0.12750417818598458,0.12000649809602056
750,1,62,62,14:0,55.89910197949275,46034.00239930143,0.12143002794895152,0.11460468154614256
750,1,62,62,15:0,80.8283880493154,46034.00239930143,0.1755840983545284,0.16176512906294963
750,1,62,62,16:0,7260.053391637455,46034.00239930143,15.771067066172867,2.819655203278521
750,1,62,62,9-16:1,3361.720330899583,46034.00239930143,7.302689654790037,2.1165795171021182
750,1,62,62,"7,10-16:2",314.73651280093736,46034.00239930143,0.6837044280245193,0.5209963826149165
750,1,62,62,18:0,1016.7081660560877,46034.00239930143,2.208602583014846,1.1658355099631392
750,1,62,62,11-Me-12-18:1,2778.4573706268147,46034.00239930143,6.035663261530737,1.9509919663682673
750,1,62,62,9-18:1,3613.661736575611,46034.00239930143,7.849983812466518,2.180415629918337
750,1,62,62,11-18:1,3123.415602820778,46034.00239930143,6.785018551565648,2.052201188271645
750,1,62,62,"9,12-18:2",10448.67343555215,46034.00239930143,22.697729701883816,3.1653792503831677
750,1,62,62,"12,15-18:2",176.0741918428137,46034.00239930143,0.38248725434633424,0.3238842350925308
750,1,62,62,20:0,901.4310033157491,46034.00239930143,1.9581851595190176,1.084575958515829
750,1,62,62,"9,12,15-18:3",11282.458221739835,46034.00239930143,24.50896648932496,3.239030017390435
750,1,62,62,22:0,474.16621586420536,46034.00239930143,1.0300347376951104,0.7080529050723636
750,1,62,62,23:0,13.32949489020878,46034.00239930143,0.028955759211610622,0.028544461964196268
750,1,62,62,24:0,791.6418303598847,46034.00239930143,1.719689336358678,1.0005176592109093
750,1,62,62,15-24:1,179.91774582161412,46034.00239930143,0.3908366347574948,0.32990546158513934
750,1,62,62,di-16:0,124.65560365041547,46034.00239930143,0.2707902792573759,0.23963897407438017
750,1,62,62,26:0,36.17405481848559,46034.00239930143,0.07858116377696181,0.07564644018326096
750,1,63,63,14:0,56.13068991608033,44474.09147875223,0.12620986297808268,0.11885789155006123
750,1,63,63,15:0,77.02205466626589,44474.09147875223,0.1731840991132189,0.15972150459700454
750,1,63,63,16:0,7045.317279042661,44474.09147875223,15.841396743109648,2.823839947364568
750,1,63,63,9-16:1,2775.1167745818984,44474.09147875223,6.239850398985054,1.9796005430605284
750,1,63,63,"7,10-16:2",223.47385032152263,44474.09147875223,0.5024809791298124,0.40711772786610356
750,1,63,63,18:0,1047.3816225068745,44474.09147875223,2.3550377032598124,1.2104630082918897
750,1,63,63,11-Me-12-18:1,2214.742380463412,44474.09147875223,4.979848506903213,1.78839523434787
750,1,63,63,9-18:1,3511.6051314447463,44474.09147875223,7.895844557324881,2.1855842640332734
750,1,63,63,11-18:1,2914.791663091118,44474.09147875223,6.553909402474647,2.0220652309001883
750,1,63,63,"9,12-18:2",11151.46623554142,44474.09147875223,25.074073162054596,3.260941455175693
750,1,63,63,"12,15-18:2",169.84943670720156,44474.09147875223,0.38190647871547456,0.32346405208281076
750,1,63,63,20:0,914.7687003292347,44474.09147875223,2.0568575319099462,1.1173874379332507
750,1,63,63,"9,12,15-18:3",10804.249508362882,44474.09147875223,24.293356309537383,3.230541764788014
750,1,63,63,22:0,461.7618159825597,44474.09147875223,1.038271498369268,0.7121021439696368
750,1,63,63,23:0,6.99384088203265,44474.09147875223,0.015725652058286566,0.01560328519061353
750,1,63,63,24:0,764.094411174878,44474.09147875223,1.718066374756478,0.9999207358709832
750,1,63,63,15-24:1,160.4606046450356,44474.09147875223,0.36079568870270606,0.3080695938866082
750,1,63,63,di-16:0,134.86332693720422,44474.09147875223,0.3032402067204364,0.2648536301321364
750,1,63,63,26:0,40.002152155199624,44474.09147875223,0.08994484389706062,0.08612709303142932
750,1,64,64,14:0,64.97758605243739,38473.59157843297,0.16888879718955505,0.1560535515233409
750,1,64,64,15:0,68.70500531200761,38473.59157843297,0.17857705114934314,0.1643078219520666
750,1,64,64,16:0,6534.790361219262,38473.59157843297,16.98513212081414,2.88954542328764
750,1,64,64,9-16:1,2732.984962568794,38473.59157843297,7.10353478956411,2.0923003602596704
750,1,64,64,"7,10-16:2",335.8589801415569,38473.59157843297,0.8729597793251733,0.6275199492992815
750,1,64,64,18:0,938.3539707279855,38473.59157843297,2.438956001326364,1.2351679373369862
750,1,64,64,11-Me-12-18:1,3018.4918949533935,38473.59157843297,7.845620258248676,2.179922450449713
750,1,64,64,9-18:1,1977.989097988272,38473.59157843297,5.141160512545097,1.8150137328570175
750,1,64,64,11-18:1,1856.416470447065,38473.59157843297,4.825170706151882,1.7621883047995055
750,1,64,64,"9,12-18:2",8883.233751037162,38473.59157843297,23.089172043965895,3.181762446752867
750,1,64,64,"12,15-18:2",148.23187150008346,38473.59157843297,0.3852821257872306,0.3259038198244929
750,1,64,64,20:0,405.3241110022514,38473.59157843297,1.0535125377519023,0.7195517599482613
750,1,64,64,"9,12,15-18:3",9984.97240369432,38473.59157843297,25.95279513569398,3.2940870075870805
750,1,64,64,22:0,381.3946090519585,38473.59157843297,0.9913153241085915,0.6887953872827326
750,1,64,64,23:0,17.67967277968503,38473.59157843297,0.0459527485070972,0.044928191110998016
750,1,64,64,24:0,859.7053248227936,38473.59157843297,2.2345335840824285,1.173884739531143
750,1,64,64,15-24:1,143.05684002732846,38473.59157843297,0.3718312592046161,0.3161465328220181
750,1,64,64,di-16:0,79.27659302187476,38473.59157843297,0.20605456826212867,0.18735434459656272
750,1,64,64,26:0,42.148072084739304,38473.59157843297,0.10955065632179276,0.10395511924037443
750,1,65,65,14:0,57.524380683070106,46520.64585755559,0.12365344380473034,0.11658537991273334
750,1,65,65,15:0,105.35259516530377,46520.64585755559,0.22646417138723596,0.2041353722124621
750,1,65,65,16:0,7808.797740300242,46520.64585755559,16.785660638097067,2.878392550513008
750,1,65,65,9-16:1,3271.2880587901295,46520.64585755559,7.031905938723823,2.083421852064544
750,1,65,65,"7,10-16:2",420.60024074771644,46520.64585755559,0.9041152223801409,0.6440174504941133
750,1,65,65,18:0,1036.2953183502466,46520.64585755559,2.2276030335506145,1.171739766869891
750,1,65,65,11-Me-12-18:1,3046.0555555724027,46520.64585755559,6.5477499278477485,2.0212494960416905
750,1,65,65,9-18:1,1734.6002573499827,46520.64585755559,3.7286676170861024,1.553643475102764
750,1,65,65,11-18:1,2643.3351234573443,46520.64585755559,5.682068842189195,1.899427646513818
750,1,65,65,"9,12-18:2",12212.014274046418,46520.64585755559,26.250741039664693,3.3050807148556354
750,1,65,65,"12,15-18:2",181.1522373299154,46520.64585755559,0.38940181072420305,0.3288733025176275
750,1,65,65,20:0,588.727683144815,46520.64585755559,1.2655191523941356,0.8178039390262606
750,1,65,65,"9,12,15-18:3",12078.664417461707,46520.64585755559,25.964094424755213,3.2945061448673933
750,1,65,65,22:0,432.4267068916683,46520.64585755559,0.9295371956265227,0.6572801791492088
750,1,65,65,23:0,20.805275125063673,46520.64585755559,0.044722670422007074,0.04375146303939728
750,1,65,65,24:0,661.5301751216123,46520.64585755559,1.4220141679614509,0.8845994948088576
750,1,65,65,15-24:1,125.58185174694167,46520.64585755559,0.26994864201040636,0.23897646029092212
750,1,65,65,di-16:0,52.20650919898556,46520.64585755559,0.11222223646429987,0.10636002879597457
750,1,65,65,26:0,43.687457072022504,46520.64585755559,0.09390982491041032,0.089758273646752
750,1,66,66,14:0,72.96005693737736,45401.93118606399,0.16069813558893783,0.14902166510954204
750,1,66,66,15:0,92.83340291940931,45401.93118606399,0.20447016348041228,0.186039771890446
750,1,66,66,16:0,7571.911105197472,45401.93118606399,16.67750887989023,2.872293146823398
750,1,66,66,9-16:1,3356.2711234107715,45401.93118606399,7.39235322316195,2.127320960670795
750,1,66,66,"7,10-16:2",412.21989531564344,45401.93118606399,0.9079347167553379,0.6460213569036953
750,1,66,66,18:0,1026.215148752488,45401.93118606399,2.2602896439512734,1.1818160392696948
750,1,66,66,11-Me-12-18:1,2553.761948709509,45401.93118606399,5.624787056400323,1.890818228925567
750,1,66,66,9-18:1,1952.290224393438,45401.93118606399,4.300015821777838,1.6677098057947217
750,1,66,66,11-18:1,3102.6060444003065,45401.93118606399,6.833643334873482,2.058427706363647
750,1,66,66,"9,12-18:2",10858.081075599534,45401.93118606399,23.91546084482943,3.215488528244202
750,1,66,66,"12,15-18:2",199.439881434096,45401.93118606399,0.43927620747399754,0.36414035352663443
750,1,66,66,20:0,857.7690325119677,45401.93118606399,1.8892787379389222,1.061006899328723
750,1,66,66,"9,12,15-18:3",11861.255323290774,45401.93118606399,26.125001764091387,3.300455876896249
750,1,66,66,22:0,575.456268313583,45401.93118606399,1.2674709054891875,0.8186650718285564
750,1,66,66,23:0,25.063059122905656,45401.93118606399,0.055202627879843806,0.05373281282711976
750,1,66,66,24:0,564.6248318878164,45401.93118606399,1.2436141308040365,0.8080880169046464
750,1,66,66,15-24:1,131.87472617347956,45401.93118606399,0.29046060977678895,0.25499921648464335
750,1,66,66,di-16:0,167.59916109892063,45401.93118606399,0.369145445404236,0.31418678274062317
750,1,66,66,26:0,19.698876594494898,45401.93118606399,0.04338775043239002,0.0424728714877771
750,5,100,31,14:0,21.527791051438538,18321.34240818762,0.11750116651833324,0.11109509136932233
750,5,100,31,15:0,31.919965974201116,18321.34240818762,0.17422285585327205,0.16060652950132087
750,5,100,31,16:0,2772.3623443578203,18321.34240818762,15.131873432586907,2.7807970312443473
750,5,100,31,9-16:1,1365.5562849837968,18321.34240818762,7.453363703161532,2.1345644335397536
750,5,100,31,"7,10-16:2",66.50936498155086,18321.34240818762,0.3630157850869514,0.3096997337822954
750,5,100,31,18:0,430.27932979946684,18321.34240818762,2.348514209347343,1.2085167278552589
750,5,100,31,11-Me-12-18:1,1722.8564648473337,18321.34240818762,9.403549294932706,2.342147026284028
750,5,100,31,9-18:1,1207.2564478381512,18321.34240818762,6.589344934127975,2.0267452812439215
750,5,100,31,11-18:1,997.8641764259252,18321.34240818762,5.446457765998577,1.8635307963850398
750,5,100,31,"9,12-18:2",6236.791235418324,18321.34240818762,34.04112589823749,3.5565223973509905
750,5,100,31,"12,15-18:2",90.0447990548525,18321.34240818762,0.49147489877495226,0.3997654953137518
750,5,100,31,20:0,161.95952794942826,18321.34240818762,0.8839937835398471,0.6333938765414279
750,5,100,31,"9,12,15-18:3",2659.7687523879194,18321.34240818762,14.517324621362333,2.7419571172512973
750,5,100,31,22:0,121.67969969852707,18321.34240818762,0.6641418351755146,0.5093095762517941
750,5,100,31,23:0,3.081470990223089,18321.34240818762,0.016819024073509,0.016679150467795865
750,5,100,31,24:0,332.5187602575078,18321.34240818762,1.8149257453368077,1.034935883033017
750,5,100,31,15-24:1,48.861640523883764,18321.34240818762,0.26669246955423964,0.236409148557466
750,5,100,31,di-16:0,21.315794343597304,18321.34240818762,0.11634406403578537,0.11005911755143308
750,5,100,31,26:0,29.1885573036726,18321.34240818762,0.159314512295936,0.14782889276987052
750,5,101,32,14:0,29.01352519128973,25235.69812975562,0.11497017059765684,0.10882765172700523
750,5,101,32,15:0,38.94531212900681,25235.69812975562,0.15432627196901708,0.14351685946723633
750,5,101,32,16:0,3499.999324328322,25235.69812975562,13.869239148178918,2.699294592261777
750,5,101,32,9-16:1,2091.9655259330484,25235.69812975562,8.289707362866235,2.2289070520999203
750,5,101,32,"7,10-16:2",65.18905569623958,25235.69812975562,0.25832079366718463,0.2297781286856228
750,5,101,32,18:0,357.4191732384385,25235.69812975562,1.4163236990737442,0.8822472525025572
750,5,101,32,11-Me-12-18:1,1938.0575387276463,25235.69812975562,7.679825336167208,2.161001405908416
750,5,101,32,9-18:1,4188.8440455362825,25235.69812975562,16.598883153532345,2.8678354428449513
750,5,101,32,11-18:1,1702.405621344079,25235.69812975562,6.7460214993488075,2.04717935663077
750,5,101,32,"9,12-18:2",7062.011319749047,25235.69812975562,27.98421221968166,3.3667512755257296
750,5,101,32,"12,15-18:2",100.58067338102212,25235.69812975562,0.39856505203011056,0.3354467481519698
750,5,101,32,20:0,185.4678598152086,25235.69812975562,0.734942456759387,0.550974246715896
750,5,101,32,"9,12,15-18:3",3393.6500382962613,25235.69812975562,13.447815157904353,2.6705432029815195
750,5,101,32,22:0,183.09240836536367,25235.69812975562,0.7255293965871223,0.5455338999724477
750,5,101,32,23:0,9.790730411291213,25235.69812975562,0.03879714506390803,0.03806345250070441
750,5,101,32,24:0,286.68192066946006,25235.69812975562,1.136017395656794,0.7589430650988656
750,5,101,32,15-24:1,54.80087489676825,25235.69812975562,0.2171561674854245,0.19651712745357786
750,5,101,32,di-16:0,23.2804409376979,25235.69812975562,0.09225201862058946,0.08824163697824695
750,5,101,32,26:0,24.50274110914519,25235.69812975562,0.09709555480953312,0.09266628306893343
750,5,102,33,14:0,41.50861624779,29492.748056119755,0.14074177207497268,0.13167872806648787
750,5,102,33,15:0,7.579012422681106,29492.748056119755,0.02569788480971497,0.025373244137150055
750,5,102,33,16:0,4471.020060141359,29492.748056119755,15.159726898401454,2.78252215309875
750,5,102,33,9-16:1,2156.8421515684704,29492.748056119755,7.313127103192831,2.117835844122048
750,5,102,33,"7,10-16:2",110.06282715678182,29492.748056119755,0.37318606915622343,0.3171336377467248
750,5,102,33,18:0,508.1786302759239,29492.748056119755,1.7230630028403768,1.0017573507138517
750,5,102,33,11-Me-12-18:1,1841.9949527476429,29492.748056119755,6.245586030988483,1.9803924601464797
750,5,102,33,9-18:1,2898.711442646052,29492.748056119755,9.828556623920871,2.38218677640799
750,5,102,33,11-18:1,2061.4671692470656,29492.748056119755,6.989742581208231,2.0781585416381874
750,5,102,33,"9,12-18:2",9162.905534330028,29492.748056119755,31.068334211835925,3.4678690700995762
750,5,102,33,"12,15-18:2",147.21623546087375,29492.748056119755,0.49916079431033666,0.4049054810863939
750,5,102,33,20:0,317.00583731163516,29492.748056119755,1.074860290090385,0.7298938213389673
750,5,102,33,"9,12,15-18:3",5060.943293209959,29492.748056119755,17.159958385633757,2.8992190816305303
750,5,102,33,22:0,216.55012432540607,29492.748056119755,0.7342487173909582,0.550574303707367
750,5,102,33,23:0,12.481550829613308,29492.748056119755,0.04232074544516167,0.041449713091078394
750,5,102,33,24:0,335.23426948528515,29492.748056119755,1.1366667793973981,0.7592470350245604
750,5,102,33,15-24:1,82.18149850956847,29492.748056119755,0.27864985098435335,0.24580471731589332
750,5,102,33,di-16:0,33.80944502742217,29492.748056119755,0.11463646915197073,0.10852831511557919
750,5,102,33,26:0,27.055405176198228,29492.748056119755,0.09173578916659894,0.08776889673513395
750,5,97,67,14:0,20.444176047360944,23862.93419170594,0.08567335384290983,0.08220039711844765
750,5,97,67,15:0,30.888222418881828,23862.93419170594,0.1294401693049871,0.12172208456672355
750,5,97,67,16:0,3067.850590534318,23862.93419170594,12.856133138902145,2.6287279605284004
750,5,97,67,9-16:1,1766.830099534779,23862.93419170594,7.404077324861742,2.1287169838996998
750,5,97,67,"7,10-16:2",69.57286897197302,23862.93419170594,0.29155202965842536,0.25584461896639016
750,5,97,67,18:0,526.2951093937116,23862.93419170594,2.2054920202421564,1.164865595046399
750,5,97,67,11-Me-12-18:1,1191.399121032627,23862.93419170594,4.992676556291734,1.7905381497695991
750,5,97,67,9-18:1,3317.6670569519524,23862.93419170594,13.903013897197425,2.701563467476281
750,5,97,67,11-18:1,2062.7875485810023,23862.93419170594,8.644316461711432,2.2663687741429914
750,5,97,67,"9,12-18:2",7226.972167850301,23862.93419170594,30.285345925155283,3.443149806610078
750,5,97,67,"12,15-18:2",87.09839845088487,23862.93419170594,0.3649945046622043,0.31115040274032413
750,5,97,67,20:0,270.3971781336595,23862.93419170594,1.1331262784424965,0.7575886400071032
750,5,97,67,"9,12,15-18:3",3683.4932968343755,23862.93419170594,15.436045153720663,2.7994767982625017
750,5,97,67,22:0,139.97013331680702,23862.93419170594,0.5865587701509757,0.46156737525729014
750,5,97,67,23:0,8.619807270811302,23862.93419170594,0.036122160005818964,0.035485051949388474
750,5,97,67,24:0,281.5256146169044,23862.93419170594,1.1797610987619223,0.7792152830719354
750,5,97,67,15-24:1,36.12262795615438,23862.93419170594,0.15137546651203335,0.14095728550436604
750,5,97,67,di-16:0,38.79373996505664,23862.93419170594,0.16256902715065197,0.15063223491066838
750,5,97,67,26:0,36.206433844375965,23862.93419170594,0.15172666342498764,0.14126226278792747
750,5,98,68,14:0,27.52470430316677,24303.286245650903,0.11325507186540398,0.10728822111803585
750,5,98,68,15:0,41.334294986832106,24303.286245650903,0.17007697876343336,0.15706954046024696
750,5,98,68,16:0,3160.3257851763815,24303.286245650903,13.003697332256559,2.639321389909453
750,5,98,68,9-16:1,1978.8224364194202,24303.286245650903,8.142201085145564,2.212901175417547
750,5,98,68,"7,10-16:2",76.06473285102557,24303.286245650903,0.3129812655053488,0.2723003267537828
750,5,98,68,18:0,434.84600250704364,24303.286245650903,1.7892477507434195,1.025771936088898
750,5,98,68,11-Me-12-18:1,1188.6076599744356,24303.286245650903,4.890728142524916,1.7733796135413993
750,5,98,68,9-18:1,3334.6039221556207,24303.286245650903,13.720794333944658,2.689261074748634
750,5,98,68,11-18:1,2028.9480355830744,24303.286245650903,8.348451378447459,2.235210701609234
750,5,98,68,"9,12-18:2",7663.238133682037,24303.286245650903,31.531695163461205,3.482214849901018
750,5,98,68,"12,15-18:2",66.43015203907697,24303.286245650903,0.27333814599235406,0.24164191351837871
750,5,98,68,20:0,404.5450416483539,24303.286245650903,1.6645692996384291,0.9800424309127991
750,5,98,68,"9,12,15-18:3",3305.2948461488113,24303.286245650903,13.60019716156821,2.6810350328401102
750,5,98,68,22:0,209.7345259856246,24303.286245650903,0.862988337732132,0.6221818316600468
750,5,98,68,23:0,13.032897310166279,24303.286245650903,0.05362607006490132,0.052237614938174214
750,5,98,68,24:0,243.99127335896873,24303.286245650903,1.0039435444769582,0.695117011407113
750,5,98,68,15-24:1,62.05296957165955,24303.286245650903,0.2553274851163965,0.2273964828595546
750,5,98,68,di-16:0,48.77935520698986,24303.286245650903,0.20071094383673718,0.18291383456012653
750,5,98,68,26:0,15.109476742214676,24303.286245650903,0.062170508915922976,0.06031446446701458
750,5,99,69,14:0,38.63666205260928,24361.11963971936,0.15859969748522762,0.14721211857663055
750,5,99,69,15:0,51.59958568722451,24361.11963971936,0.21181122399273655,0.19211611973436077
750,5,99,69,16:0,3542.979912272132,24361.11963971936,14.543584057998357,2.743647952710314
750,5,99,69,9-16:1,1767.7968798054605,24361.11963971936,7.2566323139071685,2.111016794215763
750,5,99,69,"7,10-16:2",100.08968708076972,24361.11963971936,0.4108583208038576,0.34419825734292564
750,5,99,69,18:0,460.8253380478095,24361.11963971936,1.8916426866376912,1.0618247443250184
750,5,99,69,11-Me-12-18:1,1262.6091611697518,24361.11963971936,5.182886418369468,1.821785220420554
750,5,99,69,9-18:1,2562.352937044051,24361.11963971936,10.518206777599362,2.4439289814844884
750,5,99,69,11-18:1,1789.8954699047326,24361.11963971936,7.347344852682445,2.121943506581182
750,5,99,69,"9,12-18:2",7131.074391364858,24361.11963971936,29.272358975398095,3.4102350511302264
750,5,99,69,"12,15-18:2",183.0144792153541,24361.11963971936,0.7512564361654374,0.5603334938460164
750,5,99,69,20:0,367.09693353578507,24361.11963971936,1.5068968050928797,0.9190456556216811
750,5,99,69,"9,12,15-18:3",4431.670374233399,24361.11963971936,18.191570994166558,2.954471171919825
750,5,99,69,22:0,252.5836343933021,24361.11963971936,1.0368309754592704,0.711395156609564
750,5,99,69,23:0,11.502245528597687,24361.11963971936,0.0472155865522862,0.04613481952903443
750,5,99,69,24:0,271.75681640726344,24361.11963971936,1.1155350017828412,0.7493077364359786
750,5,99,69,15-24:1,64.96075278327828,24361.11963971936,0.26665750073885613,0.23638154177925078
750,5,99,69,di-16:0,37.55057658687691,24361.11963971936,0.1541414234740382,0.1433567112479315
750,5,99,69,26:0,33.123802606105414,24361.11963971936,0.1359699516934313,0.12748686897503422
1000,1,67,67,14:0,102.91558358471175,54787.21717867567,0.1878459773729275,0.17214156385935014
1000,1,67,67,15:0,103.7876246810677,54787.21717867567,0.18943766452416932,0.1734806446160868
1000,1,67,67,16:0,9223.987481533659,54787.21717867567,16.83602116795198,2.8812200735750206
1000,1,67,67,9-16:1,4356.5803713661835,54787.21717867567,7.951819047786671,2.1918567571979395
1000,1,67,67,"7,10-16:2",583.2293356448432,54787.21717867567,1.064535425741332,0.7249052256743018
1000,1,67,67,18:0,1909.1943973184248,54787.21717867567,3.484744244432117,1.5006814692319752
1000,1,67,67,11-Me-12-18:1,4192.121834676525,54787.21717867567,7.651642208811047,2.1577491536540196
1000,1,67,67,9-18:1,2278.1420518284845,54787.21717867567,4.158163471597504,1.640580599783139
1000,1,67,67,11-18:1,3450.914003842546,54787.21717867567,6.298757596298783,1.9877041413821566
1000,1,67,67,"9,12-18:2",11801.084438228156,54787.21717867567,21.53985007075954,3.1152848568929477
1000,1,67,67,"12,15-18:2",137.6979069184505,54787.21717867567,0.2513321793099676,0.22420872726080684
1000,1,67,67,20:0,887.5113419226641,54787.21717867567,1.6199241130066049,0.9631453528522304
1000,1,67,67,"9,12,15-18:3",14016.508465648156,54787.21717867567,25.58353788975373,3.2802921478796048
1000,1,67,67,22:0,446.5484788763154,54787.21717867567,0.8150596103832071,0.5961183103638285
1000,1,67,67,23:0,27.355790264257685,54787.21717867567,0.049930972356276436,0.04872442139535313
1000,1,67,67,24:0,961.726817325188,54787.21717867567,1.7553854107770088,1.0135573278393601
1000,1,67,67,15-24:1,169.83138386823384,54787.21717867567,0.309983592184229,0.2700146120844142
1000,1,67,67,di-16:0,97.27675062050548,54787.21717867567,0.17755373539645233,0.1634391810234065
1000,1,67,67,26:0,40.80312052730589,54787.21717867567,0.07447562155645919,0.07183274866850982
1000,1,68,68,14:0,76.32804994681673,43070.22854990251,0.17721765710711443,0.16315373650621068
1000,1,68,68,15:0,78.58626838379186,43070.22854990251,0.18246076473158104,0.16759766090247522
1000,1,68,68,16:0,7022.786924936048,43070.22854990251,16.305432224022745,2.8510204536042125
1000,1,68,68,9-16:1,3244.793453815303,43070.22854990251,7.533727038517532,2.144026199079387
1000,1,68,68,"7,10-16:2",289.34359847772913,43070.22854990251,0.6717948992132388,0.5138978392035176
1000,1,68,68,18:0,1051.8356490238891,43070.22854990251,2.4421408579367054,1.236093620234031
1000,1,68,68,11-Me-12-18:1,2960.9726878518836,43070.22854990251,6.874754993280819,2.063662072263369
1000,1,68,68,9-18:1,3336.6929481972397,43070.22854990251,7.747098310219652,2.1687220236817084
1000,1,68,68,11-18:1,2851.8117267806247,43070.22854990251,6.621306231232153,2.0309477764291244
1000,1,68,68,"9,12-18:2",9489.059962965704,43070.22854990251,22.031598815342676,3.136867134581523
1000,1,68,68,"12,15-18:2",144.56771163471734,43070.22854990251,0.33565578011088726,0.2894223922994896
1000,1,68,68,20:0,871.178677207409,43070.22854990251,2.022693416168048,1.106148293574555
1000,1,68,68,"9,12,15-18:3",9939.719494856536,43070.22854990251,23.077935338420755,3.18129587500465
1000,1,68,68,22:0,559.4819192623656,43070.22854990251,1.2989991883004113,0.8324738927146104
1000,1,68,68,23:0,25.26129857081888,43070.22854990251,0.05865141519170337,0.0569958483079417
1000,1,68,68,24:0,754.9884458671119,43070.22854990251,1.752924168935762,1.0126636808976166
1000,1,68,68,15-24:1,193.19767548294266,43070.22854990251,0.44856431458007656,0.37057293805626973
1000,1,68,68,di-16:0,121.93432127624114,43070.22854990251,0.2831058143445054,0.2492835563905304
1000,1,68,68,26:0,57.6877353653371,43070.22854990251,0.13393877234363474,0.12569721120560776
1000,1,69,69,14:0,45.161977416262275,31323.38030812319,0.1441797691437226,0.1346880214721719
1000,1,69,69,15:0,55.71666582666789,31323.38030812319,0.17787564840892578,0.1637125180350707
1000,1,69,69,16:0,5129.319536641949,31323.38030812319,16.375370366115135,2.855053707259076
1000,1,69,69,9-16:1,2147.0791321087027,31323.38030812319,6.854557557288586,2.061093943868953
1000,1,69,69,"7,10-16:2",209.37521545568868,31323.38030812319,0.6684310996964486,0.5118837235987426
1000,1,69,69,18:0,699.7294407360399,31323.38030812319,2.2338886603326684,1.1736853327121297
1000,1,69,69,11-Me-12-18:1,2535.982839774246,31323.38030812319,8.09613398946148,2.2078494869313725
1000,1,69,69,9-18:1,1754.9821471362418,31323.38030812319,5.602786576265898,1.8874917684525763
1000,1,69,69,11-18:1,1567.0908028066747,31323.38030812319,5.002942809465159,1.7922498172320134
1000,1,69,69,"9,12-18:2",7475.994441335862,31323.38030812319,23.867138117903224,3.2135471775268916
1000,1,69,69,"12,15-18:2",132.7162018836695,31323.38030812319,0.4236969336583759,0.35325696285170494
1000,1,69,69,20:0,668.7309251075408,31323.38030812319,2.1349257919462694,1.1426055029741895
1000,1,69,69,"9,12,15-18:3",7398.0922939315815,31323.38030812319,23.618435242804914,3.2034955623922814
1000,1,69,69,22:0,505.1400033650507,31323.38030812319,1.6126612083244771,0.9603693219228445
1000,1,69,69,23:0,16.902935019293757,31323.38030812319,0.05396267852646244,0.05255704012456144
1000,1,69,69,24:0,718.3727027952594,31323.38030812319,2.2934073389549265,1.1919226941817789
1000,1,69,69,15-24:1,176.00528303111113,31323.38030812319,0.5618974749844197,0.4459014122494753
1000,1,69,69,di-16:0,39.86250214991383,31323.38030812319,0.12726117602184897,0.11979095268272694
1000,1,69,69,26:0,47.12526160143296,31323.38030812319,0.15044756069705484,0.14015104987784494
1000,1,70,70,14:0,53.58458345204623,36311.41222943198,0.14756953850617133,0.1376462611218351
1000,1,70,70,15:0,79.19263961048145,36311.41222943198,0.218092976142339,0.1972865014665627
1000,1,70,70,16:0,5924.853303694975,36311.41222943198,16.316780152363844,2.851675982408906
1000,1,70,70,9-16:1,2806.4773464168866,36311.41222943198,7.728912686414644,2.1666408130012313
1000,1,70,70,"7,10-16:2",273.10865952244393,36311.41222943198,0.752128994038622,0.560831616538258
1000,1,70,70,18:0,724.6434586722455,36311.41222943198,1.9956355706950182,1.097156419636576
1000,1,70,70,11-Me-12-18:1,2865.6677350229033,36311.41222943198,7.891920360784412,2.1851430397847857
1000,1,70,70,9-18:1,2150.552015119222,36311.41222943198,5.922523755151846,1.9347804076427686
1000,1,70,70,11-18:1,2137.705997457077,36311.41222943198,5.887146398906438,1.9296568336193984
1000,1,70,70,"9,12-18:2",9638.170915610806,36311.41222943198,26.5430902403698,3.315751696169286
1000,1,70,70,"12,15-18:2",101.99757340102086,36311.41222943198,0.2808967405524024,0.2475604111974901
1000,1,70,70,20:0,537.5497011502569,36311.41222943198,1.4803877573082915,0.90841490170826
1000,1,70,70,"9,12,15-18:3",7571.940510211533,36311.41222943198,20.85278441490674,3.0843283465991913
1000,1,70,70,22:0,407.270040393028,36311.41222943198,1.1216034171838623,0.7521721316716944
1000,1,70,70,23:0,17.315732474321297,36311.41222943198,0.047686750283664654,0.04658463881754082
1000,1,70,70,24:0,785.5252004788559,36311.41222943198,2.1633011558888184,1.1516161518963495
1000,1,70,70,15-24:1,132.7074065598621,36311.41222943198,0.3654702431328104,0.3114988697738607
1000,1,70,70,di-16:0,66.35203105078575,36311.41222943198,0.18273051632237133,0.16782576219315787
1000,1,70,70,26:0,36.7973791332274,36311.41222943198,0.10133833104789443,0.09652610485674328
1000,1,71,71,14:0,49.71047282533976,42678.36738441059,0.11647697855353727,0.11017817278727478
1000,1,71,71,15:0,82.8894219911911,42678.36738441059,0.19421882108233757,0.17749226541716023
1000,1,71,71,16:0,7081.929206330131,42678.36738441059,16.593720988767238,2.8675420763875414
1000,1,71,71,9-16:1,2531.3658806413177,42678.36738441059,5.931262219664866,1.9360419350963916
1000,1,71,71,"7,10-16:2",218.87679423223693,42678.36738441059,0.5128518442628796,0.413996508176057
1000,1,71,71,18:0,838.7873083042291,42678.36738441059,1.9653687798062738,1.087001402390393
1000,1,71,71,11-Me-12-18:1,2576.9778982730113,42678.36738441059,6.038136077375634,1.951343373377959
1000,1,71,71,9-18:1,4502.925676769041,42678.36738441059,10.550838639656716,2.4467580438259486
1000,1,71,71,11-18:1,2208.5009720508074,42678.36738441059,5.174755051331981,1.820469213926764
1000,1,71,71,"9,12-18:2",11626.07374754854,42678.36738441059,27.24113985624313,3.340779774991884
1000,1,71,71,"12,15-18:2",121.36815569110226,42678.36738441059,0.28437862816522647,0.2502750435473106
1000,1,71,71,20:0,522.3817690857226,42678.36738441059,1.2239966078846223,0.7993058511554382
1000,1,71,71,"9,12,15-18:3",8681.16527745471,42678.36738441059,20.34090291988474,3.0606255561258795
1000,1,71,71,22:0,441.07122188959664,42678.36738441059,1.033477260076049,0.7097472636500705
1000,1,71,71,23:0,27.811867826513108,42678.36738441059,0.06516619432980499,0.06313083800059692
1000,1,71,71,24:0,911.2606122512207,42678.36738441059,2.135181517238832,1.142687072644402
1000,1,71,71,15-24:1,149.57182775136906,42678.36738441059,0.35046286190882775,0.3004473943602546
1000,1,71,71,di-16:0,68.98502160888205,42678.36738441059,0.1616393171452024,0.14983221192020052
1000,1,71,71,26:0,36.714251885624556,42678.36738441059,0.08602543662210335,0.08252464354140839
1000,1,72,72,14:0,64.69152882199172,42682.531177095996,0.15156441531917875,0.1411213790693436
1000,1,72,72,15:0,39.34148114828104,42682.531177095996,0.09217232451619972,0.08816867120611988
1000,1,72,72,16:0,6952.482216138418,42682.531177095996,16.28882361097931,2.8500602586863795
1000,1,72,72,9-16:1,2715.250685394296,42682.531177095996,6.361503431294476,1.9962641824367102
1000,1,72,72,"7,10-16:2",245.07360251510588,42682.531177095996,0.5741777625564427,0.4537330804394487
1000,1,72,72,18:0,973.6760777047338,42682.531177095996,2.2812050992590174,1.1882107632288226
1000,1,72,72,11-Me-12-18:1,3187.842540701283,42682.531177095996,7.468728898655197,2.136380426405159
1000,1,72,72,9-18:1,3552.8852966052978,42682.531177095996,8.323979854577654,2.2325895605724693
1000,1,72,72,11-18:1,2506.9205265331575,42682.531177095996,5.8734111061304715,1.9276605050066113
1000,1,72,72,"9,12-18:2",10766.783503529901,42682.531177095996,25.225269464120952,3.2667234293152143
1000,1,72,72,"12,15-18:2",139.19947290237678,42682.531177095996,0.3261275024314234,0.2822630428208162
1000,1,72,72,20:0,705.255673644551,42682.531177095996,1.6523286089064009,0.9754379744914681
1000,1,72,72,"9,12,15-18:3",9182.335675324453,42682.531177095996,21.513100142129844,3.114097368320204
1000,1,72,72,22:0,493.4554934662938,42682.531177095996,1.156106444153641,0.7683040229568127
1000,1,72,72,23:0,32.24717493967953,42682.531177095996,0.07555122447139168,0.07283329710970866
1000,1,72,72,24:0,867.7294059521628,42682.531177095996,2.03298488168808,1.109547244087387
1000,1,72,72,15-24:1,159.7069912380576,42682.531177095996,0.3741741336178265,0.3178529205718926
1000,1,72,72,di-16:0,53.90166348233922,42682.531177095996,0.12628506790914865,0.11892466633393547
1000,1,72,72,26:0,43.7521670536148,42682.531177095996,0.10250602728334157,0.09758579524758626
1000,5,103,34,14:0,0.0,6925.032589121479,0.0,0.0
1000,5,103,34,15:0,16.604987720404996,6925.032589121479,0.2397820877621535,0.21493562849793968
1000,5,103,34,16:0,1046.033286189273,6925.032589121479,15.105102723018007,2.7791361610936502
1000,5,103,34,9-16:1,554.0296386686178,6925.032589121479,8.000390345295154,2.197267948095156
1000,5,103,34,"7,10-16:2",33.04300648857879,6925.032589121479,0.4771530828675953,0.3901166426386455
1000,5,103,34,18:0,210.21925011989757,6925.032589121479,3.0356427556764225,1.3951655841228905
1000,5,103,34,11-Me-12-18:1,546.6971311955768,6925.032589121479,7.894506259138511,2.185433811891806
1000,5,103,34,9-18:1,864.9416962254022,6925.032589121479,12.490074019061478,2.601954157162467
1000,5,103,34,11-18:1,813.784465662276,6925.032589121479,11.751344924219541,2.5456367502938755
1000,5,103,34,"9,12-18:2",1381.5996134737,6925.032589121479,19.950803056783474,3.042176977699529
1000,5,103,34,"12,15-18:2",117.30338226799834,6925.032589121479,1.6939036857713856,0.9909913259650324
1000,5,103,34,20:0,128.98464487354465,6925.032589121479,1.862585384452434,1.0517251970651647
1000,5,103,34,"9,12,15-18:3",1057.5552373246387,6925.032589121479,15.271483905880102,2.789414122104602
1000,5,103,34,22:0,37.08526255210371,6925.032589121479,0.5355247368851502,0.42887217075604833
1000,5,103,34,23:0,0.0,6925.032589121479,0.0,0.0
1000,5,103,34,24:0,94.93375122929928,6925.032589121479,1.37087804291969,0.8632603687800338
1000,5,103,34,15-24:1,10.638346746284435,6925.032589121479,0.1536216127415226,0.14290622241251028
1000,5,103,34,di-16:0,11.57888838388235,6925.032589121479,0.1672033775273723,0.1546106119228795
1000,5,103,34,26:0,0.0,6925.032589121479,0.0,0.0
1000,5,104,35,14:0,23.461655643468394,20477.056938551414,0.11457533039964343,0.10847346276610309
1000,5,104,35,15:0,33.67980223811977,20477.056938551414,0.16447579522383426,0.15227102457349603
1000,5,104,35,16:0,2427.9430822398367,20477.056938551414,11.856894716490416,2.5538802212601843
1000,5,104,35,9-16:1,1350.5419642618288,20477.056938551414,6.595390970072522,2.0275416120200633
1000,5,104,35,"7,10-16:2",52.08051334252622,20477.056938551414,0.2543359306897083,0.22660629364769683
1000,5,104,35,18:0,359.7732417058802,20477.056938551414,1.7569577639282143,1.0141278123480404
1000,5,104,35,11-Me-12-18:1,1079.1500586856046,20477.056938551414,5.270044723340725,1.8357834875285968
1000,5,104,35,9-18:1,4637.140659858647,20477.056938551414,22.64554263717688,3.163174625173885
1000,5,104,35,11-18:1,1720.4109295328124,20477.056938551414,8.40165134421176,2.2408853487630718
1000,5,104,35,"9,12-18:2",5333.550229082045,20477.056938551414,26.046468714167432,3.2975564501593544
1000,5,104,35,"12,15-18:2",109.18622682969419,20477.056938551414,0.5332124980525558,0.42736520610371537
1000,5,104,35,20:0,284.545373502417,20477.056938551414,1.3895813951990033,0.871118202150838
1000,5,104,35,"9,12,15-18:3",2595.813878366353,20477.056938551414,12.676694146800502,2.615693227055268
1000,5,104,35,22:0,142.33133140750687,20477.056938551414,0.6950770896160611,0.5277282203976484
1000,5,104,35,23:0,0.022184131021716916,20477.056938551414,0.00010833652066450847,0.0001083306526874606
1000,5,104,35,24:0,229.09005485036892,20477.056938551414,1.1187645545833755,0.7508331615429112
1000,5,104,35,15-24:1,56.571485824150514,20477.056938551414,0.2762676589409947,0.24393992698553443
1000,5,104,35,di-16:0,22.64486794049674,20477.056938551414,0.11058653598732769,0.10488828656381174
1000,5,104,35,26:0,19.119399108636657,20477.056938551414,0.09336985859838705,0.08926454042455506
1000,5,105,36,14:0,0.0,13091.289069310093,0.0,0.0
1000,5,105,36,15:0,31.390566245370337,13091.289069310093,0.2397820877621535,0.21493562849793968
1000,5,105,36,16:0,1977.4526616865176,13091.289069310093,15.105102723018007,2.7791361610936502
1000,5,105,36,9-16:1,1047.3542267757646,13091.289069310093,8.000390345295155,2.1972679480951562
1000,5,105,36,"7,10-16:2",62.465489381321625,13091.289069310093,0.4771530828675953,0.3901166426386455
1000,5,105,36,18:0,397.4047682571712,13091.289069310093,3.0356427556764225,1.3951655841228905
1000,5,105,36,11-Me-12-18:1,1033.4926349786008,13091.289069310093,7.894506259138509,2.185433811891806
1000,5,105,36,9-18:1,1635.1116948061351,13091.289069310093,12.490074019061478,2.601954157162467
1000,5,105,36,11-18:1,1538.4025335612791,13091.289069310093,11.751344924219541,2.5456367502938755
1000,5,105,36,"9,12-18:2",2611.817299812279,13091.289069310093,19.950803056783474,3.042176977699529
1000,5,105,36,"12,15-18:2",221.7538280600302,13091.289069310093,1.6939036857713856,0.9909913259650324
1000,5,105,36,20:0,243.83643684138892,13091.289069310093,1.8625853844524345,1.0517251970651647
1000,5,105,36,"9,12,15-18:3",1999.2341032919314,13091.289069310093,15.271483905880098,2.7894141221046014
1000,5,105,36,22:0,70.1070913432973,13091.289069310093,0.5355247368851502,0.42887217075604833
1000,5,105,36,23:0,0.0,13091.289069310093,0.0,0.0
1000,5,105,36,24:0,179.46560738631752,13091.289069310093,1.3708780429196903,0.8632603687800339
1000,5,105,36,15-24:1,20.11104939692883,13091.289069310093,0.1536216127415226,0.14290622241251028
1000,5,105,36,di-16:0,21.889077485758175,13091.289069310093,0.1672033775273723,0.1546106119228795
1000,5,105,36,26:0,0.0,13091.289069310093,0.0,0.0
1000,5,106,70,14:0,45.45483360292896,27607.93572741703,0.16464408658336754,0.15241553526282609
1000,5,106,70,15:0,61.402696085980324,27607.93572741703,0.22240958792512044,0.20082398292448997
1000,5,106,70,16:0,3491.0130913710555,27607.93572741703,12.644962397185614,2.6133703983621195
1000,5,106,70,9-16:1,2467.141711437167,27607.93572741703,8.936349808244032,2.296199730715124
1000,5,106,70,"7,10-16:2",130.01965564175882,27607.93572741703,0.470950298223993,0.3859086533013661
1000,5,106,70,18:0,479.99944570177513,27607.93572741703,1.7386285249320355,1.0074572567428715
1000,5,106,70,11-Me-12-18:1,1495.5636261712534,27607.93572741703,5.417151216727992,1.8589742835098941
1000,5,106,70,9-18:1,4421.72337656367,27607.93572741703,16.01613181159547,2.8341618242005304
1000,5,106,70,11-18:1,2634.1802010546717,27607.93572741703,9.541387762789908,2.3553092007448226
1000,5,106,70,"9,12-18:2",6004.081443070264,27607.93572741703,21.747665245061043,3.124462513539767
1000,5,106,70,"12,15-18:2",170.46694710555414,27607.93572741703,0.6174563313557194,0.4808547494122287
1000,5,106,70,20:0,604.6128449334315,27607.93572741703,2.1899965680266327,1.1600198409424543
1000,5,106,70,"9,12,15-18:3",4812.369918565668,27607.93572741703,17.43111098953543,2.91404005144574
1000,5,106,70,22:0,350.65479716955076,27607.93572741703,1.2701232016464046,0.8198341038735807
1000,5,106,70,23:0,9.119068424565342,27607.93572741703,0.033030605817838565,0.0324968177894391
1000,5,106,70,24:0,247.96002907728737,27607.93572741703,0.8981476613300066,0.6408784955441102
1000,5,106,70,15-24:1,80.78720479018112,27607.93572741703,0.29262312687128056,0.25667358543291285
1000,5,106,70,di-16:0,88.9252554607936,27607.93572741703,0.32210034223052486,0.2792216403876168
1000,5,106,70,26:0,12.459581189469864,27607.93572741703,0.045130433917579864,0.044141694773771924
1000,5,107,71,14:0,39.77923552225139,25908.37607673438,0.15353812760952235,0.14283385192981105
1000,5,107,71,15:0,44.27667319235159,25908.37607673438,0.1708971379032585,0.15777023951329733
1000,5,107,71,16:0,3142.3252160288357,25908.37607673438,12.128607392150029,2.5747936196393573
1000,5,107,71,9-16:1,1878.627538301757,25908.37607673438,7.251043186719669,2.110339639227969
1000,5,107,71,"7,10-16:2",76.51507028283473,25908.37607673438,0.29532947204493054,0.2587650813600996
1000,5,107,71,18:0,510.89722254791604,25908.37607673438,1.9719384226736607,1.089214407486649
1000,5,107,71,11-Me-12-18:1,1039.9680882017774,25908.37607673438,4.01402266634405,1.6122385203369827
1000,5,107,71,9-18:1,4848.845750206587,25908.37607673438,18.71535960357172,2.981398007263253
1000,5,107,71,11-18:1,2308.363551685576,25908.37607673438,8.90971917672014,2.2935160105761216
1000,5,107,71,"9,12-18:2",6867.460947297396,25908.37607673438,26.5067209421294,3.3144303727078395
1000,5,107,71,"12,15-18:2",133.151059084969,25908.37607673438,0.513930547752617,0.4147092806160264
1000,5,107,71,20:0,621.6172481766353,25908.37607673438,2.399290663125911,1.2235667813637854
1000,5,107,71,"9,12,15-18:3",3678.761286909279,25908.37607673438,14.199119528038626,2.721237500387535
1000,5,107,71,22:0,308.9967203320289,25908.37607673438,1.1926518258684176,0.7851116906972019
1000,5,107,71,23:0,8.381919469480131,25908.37607673438,0.032352160724604666,0.03183984986211254
1000,5,107,71,24:0,275.6374298817146,25908.37607673438,1.0638931172889523,0.7245940620192367
1000,5,107,71,15-24:1,72.82263282180075,25908.37607673438,0.2810775658270423,0.24770157207837
1000,5,107,71,di-16:0,20.748578881194682,25908.37607673438,0.08008444380976398,0.07703922679229468
1000,5,107,71,26:0,31.199907909997613,25908.37607673438,0.12042401969768768,0.11370720267605684
1000,5,108,72,14:0,35.59125480533256,24524.16803638952,0.14512726691695085,0.13551578097529182
1000,5,108,72,15:0,43.82018309390934,24524.16803638952,0.17868162960263503,0.16439655082532473
1000,5,108,72,16:0,2872.2191245543495,24524.16803638952,11.711790264576907,2.5425299300876776
1000,5,108,72,9-16:1,1990.763766745259,24524.16803638952,8.117558825201812,2.2102020955802755
1000,5,108,72,"7,10-16:2",102.58842082888567,24524.16803638952,0.4183156006624267,0.34946997080839676
1000,5,108,72,18:0,350.90712742707643,24524.16803638952,1.43086251450566,0.8882461386156643
1000,5,108,72,11-Me-12-18:1,1009.6588465974812,24524.16803638952,4.116995304792099,1.6325674122521017
1000,5,108,72,9-18:1,4405.0184723954335,24524.16803638952,17.96194866165966,2.942434269059324
1000,5,108,72,11-18:1,2511.8167540760237,24524.16803638952,10.242209849275753,2.4196754309486073
1000,5,108,72,"9,12-18:2",6966.204272229364,24524.16803638952,28.405466240048387,3.3811805835946984
1000,5,108,72,"12,15-18:2",111.79801988364531,24524.16803638952,0.45586875655784476,0.3756028059849099
1000,5,108,72,20:0,321.3673803979364,24524.16803638952,1.3104109379820108,0.8374254039425297
1000,5,108,72,"9,12,15-18:3",3363.0495312038447,24524.16803638952,13.713205382599217,2.688745415878845
1000,5,108,72,22:0,148.97871929052405,24524.16803638952,0.6074771591414071,0.4746659680964389
1000,5,108,72,23:0,6.431439250141186,24524.16803638952,0.026224902881916607,0.025886926315594187
1000,5,108,72,24:0,146.0588411820516,24524.16803638952,0.595571034113476,0.46723168728285436
1000,5,108,72,15-24:1,38.745293934809986,24524.16803638952,0.1579882093342324,0.1466841971768883
1000,5,108,72,di-16:0,89.27007493627949,24524.16803638952,0.3640085763717591,0.31042784706408305
1000,5,108,72,26:0,9.88051355717393,24524.16803638952,0.04028888377584511,0.03949844744293218
