0;0
0.0029165000329845;0
0.005833000065969;0
0.0087495000989535;0
0.011666000131938;0
0.0145825001649225;0
0.017499000197907;3792.50004577637
0.0204155002308915;14456.4570617676
0.023332000263876;14503.632019043
0.0262485002968605;15870.4166107178
0.029165000329845;25362.1270961761
0.0320815003628295;24243.9412994385
0.034998000395814;17959.6122436523
0.0379145004287985;21839.0129928589
0.040831000461783;6953.95369338989
0.0437475004947675;18673.4717559814
0.046664000527752;19317.0854797363
0.0495805005607365;7184.56481552124
0.052497000593721;22231.2475700378
0.0554135006267055;22461.447977066
0.05833000065969;21276.9738311768
0.0612465006926745;19011.1708965302
0.064163000725659;19698.5731506348
0.0670795007586435;14771.5805358887
0.069996000791628;17491.4471340179
0.0729125008246125;19440.9633827209
0.075829000857597;24837.7612228394
0.0787455008905815;15775.5299530029
0.081662000923566;19364.2277297974
0.0845785009565505;14538.4145698547
0.087495000989535;13500.4372558594
0.0904115010225195;17105.4437866211
0.093328001055504;26953.7086029053
0.0962445010884885;14089.4945144653
0.099161001121473;13718.3470153809
0.102077501154458;15631.5893249512
0.104994001187442;17588.9772605896
0.107910501220427;28327.6614456177
0.110827001253411;28384.5974731445
0.113743501286396;14563.1396598816
0.11666000131938;19099.1683731079
0.119576501352365;4100.00000762939
0.122493001385349;12504.5524501801
0.125409501418334;20360.7115783691
0.128326001451318;15135.8330993652
0.131242501484303;17723.7191123962
0.134159001517287;21790.4095458984
0.137075501550272;15149.7569580078
0.139992001583256;14189.534614563
0.142908501616241;14965.0000457764
0.145825001649225;21389.5721359253
0.14874150168221;6918.74993896484
0.151658001715194;19223.9359283447
0.154574501748179;26446.3297958374
0.157491001781163;13806.8380393982
0.160407501814148;17351.1068935394
0.163324001847132;13555.6276607513
0.166240501880117;21115.0099411011
0.169157001913101;30269.7548370361
0.172073501946086;18480.2386016846
0.17499000197907;18216.2890548706
0.177906502012055;16422.9786376953
0.180823002045039;18735.397441864
0.183739502078024;20323.5000839233
0.186656002111008;21991.3555603027
0.189572502143993;23348.5406188965
0.192489002176977;10660.0001068115
0.195405502209962;12933.135345459
0.198322002242946;14438.2667999268
0.201238502275931;15571.4583969116
0.204155002308915;11130.3852005005
0.2070715023419;18779.4266319275
0.209988002374884;17928.6894073486
0.212904502407869;18133.9585857391
0.215821002440853;23807.2282791138
0.218737502473838;15537.2914581299
0.221654002506822;15411.7412719727
0.224570502539807;17314.9104003906
0.227487002572791;8908.95830917358
0.230403502605776;11300.7529907227
0.23332000263876;16377.7612304688
0.236236502671745;11411.6666259766
0.239153002704729;9843.41997146606
0.242069502737714;10224.4496002197
0.244986002770698;17144.3246459961
0.247902502803683;18429.6536254883
0.250819002836667;19124.7918395996
0.253735502869652;15392.0833473206
0.256652002902636;9427.78231048584
0.259568502935621;14623.3351669312
0.262485002968605;19323.2303466797
0.26540150300159;15989.9999008179
0.268318003034574;21806.8777999878
0.271234503067559;16593.8614807129
0.274151003100543;20971.1990203857
0.277067503133528;20816.0416183472
0.279984003166512;13974.1666030884
0.282900503199497;18846.0383415222
0.285817003232481;15157.5105743408
0.288733503265466;17442.0861968994
0.29165000329845;20132.8330230713
0.294566503331435;23294.6067695618
0.297483003364419;16252.7824211121
0.300399503397404;12530.6251831055
0.303316003430388;12999.4557800293
0.306232503463373;14223.0362548828
0.309149003496357;8977.29158782959
0.312065503529342;13734.9998321533
0.314982003562326;17237.3281326294
0.317898503595311;21149.1665878296
0.320815003628295;13442.7706737518
0.32373150366128;17612.9225769043
0.326648003694264;16314.5854492188
0.329564503727249;7489.35635375977
0.332481003760233;15332.2916564941
0.335397503793218;17032.4975204468
0.338314003826202;11949.791519165
0.341230503859187;18408.8657569885
0.344147003892171;14315.4157104492
0.347063503925156;8293.43532562256
0.34998000395814;11346.7473144531
0.352896503991125;8524.59056091309
0.355813004024109;12217.6797943115
0.358729504057094;13073.7928085327
0.361646004090078;11480.0561218262
0.364562504123063;16958.4323272705
0.367479004156047;8464.75899124146
0.370395504189032;11718.9688262939
0.373312004222016;15026.4825820923
0.376228504255001;22007.350112915
0.379145004287985;19842.2926025391
0.38206150432097;12120.9483299255
0.384978004353954;3873.86431121826
0.387894504386939;13522.1188964844
0.390811004419923;13465.0153427124
0.393727504452908;7448.32227325439
0.396644004485892;10148.4192352295
0.399560504518877;12243.3052978516
0.402477004551861;11199.5278930664
0.405393504584846;10136.7223567963
0.40831000461783;13743.5417747498
0.411226504650815;11253.3317260742
0.414143004683799;14222.9560012817
0.417059504716784;12562.6660995483
0.419976004749768;13282.2915496826
0.422892504782753;13633.3586730957
0.425809004815737;7235.8512878418
0.428725504848722;13476.5647277832
0.431642004881706;22935.8928222656
0.434558504914691;14589.2083206177
0.437475004947675;20626.4737701416
0.44039150498066;17855.0618896484
0.443308005013644;12562.7881278992
0.446224505046629;9506.875
0.449141005079613;26490.1230773926
0.452057505112598;11932.708404541
0.454974005145582;11334.8135986328
0.457890505178567;15648.5605621338
0.460807005211551;14557.8616638184
0.463723505244536;13478.752538681
0.46664000527752;28072.2635803223
0.469556505310505;15913.6215133667
0.472473005343489;13399.3319396973
0.475389505376474;12965.8367881775
0.478306005409458;18741.4296112061
0.481222505442443;20726.2361755371
0.484139005475427;24094.8271713257
0.487055505508412;14529.3753433228
0.489972005541396;15155.8761749268
0.492888505574381;10130.1953887939
0.495805005607365;12769.7916870117
0.49872150564035;16904.5397262573
0.501638005673334;15859.1967315674
0.504554505706319;8099.94303894043
0.507471005739303;15127.291633606
0.510387505772288;17468.8838348389
0.513304005805272;16694.9119663239
0.516220505838257;15316.2835540771
0.519137005871241;13063.3641967773
0.522053505904226;21069.2238464355
0.52497000593721;6967.18827819824
0.527886505970195;13002.1661567688
0.530803006003179;11986.8700866699
0.533719506036164;9745.60119247437
0.536636006069148;14170.6265869141
0.539552506102133;17348.1249694824
0.542469006135117;9933.95817565918
0.545385506168102;15892.0041007996
0.548302006201086;10065.3536071777
0.551218506234071;9509.09782409668
0.554135006267055;10332.830871582
0.55705150630004;15741.2476043701
0.559968006333024;13154.1789398193
0.562884506366009;13742.599822998
0.565801006398993;7800.95252990723
0.568717506431978;13190.0561943054
0.571634006464962;14380.8105773926
0.574550506497947;13760.6250686646
0.577467006530931;12445.2082252502
0.580383506563916;13413.306060791
0.5833000065969;13559.8751602173
0.586216506629885;12563.5968170166
0.589133006662869;17353.7890396118
0.592049506695854;11365.7858486176
0.594966006728838;14473.584777832
0.597882506761823;7055.41957092285
0.600799006794807;16797.0697479248
0.603715506827792;7422.88503265381
0.606632006860776;19263.6393013
0.609548506893761;14085.1187286377
0.612465006926745;15964.3983154297
0.61538150695973;7188.66405487061
0.618298006992714;19161.7794876099
0.621214507025699;12697.9923019409
0.624131007058683;13350.8547286987
0.627047507091668;18125.490814209
0.629964007124652;13091.3058929443
0.632880507157637;15292.1494445801
0.635797007190621;9245.49894714355
0.638713507223606;14142.277973175
0.64163000725659;15417.7113037109
0.644546507289575;15607.9447097778
0.647463007322559;13817.4535675049
0.650379507355544;14372.7030754089
0.653296007388528;20253.2411956787
0.656212507421513;16502.4999084473
0.659129007454497;6423.33319091797
0.662045507487482;18300.5391387939
0.664962007520466;9193.18603515625
0.667878507553451;21217.5054016113
0.670795007586435;16743.0506725311
0.67371150761942;8652.70851135254
0.676628007652404;21559.3476715088
0.679544507685389;12958.8208351135
0.682461007718373;16886.8748168945
0.685377507751358;10711.8150863647
0.688294007784342;14553.4704589844
0.691210507817327;5993.21147918701
0.694127007850311;11153.2608451843
0.697043507883296;17052.0650024414
0.69996000791628;17412.45652771
0.702876507949265;10326.8749847412
0.705793007982249;16372.4368438721
0.708709508015234;14367.4265899658
0.711626008048218;8472.28523826599
0.714542508081203;18941.0744018555
0.717459008114187;13841.7780895233
0.720375508147172;17930.5594291687
0.723292008180156;10413.855178833
0.726208508213141;11909.2347011566
0.729125008246125;13739.572479248
0.73204150827911;18860.1394042969
0.734958008312094;11604.1265411377
0.737874508345079;11282.94140625
0.740791008378063;20239.6585693359
0.743707508411048;17587.2917785645
0.746624008444032;13495.8338088989
0.749540508477017;19743.1806488037
0.752457008510001;11386.0430450439
0.755373508542986;14223.8534240723
0.75829000857597;12303.6198730469
0.761206508608955;15205.1506195068
0.764123008641939;16565.1833190918
0.767039508674924;12915.4710388184
0.769956008707908;16237.708366394
0.772872508740893;10110.3985900879
0.775789008773877;12778.3334312439
0.778705508806862;20956.8624382019
0.781622008839846;10536.5503044128
0.784538508872831;13043.1249847412
0.787455008905815;16707.5001831055
0.7903715089388;4937.08330535889
0.793288008971784;12351.2499275208
0.796204509004769;17072.6271781921
0.799121009037753;8550.27397155762
0.802037509070738;11793.6755523682
0.804954009103722;8785.96926879883
0.807870509136707;5504.58643722534
0.810787009169691;13055.3809089661
0.813703509202676;10685.6253967285
0.81662000923566;7458.20346069336
0.819536509268645;20218.1250610352
0.822453009301629;18187.384552002
0.825369509334614;19354.7805175781
0.828286009367598;11710.8524837494
0.831202509400583;8643.10917663574
0.834119009433567;12428.4417648315
0.837035509466552;11189.5833129883
0.839952009499536;9395.83323669434
0.842868509532521;11489.5098495483
0.845785009565505;14341.4585723877
0.84870150959849;19696.4063110352
0.851618009631474;17425.0011138916
0.854534509664459;13267.0728530884
0.857451009697443;20185.8087692261
0.860367509730428;14275.204875946
0.863284009763412;17161.5112304688
0.866200509796397;12336.3034515381
0.869117009829381;17356.1077423096
0.872033509862366;15141.1972961426
0.87495000989535;11445.9551315308
0.877866509928335;10018.0898742676
0.880783009961319;19917.6725158691
0.883699509994304;12573.4840621948
0.886616010027288;15797.5211715698
0.889532510060273;13322.529586792
0.892449010093257;13803.5443267822
0.895365510126242;26282.7738876343
0.898282010159226;19612.8080568314
0.901198510192211;10185.0712795258
0.904115010225195;12260.724105835
0.90703151025818;17843.5418815613
0.909948010291164;21090.0558261871
0.912864510324149;15295.5181083679
0.915781010357133;11266.1035652161
0.918697510390118;15067.5018005371
0.921614010423102;8309.98251342773
0.924530510456087;18851.1900749207
0.927447010489071;6004.79149627686
0.930363510522056;10256.4010047913
0.93328001055504;16198.0443115234
0.936196510588025;18910.0828762054
0.939113010621009;15744.0686702728
0.942029510653994;9664.13632965088
0.944946010686978;13406.2956390381
0.947862510719963;18518.3380737305
0.950779010752947;15859.5043945313
0.953695510785932;14065.7128295898
0.956612010818916;17590.592010498
0.959528510851901;9890.46644592285
0.962445010884885;13499.2145080566
0.96536151091787;11916.1205673218
0.968278010950854;21878.5662002563
0.971194510983839;9237.86898803711
0.974111011016823;17422.2723922729
0.977027511049808;12438.4252548218
0.979944011082792;9481.25007629395
0.982860511115777;8467.53045654297
0.985777011148761;14275.2528686523
0.988693511181746;21013.01404953
0.99161001121473;9335.7527923584
0.994526511247715;14517.3946151733
0.997443011280699;20444.3050422668
1.00035951131368;16110.7513275146
1.00327601134667;12703.0144805908
1.00619251137965;16912.5881690979
1.00910901141264;13740.3487548828
1.01202551144562;9905.43721008301
1.01494201147861;14950.972442627
1.01785851151159;18680.6247463226
1.02077501154458;15756.5025405884
1.02369151157756;22645.7553100586
1.02660801161054;14545.8482322693
1.02952451164353;14130.0016479492
1.03244101167651;16641.2318267822
1.0353575117095;16100.306854248
1.03827401174248;6858.95841217041
1.04119051177547;12129.1667327881
1.04410701180845;15853.3334655762
1.04702351184144;8661.25233459473
1.04994001187442;9696.80075073242
1.0528565119074;13481.1995544434
1.05577301194039;15245.1009368896
1.05868951197337;12530.6249809265
1.06160601200636;16212.0843658447
1.06452251203934;14999.1668243408
1.06743901207233;12778.3335571289
1.07035551210531;13745.4630470276
1.0732720121383;10813.2423400879
1.07618851217128;12930.5986785889
1.07910501220427;11514.0982246399
1.08202151223725;17452.2202148438
1.08493801227023;9907.32947921753
1.08785451230322;7411.811668396
1.0907710123362;21794.4185180664
1.09368751236919;13324.3989944458
1.09660401240217;8129.70559310913
1.09952051243516;15505.9575195313
1.10243701246814;16803.0647506714
1.10535351250113;15939.7054347992
1.10827001253411;15135.8334884644
1.11118651256709;13003.6341247559
1.11410301260008;10010.0053710938
1.11701951263306;9395.83923339844
1.11993601266605;10514.7916946411
1.12285251269903;14520.8332672119
1.12576901273202;17749.2595214844
1.128685512765;16441.4843063354
1.13160201279799;14798.1286315918
1.13451851283097;11614.7137413025
1.13743501286396;12077.9165267944
1.14035151289694;10666.9685516357
1.14326801292992;23839.8607330322
1.14618451296291;16187.7278137207
1.14910101299589;9754.58346557617
1.15201751302888;9464.16654968262
1.15493401306186;11939.2947692871
1.15785051309485;13349.5660400391
1.16076701312783;11548.164516449
1.16368351316082;14666.0417327881
1.1666000131938;9148.12492370605
1.16951651322678;11459.4687042236
1.17243301325977;12607.5016479492
1.17534951329275;16870.2898483276
1.17826601332574;11754.8113975525
1.18118251335872;8464.79164123535
1.18409901339171;7730.20831298828
1.18701551342469;15608.3114948273
1.18993201345768;13074.9759063721
1.19284851349066;14659.631729126
1.19576501352365;9558.73757553101
1.19868151355663;20077.8988342285
1.20159801358961;24485.5587310791
1.2045145136226;11787.5001831055
1.20743101365558;20005.700592041
1.21034751368857;14747.9373703003
1.21326401372155;9028.54718017578
1.21618051375454;8904.12951660156
1.21909701378752;8182.970703125
1.22201351382051;10047.4764709473
1.22493001385349;24055.3833236694
1.22784651388647;20880.1484985352
1.23076301391946;13149.1540527344
1.23367951395244;12770.0265731812
1.23659601398543;8883.33337402344
1.23951251401841;15360.0786361694
1.2424290140514;13715.1720962524
1.24534551408438;18665.7148704529
1.24826201411737;25623.4513263702
1.25117851415035;13994.4394226074
1.25409501418334;9105.4167137146
1.25701151421632;9822.91696166992
1.2599280142493;18277.3268127441
1.26284451428229;8576.89128112793
1.26576101431527;17814.3200912476
1.26867751434826;14172.7476196289
1.27159401438124;6142.20654296875
1.27451051441423;11753.3332595825
1.27742701444721;11215.220451355
1.2803435144802;21277.9721603394
1.28326001451318;10664.3340301514
1.28617651454616;8577.36395263672
1.28909301457915;13268.6117553711
1.29200951461213;12097.2356872559
1.29492601464512;6663.33360290527
1.2978425146781;12992.6131649017
1.30075901471109;5449.58334350586
1.30367551474407;10334.0800476074
1.30659201477706;13410.4168548584
1.30950851481004;17563.0091323853
1.31242501484303;14086.8892059326
1.31534151487601;18853.5919952393
1.31825801490899;9455.62496948242
1.32117451494198;8624.94538116455
1.32409101497496;10335.4166908264
1.32700751500795;16273.0845031738
1.32992401504093;9737.49983215332
1.33284051507392;9037.0834274292
1.3357570151069;12677.5236968994
1.33867351513989;9993.75017547607
1.34159001517287;4501.45837402344
1.34450651520585;17035.2752075195
1.34742301523884;15717.013967514
1.35033951527182;14430.4296150208
1.35325601530481;14836.594833374
1.35617251533779;11898.541677475
1.35908901537078;10764.2718811035
1.36200551540376;18335.8623466492
1.36492201543675;10395.8970947266
1.36783851546973;19731.535369873
1.37075501550272;20396.6387748718
1.3736715155357;15118.9199523926
1.37658801556868;21101.4568786621
1.37950451560167;10002.2919616699
1.38242101563465;14879.6087341309
1.38533751566764;10847.0845336914
1.38825401570062;13213.9584350586
1.39117051573361;12633.799041748
1.39408701576659;10813.8147583008
1.39700351579958;16223.5981140137
1.39992001583256;15985.1385498047
1.40283651586554;22223.2322692871
1.40575301589853;13003.2560577393
1.40866951593151;13865.4399719238
1.4115860159645;5437.48818969727
1.41450251599748;12690.1325378418
1.41741901603047;10805.2089767456
1.42033551606345;7337.29164123535
1.42325201609644;12505.5793972015
1.42616851612942;7448.33332061768
1.42908501616241;10753.0930175781
1.43200151619539;15648.3333358765
1.43491801622837;14447.8190727234
1.43783451626136;10343.9582252502
1.44075101629434;11291.3430480957
1.44366751632733;18793.8799362183
1.44658401636031;10319.8872375488
1.4495005163933;15119.4953918457
1.45241701642628;20074.0523529053
1.45533351645927;13115.6138305664
1.45825001649225;19141.3342971802
1.46116651652523;12103.5416030884
1.46408301655822;5509.37496948242
1.4669995165912;7277.49987792969
1.46991601662419;3691.75779724121
1.47283251665717;10335.416519165
1.47574901669016;15202.6739501953
1.47866551672314;13239.5841827393
1.48158201675613;13362.1702957153
1.48449851678911;13906.4816665649
1.4874150168221;12003.6318092346
1.49033151685508;6175.62505340576
1.49324801688806;10642.9166259766
1.49616451692105;10180.1005859375
1.49908101695403;8020.1636505127
1.50199751698702;12282.9164333344
1.50491401702;7705.62176513672
1.50783051705299;11349.8056640625
1.51074701708597;10952.2602844238
1.51366351711896;10922.07787323
1.51658001715194;16202.6368217468
1.51949651718492;14818.7473602295
1.52241301721791;10289.9031982422
1.52532951725089;7478.24815368652
1.52824601728388;10446.4584369659
1.53116251731686;15725.2161483765
1.53407901734985;12966.2497711182
1.53699551738283;16310.0942153931
1.53991201741582;3621.66665649414
1.5428285174488;14839.5937957764
1.54574501748179;9293.33329772949
1.54866151751477;14140.9894714355
1.55157801754775;12658.7521820068
1.55449451758074;8507.566822052
1.55741101761372;12518.1807670593
1.56032751764671;19813.1320037842
1.56324401767969;9046.43422698975
1.56616051771268;21364.1144104004
1.56907701774566;6952.8572845459
1.57199351777865;13395.3696746826
1.57491001781163;13529.9999694824
1.57782651784461;13128.5144195557
1.5807430178776;18610.8668823242
1.58365951791058;7192.08331298828
1.58657601794357;18176.6667938232
1.58949251797655;13453.2743301392
1.59240901800954;4865.27555084229
1.59532551804252;8584.37528991699
1.59824201807551;10566.0417175293
1.60115851810849;15025.0651473999
1.60407501814148;15511.6665496826
1.60699151817446;17194.3773117065
1.60990801820744;13192.4396362305
1.61282451824043;13741.1354827881
1.61574101827341;14227.2696075439
1.6186575183064;13350.6269111633
1.62157401833938;16030.3595275879
1.62449051837237;14828.3335075378
1.62740701840535;20108.199798584
1.63032351843834;12476.1263580322
1.63324001847132;17532.9749603271
1.6361565185043;12915.7945098877
1.63907301853729;8063.33329772949
1.64198951857027;13911.5195388794
1.64490601860326;11061.4606781006
1.64782251863624;10650.9559631348
1.65073901866923;14521.6382446289
1.65365551870221;17425.4893951416
1.6565720187352;14820.1628341675
1.65948851876818;5586.62242507935
1.66240501880117;15026.5832633972
1.66532151883415;2007.29164123535
1.66823801886713;7029.17504882813
1.67115451890012;12206.1557006836
1.6740710189331;6167.08323669434
1.67698751896609;6218.33333969116
1.67990401899907;10051.4583969116
1.68282051903206;22328.8316574097
1.68573701906504;16188.5372924805
1.68865351909803;9764.08396911621
1.69157001913101;9570.62333679199
1.69448651916399;12799.3746757507
1.69740301919698;16716.6007995605
1.70031951922996;13700.8334407806
1.70323601926295;7683.24128723145
1.70615251929593;7661.8908996582
1.70906901932892;14532.8543930054
1.7119855193619;10605.6968994141
1.71490201939489;6363.54164123535
1.71781851942787;17063.9696674347
1.72073501946086;10326.8750610352
1.72365151949384;11600.4068832397
1.72656801952682;16777.4745788574
1.72948451955981;12671.0856552124
1.73240101959279;15906.7126464844
1.73531751962578;10268.1847381592
1.73823401965876;11132.6341400146
1.74115051969175;10676.2166976929
1.74406701972473;22562.600730896
1.74698351975772;13935.5683441162
1.7499000197907;18928.388458252
1.75281651982368;16083.4663085938
1.75573301985667;12035.7950134277
1.75864951988965;17648.051076889
1.76156601992264;9635.07810592651
1.76448251995562;12812.4999599457
1.76739901998861;15831.336730957
1.77031552002159;9190.8332824707
1.77323202005458;14111.5432281494
1.77614852008756;16319.3834991455
1.77906502012055;14399.5948410034
1.78198152015353;15281.0418395996
1.78489802018651;8397.8910446167
1.7878145202195;5330.00112915039
1.79073102025248;11272.5857772827
1.79364752028547;9600.86991882324
1.79656402031845;17945.4639968872
1.79948052035144;8577.37596130371
1.80239702038442;14446.4125061035
1.80531352041741;13538.5416107178
1.80823002045039;12587.6398086548
1.81114652048337;10159.4616241455
1.81406302051636;10720.5545005798
1.81697952054934;17032.0838012695
1.81989602058233;13044.5969848633
1.82281252061531;18418.2148742676
1.8257290206483;13250.4600906372
1.82864552068128;16571.6810894012
1.83156202071427;11775.0877380371
1.83447852074725;13833.2573051453
1.83739502078024;14375.6251831055
1.84031152081322;14631.3498497009
1.8432280208462;8910.55184936523
1.84614452087919;14341.4315261841
1.84906102091217;16182.3480529785
1.85197752094516;15161.4584503174
1.85489402097814;20212.0804748535
1.85781052101113;7665.02854919434
1.86072702104411;8772.28938293457
1.8636435210771;16973.5708389282
1.86656002111008;18040.1066055298
1.86947652114306;12061.0999832153
1.87239302117605;11129.7916564941
1.87530952120903;21512.1365203857
1.87822602124202;11625.1398334503
1.881142521275;10500.937210083
1.88405902130799;18176.7685661316
1.88697552134097;11909.8676071167
1.88989202137396;10263.6317043304
1.89280852140694;9447.0832824707
1.89572502143993;19243.6696472168
1.89864152147291;22365.568441391
1.90155802150589;20841.1832275391
1.90447452153888;19598.7188415527
1.90739102157186;10822.2913818359
1.91030752160485;11498.4848861694
1.91322402163783;12505.0392684937
1.91614052167082;19392.6594829559
1.9190570217038;12291.4582366943
1.92197352173679;6329.37506866455
1.92489002176977;14266.3917541504
1.92780652180275;13907.2783966064
1.93072302183574;16839.8174438477
1.93363952186872;9544.53435897827
1.93655602190171;15308.7423324585
1.93947252193469;14672.0168457031
1.94238902196768;13367.8599338531
1.94530552200066;12932.0838775635
1.94822202203365;12410.7442169189
1.95113852206663;13124.6585083008
1.95405502209962;8450.78729248047
1.9569715221326;18177.5164337158
1.95988802216558;15263.2210083008
1.96280452219857;11479.8726406097
1.96572102223155;15796.3908538818
1.96863752226454;11279.5800476074
1.97155402229752;17064.5624809265
1.97447052233051;16647.713432312
1.97738702236349;7559.37492179871
1.98030352239648;16864.3073348999
1.98322002242946;9122.29737854004
1.98613652246244;15920.8960266113
1.98905302249543;21673.2708778381
1.99196952252841;11062.3645591736
1.9948860225614;13207.1052856445
1.99780252259438;11044.3749504089
2.00071902262737;11445.8373222351
2.00363552266035;15738.5491943359
2.00655202269334;12769.0729503632
2.00946852272632;12225.6926879883
2.01238502275931;11601.8070373535
2.01530152279229;20252.9603729248
2.01821802282527;9948.61000061035
2.02113452285826;12757.7557144165
2.02405102289124;13352.0729827881
2.02696752292423;15521.9506607056
2.02988402295721;10766.7786006927
2.0328005229902;18761.2041778564
2.03571702302318;13538.5417938232
2.03863352305617;11505.6252059937
2.04155002308915;8630.08783721924
2.04446652312213;8508.88927459717
2.04738302315512;11172.5069179535
2.0502995231881;12245.9140319824
2.05321602322109;18596.6952362061
2.05613252325407;18298.5198364258
2.05904902328706;9881.93040084839
2.06196552332004;7266.10656738281
2.06488202335303;16281.7884540558
2.06779852338601;17825.7893066406
2.070715023419;14830.9790039063
2.07363152345198;15637.8638534546
2.07654802348496;8650.17221069336
2.07946452351795;20500.4716949463
2.08238102355093;11215.2027664185
2.08529752358392;15501.3851623535
2.0882140236169;6414.79167175293
2.09113052364989;11924.1676025391
2.09404702368287;13928.1701965332
2.09696352371586;16641.0535430908
2.09988002374884;11142.4702377319
2.10279652378182;12873.7816390991
2.10571302381481;17580.6237487793
2.10862952384779;13888.7582626343
2.11154602388078;7653.33338928223
2.11446252391376;18008.7924499512
2.11737902394675;10089.5924110413
2.12029552397973;15708.1265411377
2.12321202401272;6585.62493896484
2.1261285240457;14986.4617462158
2.12904502407869;10939.6220397949
2.13196152411167;13618.6135921478
2.13487802414465;10113.3339614868
2.13779452417764;14358.5726623535
2.14071102421062;14230.4214401245
2.14362752424361;8200.00000762939
2.14654402427659;6963.29180908203
2.14946052430958;10404.8917236328
2.15237702434256;10682.2496337891
2.15529352437555;11454.3750152588
2.15821002440853;12291.4588012695
2.16112652444152;10044.5389251709
2.1640430244745;10774.6334152222
2.16695952450748;12883.5102462769
2.16987602454047;13777.7084350586
2.17279252457345;15227.3986206055
2.17570902460644;14026.3541870117
2.17862552463942;8669.78614807129
2.18154202467241;7687.49993896484
2.18445852470539;6491.67096328735
2.18737502473838;7253.83142089844
2.19029152477136;11690.479473114
2.19320802480434;8721.24722290039
2.19612452483733;9337.19544219971
2.19904102487031;12117.4883308411
2.2019575249033;7969.5148601532
2.20487402493628;10668.5415878296
2.20779052496927;14385.7001247406
2.21070702500225;13597.2596282959
2.21362352503524;14553.7433624268
2.21654002506822;14879.5915374756
2.2194565251012;17504.9915161133
2.22237302513419;14923.0161590576
2.22528952516717;13029.6358528137
2.22820602520016;22300.7818908691
2.23112252523314;13813.811920166
2.23403902526613;23379.0121307373
2.23695552529911;14802.7138442993
2.2398720253321;18116.5653076172
2.24278852536508;14406.1685905457
2.24570502539807;19747.4346961975
2.24862152543105;11522.708404541
2.25153802546403;10984.5869865417
2.25445452549702;21644.282913208
2.25737102553;10067.3779335022
2.26028752556299;14136.4584007263
2.26320402559597;11488.4305839539
2.26612052562896;5395.704662323
2.26903702566194;20439.4295406342
2.27195352569493;7784.74087524414
2.27487002572791;13374.6550292969
2.27778652576089;14095.0191040039
2.28070302579388;10608.7523078918
2.28361952582686;12612.944732666
2.28653602585985;7138.42210006714
2.28945252589283;12795.4166564941
2.29236902592582;9744.53665924072
2.2952855259588;16306.0419692993
2.29820202599179;10343.3603172302
2.30111852602477;17143.1248779297
2.30403502605776;10412.4271087646
2.30695152609074;11480.0000419617
2.30986802612372;20450.8369941711
2.31278452615671;11683.1805648804
2.31570102618969;11866.7900238037
2.31861752622268;8874.79564666748
2.32153402625566;21309.2321777344
2.32445052628865;13557.666847229
2.32736702632163;27200.4923400879
2.33028352635462;13307.3121395111
2.3332000263876;12229.1338424683
2.33611652642059;15551.4673309326
2.33903302645357;8345.20825195313
2.34194952648655;17697.8260192871
2.34486602651954;10764.4003295898
2.34778252655252;13726.2081298828
2.35069902658551;10091.9473495483
2.35361552661849;19449.5189819336
2.35653202665148;14614.7917480469
2.35944852668446;15485.2150421143
2.36236502671745;9498.33500671387
2.36528152675043;11455.0466575623
2.36819802678341;19068.0799331665
2.3711145268164;21638.0136108398
2.37403102684938;11348.4734191895
2.37694752688237;12108.1807098389
2.37986402691535;10202.8178405762
2.38278052694834;3715.62496948242
2.38569702698132;12495.1231155396
2.38861352701431;16587.9167480469
2.39153002704729;6192.37600708008
2.39444652708027;9378.75006103516
2.39736302711326;11665.4460525513
2.40027952714624;16757.6077804565
2.40319602717923;13442.2229003906
2.40611252721221;15690.9651527405
2.4090290272452;11141.6840057373
2.41194552727818;11383.5797119141
2.41486202731117;12666.0649414063
2.41777852734415;16339.160987854
2.42069502737714;16283.7654857635
2.42361152741012;9122.49670410156
2.4265280274431;18160.7282714844
2.42944452747609;15784.5289306641
2.43236102750907;13396.871307373
2.43527752754206;11935.6346435547
2.43819402757504;12846.6674575806
2.44111052760803;12721.2718200684
2.44402702764101;13554.0826568604
2.446943527674;15637.1570243835
2.44986002770698;17097.4823532104
2.45277652773996;15571.4581336975
2.45569302777295;13718.440574646
2.45860952780593;13851.1229019165
2.46152602783892;18710.9198455811
2.4644425278719;11700.4289093018
2.46735902790489;13450.4888267517
2.47027552793787;10993.1250553131
2.47319202797086;16109.5834350586
2.47610852800384;14005.2537536621
2.47902502803683;18219.3738155365
2.48194152806981;16180.2964324951
2.48485802810279;19330.3695907593
2.48777452813578;11670.1912574768
2.49069102816876;15171.1154232025
2.49360752820175;28150.1321525574
2.49652402823473;14925.937171936
2.49944052826772;9994.15182495117
2.5023570283007;7115.20835494995
2.50527352833369;12949.2232589722
2.50819002836667;13249.6735992432
2.51110652839966;10750.9092102051
2.51402302843264;18979.5833854675
2.51693952846562;15209.600227356
2.51985602849861;9737.50048828125
2.52277252853159;14173.9332733154
2.52568902856458;13569.3450927734
2.52860552859756;10170.7239379883
2.53152202863055;14451.2118988037
2.53443852866353;7765.15022277832
2.53735502869652;18761.46824646
2.5402715287295;14266.0838088989
2.54318802876248;7214.67786407471
2.54610452879547;10804.8618621826
2.54902102882845;10961.131149292
2.55193752886144;12539.5079956055
2.55485402889442;7337.29156494141
2.55777052892741;10348.6139068604
2.56068702896039;7593.513671875
2.56360352899338;16295.7571105957
2.56652002902636;14555.235912323
2.56943652905934;18455.5913543701
2.57235302909233;20294.5004577637
2.57526952912531;12581.8749961853
2.5781860291583;17390.4486808777
2.58110252919128;8812.0594329834
2.58401902922427;11992.8242645264
2.58693552925725;13376.7063522339
2.58985202929024;10822.2916870117
2.59276852932322;8861.2195892334
2.59568502935621;13534.2877883911
2.59860152938919;11448.4484863281
2.60151802942217;13606.2446365356
2.60443452945516;17030.759147644
2.60735102948814;7595.56843185425
2.61026752952113;10344.9737548828
2.61318402955411;11761.9348907471
2.6161005295871;13154.1667366028
2.61901702962008;6389.16672515869
2.62193352965307;10454.9999294281
2.62485002968605;9037.43798828125
2.62776652971903;5962.10186386108
2.63068302975202;18805.847038269
2.633599529785;22770.2138671875
2.63651602981799;11650.9569168091
2.63943252985097;6661.66094207764
2.64234902988396;26897.2278137207
2.64526552991694;17012.0643615723
2.64818202994993;12855.9693202972
2.65109852998291;10215.8341369629
2.6540150300159;15892.3773097992
2.65693153004888;16219.6134243011
2.65984803008186;9771.66668701172
2.66276453011485;8029.11205101013
2.66568103014783;17590.0671691895
2.66859753018082;8285.41729736328
2.6715140302138;15794.2851219177
2.67443053024679;12960.0159950256
2.67734703027977;18492.7107543945
2.68026353031276;10778.1162719727
2.68318003034574;9927.30644989014
2.68609653037873;9623.52587890625
2.68901303041171;15062.5751647949
2.69192953044469;10227.0470581055
2.69484603047768;7670.56744384766
2.69776253051066;14136.7006912231
2.70067903054365;15272.5005187988
2.70359553057663;7919.66519165039
2.70651203060962;12423.7456359863
2.7094285306426;12142.7095413208
2.71234503067559;11964.5691566467
2.71526153070857;19086.2705688477
2.71817803074155;13306.9274902344
2.72109453077454;10103.3324432373
2.72401103080752;14146.2028160095
2.72692753084051;12184.0507049561
2.72984403087349;13750.136516571
2.73276053090648;19362.5408935547
2.73567703093946;10227.5573730469
2.73859353097245;8567.2945098877
2.74151003100543;9916.8749961853
2.74442653103841;10121.9363021851
2.7473430310714;17133.2881851196
2.75025953110438;15574.4366455078
2.75317603113737;9566.66682052612
2.75609253117035;21145.2824020386
2.75900903120334;13581.2520065308
2.76192553123632;10886.5794219971
2.76484203126931;12410.9944152832
2.76775853130229;13112.3389167786
2.77067503133528;13504.0717773438
2.77359153136826;11855.8333435059
2.77650803140124;13264.0350799561
2.77942453143423;13040.7678985596
2.78234103146721;17783.7500762939
2.7852575315002;10913.8210830688
2.78817403153318;12077.9172363281
2.79109053156617;13982.8155555725
2.79400703159915;13256.6665725708
2.79692353163214;16688.4746303558
2.79984003166512;13048.7111663818
2.80275653169811;13538.5415649414
2.80567303173109;21061.2035903931
2.80858953176407;16818.5426483154
2.81150603179706;10617.2917900085
2.81442253183004;14018.7677612305
2.81733903186303;23906.3779907227
2.82025553189601;9371.40969848633
2.823172031929;14324.3765907288
2.82608853196198;10202.1729736328
2.82900503199497;15239.9004058838
2.83192153202795;7815.62489318848
2.83483803206093;5757.08334350586
2.83775453209392;12572.5090789795
2.8406710321269;15246.9322357178
2.84358753215989;19975.4136505127
2.84650403219287;15267.7584228516
2.84942053222586;14520.8379821777
2.85233703225884;9260.0611114502
2.85525353229183;13395.466796875
2.85817003232481;24910.5108642578
2.8610865323578;13931.5304012299
2.86400303239078;14296.5342025757
2.86691953242376;8916.62275695801
2.86983603245675;9737.49991607666
2.87275253248973;16624.1951293945
2.87566903252272;15928.6207885742
2.8785855325557;16459.7913665771
2.88150203258869;11292.0843925476
2.88441853262167;5746.1876449585
2.88733503265466;9442.18984985352
2.89025153268764;16092.8498535156
2.89316803272062;9515.14001464844
2.89608453275361;10268.1641998291
2.89900103278659;12030.3307418823
2.90191753281958;11360.4181518555
2.90483403285256;10986.4676513672
2.90775053288555;12861.7434387207
2.91066703291853;10407.234085083
2.91358353295152;6624.07781982422
2.9165000329845;14421.6884727478
2.91941653301748;10313.2758712769
2.92233303305047;19949.61977005
2.92524953308345;10241.7675628662
2.92816603311644;6355.01424407959
2.93108253314942;13162.9759368896
2.93399903318241;11567.8270950317
2.93691553321539;17180.8143310547
2.93983203324838;16150.3481178284
2.94274853328136;19332.8068466187
2.94566503331435;11984.0209579468
2.94858153334733;17356.6669616699
2.95149803338031;10941.8750305176
2.9544145334133;14129.844701767
2.95733103344628;12071.2206230164
2.96024753347927;8251.25001525879
2.96316403351225;7205.95735168457
2.96608053354524;13794.8197631836
2.96899703357822;15451.8748855591
2.97191353361121;11847.291595459
2.97483003364419;14905.2083740234
2.97774653367718;16338.4602050781
2.98066303371016;10206.2758636475
2.98357953374314;10119.4565124512
2.98649603377613;8182.97337341309
2.98941253380911;17180.661529541
2.9923290338421;17692.0268554688
2.99524553387508;11386.0425872803
2.99816203390807;14862.5001373291
3.00107853394105;13795.5496520996
3.00399503397404;13212.6664276123
3.00691153400702;16118.8365707397
3.00982803404;8897.0867061615
3.01274453407299;13829.3075408936
3.01566103410597;18397.0820770264
3.01857753413896;12108.5769348145
3.02149403417194;16569.335144043
3.02441053420493;25951.9849700928
3.02732703423791;14520.5844154358
3.0302435342709;17945.7699737549
3.03316003430388;14189.7404937744
3.03607653433687;5401.03551864624
3.03899303436985;15913.1984863281
3.04190953440283;20331.7418441772
3.04482603443582;10910.5252494812
3.0477425344688;13287.9515628815
3.05065903450179;11336.2963218689
3.05357553453477;15193.2185516357
3.05649203456776;14102.8549346924
3.05940853460074;9093.50271224976
3.06232503463373;14089.0502929688
3.06524153466671;5352.8483581543
3.06815803469969;12128.3502807617
3.07107453473268;14228.6465377808
3.07399103476566;8678.55554199219
3.07690753479865;5731.45832824707
3.07982403483163;13684.7836380005
3.08274053486462;10275.6291885376
3.0856570348976;8204.20445251465
3.08857353493059;9871.54039382935
3.09149003496357;8157.53034210205
3.09440653499655;10501.8088340759
3.09732303502954;11856.2537994385
3.10023953506252;15321.1212463379
3.10315603509551;20115.625164032
3.10607253512849;13223.8530426025
3.10898903516148;12579.1099472046
3.11190553519446;12913.1192321777
3.11482203522745;17160.6397476196
3.11773853526043;20995.4167022705
3.12065503529342;12227.682800293
3.1235715353264;20043.7679290771
3.12648803535938;18141.5331878662
3.12940453539237;10838.2689304352
3.13232103542535;9487.24220657349
3.13523753545834;19495.3657226563
3.13815403549132;19108.0962123871
3.14107053552431;27186.0227355957
3.14398703555729;12761.2500762939
3.14690353559028;16276.7926025391
3.14982003562326;15546.4535827637
3.15273653565625;11198.1255187988
3.15565303568923;9361.67823791504
3.15856953572221;6841.87495422363
3.1614860357552;14719.8566894531
3.16440253578818;16636.4078655243
3.16731903582117;11533.3255157471
3.17023553585415;17144.0402908325
3.17315203588714;12513.6182861328
3.17606853592012;20225.3039855957
3.17898503595311;10489.1666717529
3.18190153598609;11505.6248474121
3.18481803601907;15130.3727035522
3.18773453605206;13530.0132827759
3.19065103608504;13513.1323242188
3.19356753611803;8524.58326339722
3.19648403615101;7692.41493797302
3.199400536184;25570.208190918
3.20231703621698;17367.403213501
3.20523353624997;14886.615737915
3.20815003628295;11941.9443778992
3.21106653631594;10672.1586608887
3.21398303634892;16360.6806030273
3.2168995363819;11582.5006103516
3.21981603641489;10853.7694702148
3.22273253644787;18962.6468963623
3.22564903648086;11245.8902740479
3.22856553651384;11285.2804164886
3.23148203654683;16696.0665283203
3.23439853657981;14285.0093536377
3.2373150366128;13025.5910873413
3.24023153664578;13638.296043396
3.24314803667876;14563.6072158813
3.24606453671175;3537.40455245972
3.24898103674473;13492.0965080261
3.25189753677772;20349.9993972778
3.2548140368107;12218.2557678223
3.25773053684369;18091.5620574951
3.26064703687667;8994.08044433594
3.26356353690966;10349.6080932617
3.26648003694264;16263.3333129883
3.26939653697562;13789.1733417511
3.27231303700861;14305.5488700867
3.27522953704159;12410.1047973633
3.27814603707458;17971.0194168091
3.28106253710756;9041.36019897461
3.28397903714055;9148.12483215332
3.28689553717353;11975.4169235229
3.28981203720652;9914.17662811279
3.2927285372395;7764.37514877319
3.29564503727249;2528.33331298828
3.29856153730547;9236.79054260254
3.30147803733845;6905.34558868408
3.30439453737144;17243.6508636475
3.30731103740442;12377.5888595581
3.31022753743741;14938.3842926025
3.31314403747039;12697.2992706299
3.31606053750338;9806.18327140808
3.31897703753636;9464.16682434082
3.32189353756935;13640.3227844238
3.32481003760233;18331.9250106812
3.32772653763532;17948.0342178345
3.3306430376683;9681.11061096191
3.33355953770128;10139.2391242981
3.33647603773427;14237.3084335327
3.33939253776725;15332.0640258789
3.34230903780024;19506.4268188477
3.34522553783322;21205.6505203247
3.34814203786621;10984.5835571289
3.35105853789919;9468.7516784668
3.35397503793218;14038.4898986816
3.35689153796516;13265.2632141113
3.35980803799814;11212.3440704346
3.36272453803113;11787.4999237061
3.36564103806411;12654.588104248
3.3685575380971;16323.1398639679
3.37147403813008;16492.2400665283
3.37439053816307;10413.3003540039
3.37730703819605;13291.4051818848
3.38022353822904;9088.34508514404
3.38314003826202;12030.070602417
3.38605653829501;14947.3462524414
3.38897303832799;7825.37965011597
3.39188953836097;16060.9217834473
3.39480603839396;8516.04177856445
3.39772253842694;16727.7000732422
3.40063903845993;11548.5411148071
3.40355553849291;14418.3425827026
3.4064720385259;13339.0550384521
3.40938853855888;13874.9247684479
3.41230503859187;26316.9280014038
3.41522153862485;5635.91357421875
3.41813803865783;14334.4708862305
3.42105453869082;8802.77215576172
3.4239710387238;12629.4435882568
3.42688753875679;16444.3036632538
3.42980403878977;16929.5831756592
3.43272053882276;13291.9934539795
3.43563703885574;13421.0664424896
3.43855353888873;14293.0297546387
3.44147003892171;13528.0911636353
3.44438653895469;13692.2929992676
3.44730303898768;10192.6819915771
3.45021953902066;10156.04246521
3.45313603905365;10591.7890472412
3.45605253908663;27100.1609802246
3.45896903911962;10353.0917053223
3.4618855391526;16557.6343383789
3.46480203918559;18458.6026611328
3.46771853921857;13290.3279571533
3.47063503925156;13507.0659866333
3.47355153928454;14452.4999351501
3.47646803931752;9567.4303894043
3.47938453935051;14536.934463501
3.48230103938349;18335.0512695313
3.48521753941648;13442.6605529785
3.48813403944946;21637.3938713074
3.49105053948245;15233.296081543
3.49396703951543;9566.85120391846
3.49688353954842;22853.8650131226
3.4998000395814;10489.1763916016
3.50271653961439;10813.7499771118
3.50563303964737;12841.686340332
3.50854953968035;9601.82563018799
3.51146603971334;13510.6388931274
3.51438253974632;14543.3963851929
3.51729903977931;13948.5438308716
3.52021553981229;2607.70003128052
3.52313203984528;13979.8479614258
3.52604853987826;4074.37500762939
3.52896503991125;13555.9028511047
3.53188153994423;8713.12835693359
3.53479803997721;9267.70822143555
3.5377145400102;17411.0461082459
3.54063104004318;10455.1378631592
3.54354754007617;19169.6820449829
3.54646404010915;8652.70838928223
3.54938054014214;13760.7328987122
3.55229704017512;7546.1033782959
3.55521354020811;13574.4381828308
3.55813004024109;16893.0056762695
3.56104654027408;11975.9640808105
3.56396304030706;6688.41510009766
3.56687954034004;16724.6475028992
3.56979604037303;10381.8287353516
3.57271254040601;8439.16661071777
3.575629040439;10922.8109207153
3.57854554047198;9112.0965423584
3.58146204050497;5551.27186203003
3.58437854053795;14358.5416564941
3.58729504057094;12554.1792755127
3.59021154060392;14894.1473388672
3.5931280406369;10215.8332977295
3.59604454066989;8686.87495422363
3.59896104070287;10796.6666221619
3.60187754073586;8960.61565208435
3.60479404076884;14375.8856811523
3.60771054080183;15670.7507629395
3.61062704083481;11315.8403930664
3.6135435408678;11065.8289775848
3.61646004090078;12835.3622283936
3.61937654093377;16040.6675567627
3.62229304096675;16862.0202293396
3.62520954099973;10711.2498626709
3.62812604103272;11488.5416297913
3.6310425410657;10326.8750495911
3.63395904109869;17186.3761711121
3.63687554113167;16178.611907959
3.63979204116466;9022.65634250641
3.64270854119764;7963.32304954529
3.64562504123063;15686.0210847855
3.64854154126361;13812.6593322754
3.65145804129659;12324.9631080627
3.65437454132958;12855.2172966003
3.65729104136256;24061.2198543549
3.66020754139555;18813.4542598724
3.66312404142853;15597.0414581299
3.66604054146152;13617.9090576172
3.6689570414945;4031.66664123535
3.67187354152749;11178.2573242188
3.67479004156047;13498.1421051025
3.67770654159346;12911.8418579102
3.68062304162644;11841.1188049316
3.68353954165942;13129.1152572632
3.68645604169241;11172.8216705322
3.68937254172539;10156.9023742676
3.69228904175838;14145.5167312622
3.69520554179136;11106.6318740845
3.69812204182435;19940.3255310059
3.70103854185733;11473.8181591034
3.70395504189032;11065.0006999969
3.7068715419233;12479.4890441895
3.70978804195628;11580.9839096069
3.71270454198927;15239.8179168701
3.71562104202225;14124.7079772949
3.71853754205524;7479.68656158447
3.72145404208822;14647.4639282227
3.72437054212121;15388.95753479
3.72728704215419;12282.1163787842
3.73020354218718;10778.8351821899
3.73312004222016;10813.7538299561
3.73603654225315;9976.67210006714
3.73895304228613;11609.4172210693
3.74186954231911;15913.3016891479
3.7447860423521;7431.25006103516
3.74770254238508;9515.41656494141
3.75061904241807;16478.4224205017
3.75353554245105;11815.2487792969
3.75645204248404;23476.7088222504
3.75936854251702;11450.7911682129
3.76228504255001;10172.9142150879
3.76520154258299;12280.9976177216
3.76811804261597;8644.16663742065
3.77103454264896;9216.45837402344
3.77395104268194;7755.83332824707
3.77686754271493;14076.7166900635
3.77978404274791;12244.439201355
3.7827005427809;24045.8374633789
3.78561704281388;8225.69625854492
3.78853354284687;11323.6187133789
3.79145004287985;11603.6147460938
3.79436654291284;10318.3893966675
3.79728304294582;13017.50050354
3.8001995429788;13948.5419120789
3.80311604301179;17778.1868591309
3.80603254304477;14908.4497680664
3.80894904307776;14900.2295532227
3.81186554311074;12106.0065002441
3.81478204314373;15904.5833129883
3.81769854317671;14994.9449691772
3.8206150432097;9603.86306762695
3.82353154324268;10284.9987106323
3.82644804327566;10408.2886199951
3.82936454330865;8883.57481384277
3.83228104334163;16169.9753341675
3.83519754337462;7969.37496948242
3.8381140434076;14757.2942504883
3.84103054344059;21612.5972290039
3.84394704347357;7645.09261703491
3.84686354350656;14026.9367675781
3.84978004353954;13692.2958488464
3.85269654357253;9814.37783241272
3.85561304360551;13384.7924232483
3.85852954363849;9532.49993896484
3.86144604367148;13096.3036346436
3.86436254370446;15605.6817016602
3.86727904373745;13062.0512046814
3.87019554377043;21512.3050994873
3.87311204380342;10707.9075012207
3.8760285438364;9440.36173248291
3.87894504386939;13446.2189559937
3.88186154390237;16058.3348312378
3.88477804393535;13794.7916564941
3.88769454396834;15820.5530853271
3.89061104400132;11672.622795105
3.89352754403431;15670.3268280029
3.89644404406729;16022.1313896179
3.89936054410028;14572.083480835
3.90227704413326;16363.4510650635
3.90519354416625;14518.9118652344
3.90811004419923;7594.5107421875
3.91102654423222;26366.5826339722
3.9139430442652;13277.6107025146
3.91685954429818;12991.7319259644
3.91977604433117;10309.791633606
3.92269254436415;17686.5470104218
3.92560904439714;8291.25759887695
3.92852554443012;12836.3567047119
3.93144204446311;8968.74982452393
3.93435854449609;9738.12015533447
3.93727504452908;11568.5242919922
3.94019154456206;17377.6579437256
3.94310804459504;5278.74998474121
3.94602454462803;6764.99985122681
3.94894104466101;12476.456161499
3.951857544694;8385.85878753662
3.95477404472698;31794.4330291748
3.95769054475997;23404.1673049927
3.96060704479295;14207.8714904785
3.96352354482594;14478.2583007813
3.96644004485892;13008.9582328796
3.96935654489191;23407.8025932312
3.97227304492489;14541.6436920166
3.97518954495787;11548.3381767273
3.97810604499086;23377.2347564697
3.98102254502384;8797.91795349121
3.98393904505683;12188.9583282471
3.98685554508981;10899.1664943695
3.9897720451228;18937.2716445923
3.99268854515578;10391.9503631592
3.99560504518877;16972.2931365967
3.99852154522175;5441.04159545898
4.00143804525473;18343.2435913086
4.00435454528772;13726.3626708984
4.0072710453207;11219.3033599854
4.01018754535369;18179.5338668823
4.01310404538667;9558.125
4.01602054541966;17559.9637298584
4.01893704545264;8303.27952575684
4.02185354548563;15875.8064079285
4.02477004551861;10106.429649353
4.0276865455516;11608.1875152588
4.03060304558458;22131.458442688
4.03351954561756;11213.3244552612
4.03643604565055;16135.2093200684
4.03935254568353;14547.5003509521
4.04226904571652;17541.4662628174
4.0451855457495;9622.59497070313
4.04810204578249;6457.49999237061
4.05101854581547;22341.2114868164
4.05393504584846;7841.24992370605
4.05685154588144;13379.9316082001
4.05976804591442;12221.0419311523
4.06268454594741;11599.5906524658
4.06560104598039;8191.4584197998
4.06851754601338;16889.3891601563
4.07143404604636;11452.4264183044
4.07435054607935;11514.2254333496
4.07726704611233;12377.1547355652
4.08018354614532;8198.81645202637
4.0831000461783;14943.1216201782
4.08601654621129;10566.0423717499
4.08893304624427;9865.62498474121
4.09184954627725;12044.2810096741
4.09476604631024;17896.1701564789
4.09768254634322;13196.7400817871
4.10059904637621;17856.1606750488
4.10351554640919;7631.41116333008
4.10643204644218;7626.3754119873
4.10934854647516;15662.9318313599
4.11226504650815;15853.3336791992
4.11518154654113;14951.5449562073
4.11809804657412;6833.33443260193
4.1210145466071;13332.0806732178
4.12393104664008;13022.736000061
4.12684754667307;12049.3616943359
4.12976404670605;10530.305229187
4.13268054673904;12926.5814933777
4.13559704677202;11575.650970459
4.13851354680501;12235.0454788208
4.14143004683799;7842.78644561768
4.14434654687097;8874.79182434082
4.14726304690396;6492.82948303223
4.15017954693694;17597.0983924866
4.15309604696993;12354.5365219116
4.15601254700291;15188.5391998291
4.1589290470359;15938.75
4.16184554706888;15984.3223419189
4.16476204710187;15414.1520080566
4.16767854713485;11608.9458312988
4.17059504716784;13528.5405349731
4.17351154720082;13944.0241775513
4.1764280472338;16986.8398208618
4.17934454726679;11659.0169372559
4.18226104729977;13895.9323348999
4.18517754733276;22199.5971984863
4.18809404736574;14204.9521179199
4.19101054739873;14831.8887329102
4.19392704743171;9435.45640563965
4.1968435474647;6492.6612701416
4.19976004749768;11463.0009841919
4.20267654753067;14897.2986602783
4.20559304756365;7337.29163360596
4.20850954759663;15571.4585876465
4.21142604762962;14700.2911529541
4.2143425476626;15529.8224029541
4.21725904769559;8970.97094726563
4.22017554772857;12470.5126037598
4.22309204776156;13077.3076171875
4.22600854779454;12164.7195739746
4.22892504782753;13931.5298461914
4.23184154786051;11536.9143447876
4.23475804789349;12919.2285499573
4.23767454792648;12706.0487976074
4.24059104795946;19628.3794937134
4.24350754799245;7098.12496948242
4.24642404802543;13657.9556274414
4.24934054805842;12932.7109985352
4.2522570480914;7200.62493896484
4.25517354812439;14535.7879333496
4.25809004815737;15291.0738449097
4.26100654819036;4542.33808898926
4.26392304822334;11343.4088897705
4.26683954825632;10991.7673034668
4.26975604828931;22011.8750762939
4.27267254832229;7919.9296875
4.27558904835528;14435.8950157166
4.27850554838826;11196.8037261963
4.28142204842125;5946.05238342285
4.28433854845423;15110.2862548828
4.28725504848722;13444.5833206177
4.2901715485202;22433.9439697266
4.29308804855318;10731.2231559753
4.29600454858617;24938.3037147522
4.29892104861915;15457.0637168884
4.30183754865214;13581.2498779297
4.30475404868512;7698.26485443115
4.30767054871811;7593.54173278809
4.31058704875109;10787.0504760742
4.31350354878408;16787.2843170166
4.31642004881706;16441.2921943665
4.31933654885005;17781.9920959473
4.32225304888303;18700.3043746948
4.32516954891601;7089.5831451416
4.328086048949;9788.94523620605
4.33100254898198;3672.91669464111
4.33391904901497;11508.7263336182
4.33683554904795;24005.4094696045
4.33975204908094;9422.08280563354
4.34266854911392;10181.666595459
4.34558504914691;10719.7936248779
4.34850154917989;13451.8306732178
4.35141804921287;12518.5794525146
4.35433454924586;18099.8077850342
4.35725104927884;11658.9482727051
4.36016754931183;12240.6246547699
4.36308404934481;9301.50535583496
4.3660005493778;9763.12503814697
4.36891704941078;10578.0788650513
4.37183354944377;12489.3415222168
4.37475004947675;12715.1354522705
4.37766654950974;16158.8426361084
4.38058304954272;12800.3881072998
4.3834995495757;18330.5079402924
4.38641604960869;19153.0861968994
4.38933254964167;13667.9266052246
4.39224904967466;9327.62921905518
4.39516554970764;6469.51122283936
4.39808204974063;17689.9307098389
4.40099854977361;13734.99974823
4.4039150498066;21063.7554893494
4.40683154983958;13428.1310424805
4.40974804987256;13350.6247253418
4.41266454990555;11801.9820785522
4.41558104993853;14553.6499900818
4.41849754997152;15277.0230255127
4.4214140500045;11407.9338684082
4.42433055003749;7383.89740753174
4.42724705007047;14414.6014556885
4.43016355010346;11229.9971427917
4.43308005013644;12175.6041564941
4.43599655016943;14817.8558082581
4.43891305020241;9131.61833190918
4.44182955023539;8465.02545166016
4.44474605026838;12006.8287582397
4.44766255030136;15786.4828109741
4.45057905033435;15597.0879516602
4.45349555036733;14115.8120117188
4.45641205040032;13285.6286010742
4.4593285504333;10957.3012237549
4.46224505046629;10925.3433380127
4.46516155049927;15767.3509979248
4.46807805053226;10318.3333625793
4.47099455056524;9421.45826339722
4.47391105059822;19788.5453033447
4.47682755063121;18260.7154388428
4.47974405066419;14367.6637420654
4.48266055069718;9882.71185302734
4.48557705073016;27343.7981109619
4.48849355076315;15658.1331634521
4.49141005079613;11806.4275512695
4.49432655082911;10420.8346099854
4.4972430508621;17753.1685333252
4.50015955089508;12859.9949035645
4.50307605092807;14452.0511837006
4.50599255096105;17775.2802734375
4.50890905099404;11398.671295166
4.51182555102702;12616.0417785645
4.51474205106001;11923.3986358643
4.51765855109299;9088.26652526855
4.52057505112598;18474.8823051453
4.52349155115896;15767.916809082
4.52640805119194;8516.04193305969
4.52932455122493;12359.7917537689
4.53224105125791;11211.7523040771
4.5351575512909;13223.7838249207
4.53807405132388;11104.171005249
4.54099055135687;14060.8429260254
4.54390705138985;24600.8479309082
4.54682355142284;8370.83321380615
4.54974005145582;16602.1427612305
4.55265655148881;11437.2914733887
4.55557305152179;7641.0306892395
4.55848955155477;9336.04170227051
4.56140605158776;10566.474822998
4.56432255162074;14979.3838691711
4.56723905165373;13325.71641922
4.57015555168671;20204.5149688721
4.5730720517197;15229.7917022705
4.57598855175268;11010.2083435059
4.57890505178567;8640.68409729004
4.58182155181865;6271.30741500854
4.58473805185163;13760.6290283203
4.58765455188462;16288.6717071533
4.5905710519176;11770.4165649414
4.59348755195059;11670.2802124023
4.59640405198357;18145.3402709961
4.59932055201656;13949.7124023438
4.60223705204954;12769.7959213257
4.60515355208253;15039.4227256775
4.60807005211551;8815.1650428772
4.6109865521485;14640.1192169189
4.61390305218148;15827.2638702393
4.61681955221446;11428.0462188721
4.61973605224745;9114.51360702515
4.62265255228043;18122.8392028809
4.62556905231342;12624.6992645264
4.6284855523464;10292.7084960938
4.63140205237939;11162.953754425
4.63431855241237;14679.2737731934
4.63723505244536;11755.1541748047
4.64015155247834;13526.2885475159
4.64306805251132;7678.96386528015
4.64598455254431;8046.30641174316
4.64890105257729;12888.4051055908
4.65181755261028;16066.2075500488
4.65473405264326;4559.90728759766
4.65765055267625;8118.69723510742
4.66056705270923;15315.2081604004
4.66348355274222;14196.8495140076
4.6664000527752;8842.50517272949
4.66931655280819;6448.9582862854
4.67223305284117;18681.4119644165
4.67514955287415;6317.69065475464
4.67806605290714;8746.6667137146
4.68098255294012;15993.8434295654
4.68389905297311;11770.4164123535
4.68681555300609;5834.11172485352
4.68973205303908;13967.3635406494
4.69264855307206;14814.9742279053
4.69556505310505;16041.2506637573
4.69848155313803;16624.4771728516
4.70139805317101;12856.5446472168
4.704314553204;14700.3543109894
4.70723105323698;13009.0707473755
4.71014755326997;17403.1342163086
4.71306405330295;13401.876739502
4.71598055333594;14356.4232940674
4.71889705336892;16713.941947937
4.72181355340191;8579.97646331787
4.72473005343489;9121.42948150635
4.72764655346788;2152.50002288818
4.73056305350086;15262.5613365173
4.73347955353384;11065.5630645752
4.73639605356683;16782.5415611267
4.73931255359981;10712.0948867798
4.7422290536328;18022.7830352783
4.74514555366578;5107.91665649414
4.74806205369877;13598.402885437
4.75097855373175;11882.7007083893
4.75389505376474;10800.5775146484
4.75681155379772;13309.6461982727
4.7597280538307;9387.31604003906
4.76264455386369;16731.6975097656
4.76556105389667;12706.4664382935
4.76847755392966;14897.7853469849
4.77139405396264;16734.084197998
4.77431055399563;16691.887676239
4.77722705402861;14034.4845180511
4.7801435540616;22098.4624328613
4.78306005409458;13766.2325210571
4.78597655412757;9822.91959762573
4.78889305416055;13965.4675636292
4.79180955419353;18311.5818939209
4.79472605422652;14251.0527114868
4.7976425542595;10329.6775474548
4.80055905429249;9173.74997711182
4.80347555432547;14831.7331085205
4.80639205435846;11198.1464996338
4.80930855439144;13270.2287254333
4.81222505442443;12880.8335342407
4.81514155445741;16870.0908203125
4.8180580544904;15546.2727355957
4.82097455452338;12355.5357818604
4.82389105455636;12207.7461357117
4.82680755458935;11676.4606170654
4.82972405462233;11931.7683105469
4.83264055465532;16262.9871292114
4.8355570546883;14817.5555953979
4.83847355472129;11483.5135192871
4.84139005475427;19447.3850631714
4.84430655478725;13116.7515106201
4.84722305482024;16982.6067314148
4.85013955485322;7247.84173583984
4.85305605488621;21682.5616836548
4.85597255491919;19859.6255989075
4.85888905495218;14019.7933578491
4.86180555498516;8372.63017272949
4.86472205501815;13790.7743530273
4.86763855505113;10270.9001159668
4.87055505508412;10733.9206695557
4.8734715551171;7472.82682800293
4.87638805515008;11351.8750610352
4.87930455518307;17382.2917175293
4.88222105521605;13777.7084655762
4.88513755524904;11428.623626709
4.88805405528202;10036.4583129883
4.89097055531501;16629.0650100708
4.89388705534799;17683.6290893555
4.89680355538098;7268.95866966248
4.89972005541396;13120.008895874
4.90263655544695;8883.33330535889
4.90555305547993;11310.5118122101
4.90846955551291;7439.79284667969
4.9113860555459;18717.091003418
4.91430255557888;7818.39162826538
4.91721905561187;12044.0536193848
4.92013555564485;12554.4206237793
4.92305205567784;7473.95824432373
4.92596855571082;16388.3828277588
4.92888505574381;24375.6503753662
4.93180155577679;11647.1893672943
4.93471805580977;12112.0836486816
4.93763455584276;7392.87738037109
4.94055105587574;10548.9582366943
4.94346755590873;7602.24487304688
4.94638405594171;7123.76277923584
4.9493005559747;12479.863067627
4.95221705600768;17577.5489559174
4.95513355604067;13553.8056640625
4.95805005607365;12240.2153015137
4.96096655610664;10159.5597076416
4.96388305613962;17399.5464248657
4.9667995561726;12146.2519226074
4.96971605620559;9945.35934448242
4.97263255623857;12394.0115280151
4.97554905627156;13698.9453277588
4.97846555630454;12564.791557312
4.98138205633753;5073.75482177734
4.98429855637051;14106.1214828491
4.9872150564035;12803.9581050873
4.99013155643648;13179.7918548584
4.99304805646946;9686.54307556152
4.99596455650245;12344.8228759766
4.99888105653543;8708.97185516357
5.00179755656842;11594.340057373
5.0047140566014;18714.1166992188
5.00763055663439;8815.00009155273
5.01054705666737;5728.73962402344
5.01346355670036;11386.184463501
5.01638005673334;10364.1243190765
5.01929655676633;10726.9053764343
5.02221305679931;17989.50340271
5.02512955683229;14905.2170257568
5.02804605686528;10054.828086853
5.03096255689826;13531.712890625
5.03387905693125;11909.5211334229
5.03679555696423;18196.9382324219
5.03971205699722;15776.5122680664
5.0426285570302;14016.8747673035
5.04554505706319;6665.43751525879
5.04846155709617;9948.3743057251
5.05137805712915;9720.41667175293
5.05429455716214;11924.1956291199
5.05721105719512;15878.958152771
5.06012755722811;11334.7931976318
5.06304405726109;17595.8313140869
5.06596055729408;8938.94203186035
5.06887705732706;15290.7460784912
5.07179355736005;15893.7625274658
5.07471005739303;14777.083404541
5.07762655742602;19774.9332618713
5.080543057459;8934.58333396912
5.08345955749198;12838.1324005127
5.08637605752497;10984.64453125
5.08929255755795;5842.49998474121
5.09220905759094;14805.1026000977
5.09512555762392;16740.3324947357
5.09804205765691;19358.2280426025
5.10095855768989;11664.9631347656
5.10387505772288;14677.8580169678
5.10679155775586;6577.08329772949
5.10970805778885;9242.96882629395
5.11262455782183;15436.6055908203
5.11554105785481;16957.3619384766
5.1184575578878;16242.9177455902
5.12137405792078;9351.16722106934
5.12429055795377;8054.8074092865
5.12720705798675;7052.12287902832
5.13012355801974;10259.9114074707
5.13304005805272;10164.8010368347
5.1359565580857;15247.8302307129
5.13887305811869;13832.3146209717
5.14178955815167;11666.1338653564
5.14470605818466;8611.42294311523
5.14762255821764;14618.0875244141
5.15053905825063;12274.855140686
5.15345555828361;10002.2923736572
5.1563720583166;6372.08325195313
5.15928855834958;16311.5377349854
5.16220505838257;10047.2043266296
5.16512155841555;7582.92520141602
5.16803805844854;12515.2218170166
5.17095455848152;20551.2499542236
5.1738710585145;11778.9581890106
5.17678755854749;29100.4100646973
5.17970405858047;15372.6145162582
5.18262055861346;21059.2272033691
5.18553705864644;16611.5781707764
5.18845355867943;15194.3305511475
5.19137005871241;14968.2417526245
5.1942865587454;20333.8775863647
5.19720305877838;9926.16325378418
5.20011955881136;9273.09260559082
5.20303605884435;10806.492313385
5.20595255887733;14553.4772319794
5.20886905891032;6745.19637107849
5.2117855589433;10802.739818573
5.21470205897629;20932.1646118164
5.21761855900927;12667.8249206543
5.22053505904226;4912.62287139893
5.22345155907524;13069.3067016602
5.22636805910822;12932.2937316895
5.22928455914121;8825.7427482605
5.23220105917419;7866.17654418945
5.23511755920718;12892.0535736084
5.23803405924016;20819.9505691528
5.24095055927315;7462.80637359619
5.24386705930613;9976.66662597656
5.24678355933912;15957.0561180115
5.2497000593721;8071.87593841553
5.25261655940509;12258.0674438477
5.25553305943807;16408.541885376
5.25844955947105;15340.8331985474
5.26136605950404;14683.125
5.26428255953702;9660.11550140381
5.26719905957001;8525.22951126099
5.27011555960299;6542.91663360596
5.27303205963598;7123.74995422363
5.27594855966896;11830.1960105896
5.27886505970195;21340.8661727905
5.28178155973493;15773.6025390625
5.28469805976791;13378.7061767578
5.2876145598009;12352.732421875
5.29053105983388;7995.05624389648
5.29344755986687;7730.20889282227
5.29636405989985;12853.3034896851
5.29928055993284;19593.7336730957
5.30219705996582;17929.4817810059
5.30511355999881;9295.73511886597
5.30803006003179;17433.5991439819
5.31094656006478;10603.2378387451
5.31386306009776;11693.5419616699
5.31677956013074;6175.24984741211
5.31969606016373;9732.89205169678
5.32261256019671;6551.54977416992
5.3255290602297;13197.2308006287
5.32844556026268;16675.067779541
5.33136206029567;9037.10073852539
5.33427856032865;11146.8749847412
5.33719506036164;12265.9683609009
5.34011156039462;6212.28940582275
5.3430280604276;6450.91929626465
5.34594456046059;15977.0597305298
5.34886106049357;8913.00556182861
5.35177756052656;13089.7561645508
5.35469406055954;17373.8200683594
5.35761056059253;15692.8439693451
5.36052706062551;6226.88008117676
5.3634435606585;12689.1640701294
5.36636006069148;15041.5567398071
5.36927656072447;12574.4075393677
5.37219306075745;11612.530708313
5.37510956079043;11232.2915039063
5.37802606082342;6167.08329772949
5.3809425608564;15885.0281982422
5.38385906088939;3877.97554016113
5.38677556092237;9056.1393661499
5.38969206095536;8867.98880004883
5.39260856098834;10503.7563018799
5.39552506102133;9961.88101196289
5.39844156105431;6136.93983459473
5.40135806108729;11702.0832061768
5.40427456112028;9336.35943603516
5.40719106115326;13320.1957092285
5.41010756118625;10715.8395996094
5.41302406121923;6445.17666625977
5.41594056125222;10497.7117767334
5.4188570612852;14162.7922668457
5.42177356131819;12828.1446685791
5.42469006135117;16242.212677002
5.42760656138416;9576.01843261719
5.43052306141714;19329.7921600342
5.43343956145012;10774.9306259155
5.43635606148311;16212.2383270264
5.43927256151609;9404.39618492126
5.44218906154908;18567.1283569336
5.44510556158206;15093.1257629395
5.44802206161505;9279.893409729
5.45093856164803;11371.931438446
5.45385506168102;6671.35872268677
5.456771561714;4322.08338546753
5.45968806174699;17953.2503433228
5.46260456177997;12711.8377990723
5.46552106181295;11437.292257309
5.46843756184594;12317.083366394
5.47135406187892;8862.56167602539
5.47427056191191;9631.58763122559
5.47718706194489;12261.3472137451
5.48010356197788;10267.0951766968
5.48302006201086;6508.74998092651
5.48593656204384;12974.9298629761
5.48885306207683;9925.41672515869
5.49176956210981;7303.12495803833
5.4946860621428;16743.1472167969
5.49760256217578;8259.79170227051
5.50051906220877;9243.93803405762
5.50343556224175;8285.44386863709
5.50635206227474;17172.9459228516
5.50926856230772;14384.1664886475
5.51218506234071;15524.7804870605
5.51510156237369;12406.2613945007
5.51801806240668;5528.03662109375
5.52093456243966;8283.84385681152
5.52385106247264;13659.2012557983
5.52676756250563;28033.7629394531
5.52968406253861;15383.5418701172
5.5326005625716;16194.999710083
5.53551706260458;6050.72062683105
5.53843356263757;11949.7917022705
5.54135006267055;16630.972240448
5.54426656270354;8134.00987243652
5.54718306273652;7678.95958328247
5.5500995627695;13803.3334350586
5.55301606280249;11595.4614715576
5.55593256283547;15306.6862487793
5.55884906286846;7039.95657348633
5.56176556290144;6645.41667556763
5.56468206293443;8773.60919189453
5.56759856296741;11223.7500610352
5.5705150630004;12029.3638381958
5.57343156303338;13555.6251831055
5.57634806306636;8088.95838737488
5.57926456309935;21805.372253418
5.58218106313233;15160.7609558105
5.58509756316532;14625.7807159424
5.5880140631983;10907.7083129883
5.59093056323129;17294.6421051025
5.59384706326427;8832.08337402344
5.59676356329726;16179.6532287598
5.59968006333024;14608.2837219238
5.60259656336323;6184.1667137146
5.60551306339621;16312.3613891602
5.60842956342919;9424.16520690918
5.61134606346218;17118.8762512207
5.61426256349516;6150.00003051758
5.61717906352815;18958.420425415
5.62009556356113;13803.0291881561
5.62301206359412;9899.79149246216
5.6259285636271;11753.3971099854
5.62884506366009;12020.2585105896
5.63176156369307;11872.9220275879
5.63467806372605;13462.2632827759
5.63759456375904;13555.6246871948
5.64051106379202;11539.7917480469
5.64342756382501;17139.7125701904
5.64634406385799;11911.3818244934
5.64926056389098;12523.9986419678
5.65217706392396;15793.7080955505
5.65509356395695;17314.0676269531
5.65801006398993;10808.3767471313
5.66092656402292;18293.9390830994
5.6638430640559;5859.69020271301
5.66675956408888;12103.5417175293
5.66967606412187;7647.0276184082
5.67259256415485;11844.3945274353
5.67550906418784;14691.6734809875
5.67842556422082;15246.8750228882
5.68134206425381;9532.4386138916
5.68425856428679;10223.4049682617
5.68717506431978;6090.22050476074
5.69009156435276;10719.7917022705
5.69300806438574;14345.7704467773
5.69592456441873;7311.07609558105
5.69884106445171;11351.878112793
5.7017575644847;9375.93325805664
5.70467406451768;11068.9108886719
5.70759056455067;10608.6704559326
5.71050706458365;7772.99842834473
5.71342356461664;9833.85326385498
5.71634006464962;9841.36461639404
5.71925656468261;10605.2234039307
5.72217306471559;7430.76540374756
5.72508956474857;15418.135055542
5.72800606478156;13957.0832672119
5.73092256481454;11926.8375396729
5.73383906484753;16314.5833129883
5.73675556488051;8786.78958511353
5.7396720649135;8672.1935043335
5.74258856494648;8200.0005607605
5.74550506497947;11223.7500534058
5.74842156501245;10412.5404396057
5.75133806504543;14743.3184356689
5.75425456507842;19700.293182373
5.7571710651114;11223.7501983643
5.76008756514439;14058.8419189453
5.76300406517737;9242.08325767517
5.76592056521036;14164.4890136719
5.76883706524334;13983.4818496704
5.77175356527633;8575.83343505859
5.77467006530931;6173.4345703125
5.7775865653423;9976.66672515869
5.78050306537528;8943.1248588562
5.78341956540826;12620.5668792725
5.78633606544125;16451.7133789063
5.78925256547423;14418.3408107758
5.79216906550722;9028.54471969604
5.7950855655402;11428.8036804199
5.79800206557319;2485.625
5.80091856560617;16703.9451293945
5.80383506563916;12274.3749694824
5.80675156567214;6636.94407463074
5.80966806570513;10446.472114563
5.81258456573811;9491.31997680664
5.81550106577109;11932.7083740234
5.81841756580408;9388.6904296875
5.82133406583706;12699.9526901245
5.82425056587005;19415.1361160278
5.82716706590303;8969.12377929688
5.83008356593602;18607.1348266602
5.833000065969;12764.7281036377
5.83591656600198;12769.7915344238
5.83883306603497;17262.7269897461
5.84174956606795;6483.12499046326
5.84466606610094;13252.6869888306
5.84758256613392;9204.4103012085
5.85049906616691;15044.2871055603
5.85341556619989;11026.6435470581
5.85633206623288;6040.92253684998
5.85924856626586;11522.7082672119
5.86216506629885;15315.2125282288
5.86508156633183;9012.43724060059
5.86799806636482;8020.62509155273
5.8709145663978;9148.125
5.87383106643078;7851.10900115967
5.87674756646377;10267.5128173828
5.87966406649675;7935.20889282227
5.88258056652974;5839.6939239502
5.88549706656272;7192.08334350586
5.88841356659571;12573.5134353638
5.89133006662869;18475.6249084473
5.89424656666168;7825.70496177673
5.89716306669466;12761.3117446899
5.90007956672764;12035.208404541
5.90299606676063;6705.84917449951
5.90591256679361;19364.2724609375
5.9088290668266;7841.24996948242
5.91174556685958;17778.2658233643
5.91466206689257;9963.82119750977
5.91757856692555;11708.3720703125
5.92049506695854;9016.63658905029
5.92341156699152;11448.7218093872
5.9263280670245;10887.4881973267
5.92924456705749;9491.75284385681
5.93216106709047;9293.33409881592
5.93507756712346;6389.16673278809
5.93799406715644;12666.9261169434
5.94091056718943;7604.28622436523
5.94382706722241;6167.8000793457
5.9467435672554;20085.372543335
5.94966006728838;20444.3648700714
5.95257656732137;11385.8529663086
5.95549306735435;12946.0154743195
5.95840956738733;9789.796875
5.96132606742032;9847.11375999451
5.9642425674533;12603.0071411133
5.96715906748629;11079.0811729431
5.97007556751927;8373.35270690918
5.97299206755226;12018.1250762939
5.97590856758524;9780.46594238281
5.97882506761823;17089.0596618652
5.98174156765121;14894.7745819092
5.98465806768419;14658.6926269531
5.98757456771718;6647.01821899414
5.99049106775016;13008.9580535889
5.99340756778315;11024.8676147461
5.99632406781613;18526.346572876
5.99924056784912;17084.0310211182
6.0021570678821;7969.55982017517
6.00507356791509;17313.9592170715
6.00799006794807;12221.2308959961
6.01090656798106;10642.9171867371
6.01382306801404;10065.7264442444
6.01673956804702;11146.8750305176
6.01965606808001;13686.2517547607
6.02257256811299;17121.4585800171
6.02548906814598;11517.8666687012
6.02840556817896;9421.45840454102
6.03132206821195;4253.74993896484
6.03423856824493;8374.83622360229
6.03715506827792;12872.4236297607
6.0400715683109;8567.2981262207
6.04298806834388;15395.5691680908
6.04590456837687;12341.625869751
6.04882106840985;9763.12490844727
6.05173756844284;3818.12502288818
6.05465406847582;11348.0035362244
6.05757056850881;9454.29567527771
6.06048706854179;7520.37258911133
6.06340356857478;7960.65919494629
6.06632006860776;9771.66675567627
6.06923656864075;4523.39416503906
6.07215306867373;12479.3751029968
6.07506956870671;9378.75077819824
6.0779860687397;11130.924407959
6.08090256877268;9565.587890625
6.08381906880567;6671.04162597656
6.08673556883865;10497.7083740234
6.08965206887164;14477.6859436035
6.09256856890462;8276.88222503662
6.09548506893761;12823.9392623901
6.09840156897059;18087.9767150879
6.10131806900358;6380.62503051758
6.10423456903656;14152.8857727051
6.10715106906954;14674.583366394
6.11006756910253;6235.07288742065
6.11298406913551;9716.45208358765
6.1159005691685;13802.3185577393
6.11881706920148;4051.09036254883
6.12173356923447;15171.8399543762
6.12465006926745;18630.6563987732
6.12756656930044;6004.31355285645
6.13048306933342;13523.6994171143
6.1333995693664;7012.70829772949
6.13631606939939;16803.3869018555
6.13923256943237;7499.94161987305
6.14214906946536;15081.051574707
6.14506556949834;5497.935546875
6.14798206953133;9942.51257324219
6.15089856956431;12932.0831298828
6.1538150695973;13430.6034164429
6.15673156963028;14067.1725826263
6.15964806966327;7251.87503051758
6.16256456969625;10753.9586486816
6.16548106972923;8644.16674041748
6.16839756976222;9802.18813323975
6.1713140697952;12190.3801574707
6.17423056982819;10890.6248703003
6.17714706986117;5824.17664146423
6.18006356989416;15204.3037261963
6.18298006992714;13304.3671417236
6.18589656996013;10552.1737518311
6.18881306999311;8331.61301040649
6.19172957002609;11612.1587486267
6.19464607005908;12436.6666870117
6.19756257009206;12037.9474334717
6.20047907012505;14025.4198303223
6.20339557015803;11144.3909301758
6.20631207019102;10962.8299179077
6.209228570224;9457.81143188477
6.21214507025699;11063.0836639404
6.21506157028997;10028.0929260254
6.21797807032296;6994.48626708984
6.22089457035594;12914.0924072266
6.22381107038892;7110.44872283936
6.22672757042191;12313.7097930908
6.22964407045489;9635.00132751465
6.23256057048788;15144.3708648682
6.23547707052086;16550.127784729
6.23839357055385;15025.2272605896
6.24131007058683;11300.5000915527
6.24422657061982;17255.8881378174
6.2471430706528;13231.0432128906
6.25005957068578;14717.2918319702
6.25297607071877;7909.58346557617
6.25589257075175;17675.1738739014
6.25880907078474;20920.4374961853
6.26172557081772;9467.0757484436
6.26464207085071;16921.0418395996
6.26755857088369;9458.46956634521
6.27047507091668;13101.6945648193
6.27339157094966;13129.2563171387
6.27630807098264;16149.7892074585
6.27922457101563;7388.54161834717
6.28214107104861;12188.9582576752
6.2850575710816;8012.08337402344
6.28797407111458;8058.34910583496
6.29089057114757;9690.39994049072
6.29380707118055;22044.9551544189
6.29672357121354;15598.2967529297
6.29964007124652;11257.9171142578
6.30255657127951;9535.94857788086
6.30547307131249;14114.6688537598
6.30838957134547;6952.91682052612
6.31130607137846;11565.9081420898
6.31422257141144;7046.875
6.31713907144443;14392.7081451416
6.32005557147741;12753.3696975708
6.3229720715104;11343.333152771
6.32588857154338;8610.00007629395
6.32880507157637;20337.708404541
6.33172157160935;11175.4729003906
6.33463807164233;9566.66674804688
6.33755457167532;11492.3101119995
6.3404710717083;11526.8304443359
6.34338757174129;6551.53472900391
6.34630407177427;13436.0681915283
6.34922057180726;8615.36666870117
6.35213707184024;9183.05914306641
6.35505357187323;12180.4241638184
6.35797007190621;12555.8304214478
6.3608865719392;10623.8958969116
6.36380307197218;9165.20827484131
6.36671957200516;13923.4360198975
6.36963607203815;10756.4629878998
6.37255257207113;15050.4163665771
6.37546907210412;12342.7760162354
6.3783855721371;9565.55184173584
6.38130207217009;7260.41690063477
6.38421857220307;8524.58319091797
6.38713507223606;18851.4583339691
6.39005157226904;14408.2986831665
6.39296807230202;14234.5719299316
6.39588457233501;13009.0449523926
6.39880107236799;9911.02978515625
6.40171757240098;10147.1918945313
6.40463407243396;9045.62519836426
6.40755057246695;8532.69820213318
6.41046707249993;9575.20813751221
6.41338357253292;6218.35153198242
6.4163000725659;9090.1044216156
6.41921657259889;7610.625
6.42213307263187;6773.54193115234
6.42504957266485;8384.47818756104
6.42796607269784;5705.83339691162
6.43088257273082;20578.4192352295
6.43379907276381;11386.0416984558
6.43671557279679;6756.45897674561
6.43963207282978;12761.250125885
6.44254857286276;6208.48710632324
6.44546507289575;13827.2771263123
6.44838157292873;15298.1256103516
6.45129807296172;7747.29165649414
6.4542145729947;12188.9586334229
6.45713107302768;10745.4165000916
6.46004757306067;9198.27046203613
6.46296407309365;7356.70893859863
6.46588057312664;14668.1066398621
6.46879707315962;11442.0552368164
6.47171357319261;11172.5010375977
6.47463007322559;15317.6899719238
6.47754657325858;10933.3407554626
6.48046307329156;9327.49980545044
6.48337957332454;8092.0961151123
6.48629607335753;12054.5434169769
6.48921257339051;11422.3293075562
6.4921290734235;17928.8916320801
6.49504557345648;14076.6665859222
6.49796207348947;13717.9166259766
6.50087857352245;12577.137298584
6.50379507355544;8140.20831298828
6.50671157358842;6621.88694763184
6.50962807362141;4390.41665649414
6.51254457365439;8456.25007629395
6.51546107368737;6081.93433761597
6.51837757372036;8860.57181167603
6.52129407375334;18535.4239349365
6.52421057378633;7388.54176712036
6.52712707381931;9079.8032989502
6.5300435738523;5757.08332824707
6.53296007388528;8347.5703125
6.53587657391827;7980.55066680908
6.53879307395125;9614.53874588013
6.54170957398423;7232.04817199707
6.54462607401722;23377.4053878784
6.5475425740502;9062.77072906494
6.55045907408319;7344.58700180054
6.55337557411617;10954.7240066528
6.55629207414916;8926.04186630249
6.55920857418214;14437.0400848389
6.56212507421513;17091.8750991821
6.56504157424811;9729.01966094971
6.5679580742811;16602.5351715088
6.57087457431408;9641.2020111084
6.57379107434706;11616.6667690277
6.57670757438005;13820.022857666
6.57962407441303;15878.9585609436
6.58254057444602;5586.25331115723
6.585457074479;13864.1738891602
6.58837357451199;13444.6401824951
6.59129007454497;16310.0729827881
6.59420657457796;4253.74997711182
6.59712307461094;10830.8332824707
6.60003957464392;12059.37940979
6.60295607467691;8669.79198074341
6.60587257470989;14066.888885498
6.60878907474288;12470.8334560394
6.61170557477586;12048.3893127441
6.61462207480885;4954.16667175293
6.61753857484183;6662.72273826599
6.62045507487482;16503.1752166748
6.6233715749078;12249.2578048706
6.62628807494078;11710.6249389648
6.62920457497377;3659.7134552002
6.63212107500675;10189.8947753906
6.63503757503974;17800.8331298828
6.63795407507272;16411.9247741699
6.64087057510571;7049.29128646851
6.64378707513869;12983.3333282471
6.64670357517168;12734.6132888794
6.64962007520466;7627.70832061768
6.65253657523765;5654.58332061768
6.65545307527063;15648.3334655762
6.65836957530361;13536.0573120117
6.6612860753366;6653.95825195313
6.66420257536958;11158.5853042603
6.66711907540257;7700.69253540039
6.67003557543555;12352.3607215881
6.67295207546854;5945.00024414063
6.67586857550152;9404.38101196289
6.67878507553451;6987.08333587646
6.68170157556749;14739.8110122681
6.68461807560047;7032.09749603271
6.68753457563346;3783.95831298828
6.69045107566644;10162.650894165
6.69336757569943;5543.54166793823
6.69628407573241;16154.1748886108
6.6992005757654;16054.8532714844
6.70211707579838;4535.62491989136
6.70503357583137;6252.50011825562
6.70795007586435;7320.20835113525
6.71086657589734;5552.08333969116
6.71378307593032;17305.5052108765
6.7166995759633;12089.1647491455
6.71961607599629;7977.91677474976
6.72253257602927;12947.1845092773
6.72544907606226;14750.1068115234
6.72836557609524;3433.75034332275
6.73128207612823;6679.58334350586
6.73419857616121;13399.752532959
6.7371150761942;6956.53321838379
6.74003157622718;13670.8099746704
6.74294807626017;8908.96067047119
6.74586457629315;12075.3552246094
6.74878107632613;14828.3343315125
6.75169757635912;13120.0000305176
6.7546140763921;10976.0417938232
6.75753057642509;3561.87496757507
6.76044707645807;9028.89660644531
6.76336357649106;11309.1668395996
6.76628007652404;7439.1037902832
6.76919657655703;3963.33338546753
6.77211307659001;10958.958404541
6.77502957662299;11133.626537323
6.77794607665598;14520.9344139099
6.78086257668896;10583.1250228882
6.78377907672195;10949.0178070068
6.78669557675493;16746.328956604
6.78961207678792;3493.54159545898
6.7925285768209;14245.4393196106
6.79544507685389;11428.7501125336
6.79836157688687;10301.2503051758
6.80127807691986;9805.83361816406
6.80419457695284;8849.16650390625
6.80711107698582;7721.66677856445
6.81002757701881;13981.8771133423
6.81294407705179;6696.67566490173
6.81586057708478;14383.7341308594
6.81877707711776;8897.80288696289
6.82169357715075;6346.45837020874
6.82461007718373;10198.7532806396
6.82752657721672;12915.0243225098
6.8304430772497;21254.0098571777
6.83335957728268;11278.9401168823
6.83627607731567;9620.51240539551
6.83919257734865;11278.905418396
6.84210907738164;10753.9792289734
6.84502557741462;10941.8750686646
6.84794207744761;16233.5353088379
6.85085857748059;14315.8333015442
6.85377507751358;12131.058807373
6.85669157754656;13922.9168548584
6.85960807757955;10805.2084350586
6.86252457761253;9412.91673278809
6.86544107764551;6773.54217529297
6.8683575776785;6492.22230529785
6.87127407771148;11375.6196136475
6.87419057774447;9030.14453887939
6.87710707777745;5159.16670227051
6.88002357781044;5953.54172515869
6.88294007784342;5898.68417358398
6.88585657787641;11146.8748321533
6.88877307790939;11865.7433319092
6.89168957794237;8450.90414047241
6.89460607797536;14623.0771942139
6.89752257800834;13222.5033416748
6.90043907804133;15821.8332519531
6.90335557807431;12982.4861755371
6.9062720781073;12050.5170707703
6.90918857814028;8978.10193252563
6.91210507817327;20594.259185791
6.91502157820625;12216.737197876
6.91793807823924;7055.41806793213
6.92085457827222;17766.8654708862
6.9237710783052;6961.45860290527
6.92668757833819;14580.6782836914
6.92960407837117;9686.25002288818
6.93252057840416;12240.591506958
6.93543707843714;19723.1537475586
6.93835357847013;7644.79293823242
6.94127007850311;9814.94598388672
6.9441865785361;13732.938659668
6.94710307856908;10927.3103485107
6.95001957860206;10813.7568664551
6.95293607863505;6833.33327865601
6.95585257866803;12733.6084136963
6.95876907870102;11770.4167785645
6.961685578734;23856.8750610352
6.96460207876699;11070.1784210205
6.96751857879997;5680.31932067871
6.97043507883296;13760.6256008148
6.97335157886594;9356.8387260437
6.97626807889892;10099.0169773102
6.97918457893191;7986.4584197998
6.98210107896489;8917.50011062622
6.98501757899788;10634.4358119965
6.98793407903086;12199.780380249
6.99085057906385;12349.7155914307
6.99376707909683;7230.6674041748
6.99668357912982;18518.3333129883
6.9996000791628;14211.7688407898
7.00251657919579;7747.29160690308
7.00543307922877;8746.32884216309
7.00834957926175;11104.1715545654
7.01126607929474;13755.6400146484
7.01418257932772;5142.08331298828
7.01709907936071;4595.41666221619
7.02001557939369;7943.74990844727
7.02293207942668;7072.50003051758
7.02584857945966;7388.54169845581
7.02876507949265;15774.2765693665
7.03168157952563;10405.5587463379
7.03459807955861;12154.8457641602
7.0375145795916;15776.5202102661
7.04043107962458;12494.2813720703
7.04334757965757;12146.2501716614
7.04626407969055;12869.4952697754
7.04918057972354;10224.3749542236
7.05209707975652;9201.61592102051
7.05501357978951;11548.3334350586
7.05793007982249;13453.1252441406
7.06084657985548;7140.89660644531
7.06376307988846;6619.7917175293
7.06667957992144;5523.93372344971
7.06959607995443;17061.4954452515
7.07251257998741;4211.04170227051
7.0754290800204;8080.41673278809
7.07834558005338;15748.1485595703
7.08126208008637;7435.43269348145
7.08417858011935;7465.35660934448
7.08709508015234;11836.8819580078
7.09001158018532;9594.04574584961
7.09292808021831;13623.9686355591
7.09584458025129;9207.91659545898
7.09876108028427;6346.45832824707
7.10167758031726;12906.4637832642
7.10459408035024;11967.503036499
7.10751058038323;8533.12490844727
7.11042708041621;19189.2512321472
7.1133435804492;11292.0841178894
7.11626008048218;7149.3836517334
7.11917658051517;7844.73284912109
7.12209308054815;4433.12500762939
7.12500958058113;10109.3902587891
7.12792608061412;10302.0258522034
7.1308425806471;12180.4571990967
7.13375908068009;12564.7916622162
7.13667558071307;10284.1687927246
7.13959208074606;15587.6246871948
7.14250858077904;10916.2504043579
7.14542508081203;11917.8280944824
7.14834158084501;13800.6126403809
7.151258080878;6560.00004196167
7.15417458091098;4642.51081848145
7.15709108094396;7081.04501342773
7.16000758097695;11309.166885376
7.16292408100993;4330.625
7.16584058104292;13897.9475402832
7.1687570810759;10569.8012084961
7.17167358110889;12718.6208877563
7.17459008114187;10779.5835113525
7.17750658117486;12342.7231445313
7.18042308120784;7277.49980926514
7.18333958124082;10295.998714447
7.18625608127381;9404.37480163574
7.18917258130679;7751.32388305664
7.19208908133978;4868.75024414063
7.19500558137276;14196.2499694824
7.19792208140575;14520.9427490234
7.20083858143873;11753.3332519531
7.20375508147172;18249.6387367249
7.2066715815047;8003.66680908203
7.20958808153769;6337.91668701172
7.21250458157067;8290.75565719604
7.21542108160365;6183.55032730103
7.21833758163664;4722.06500244141
7.22125408166962;11785.6354026794
7.22417058170261;6893.13357543945
7.22708708173559;2237.91670227051
7.23000358176858;9857.63725280762
7.23292008180156;9218.91944122314
7.23583658183455;10029.1967773438
7.23875308186753;9267.70837402344
7.24166958190051;9132.32418823242
7.2445860819335;4211.93922424316
7.24750258196648;13786.5980911255
7.25041908199947;9031.41162109375
7.25333558203245;5045.42679595947
7.25625208206544;8699.57060241699
7.25916858209842;14762.7671356201
7.26208508213141;10033.3342590332
7.26500158216439;7542.29165649414
7.26791808219738;5427.70580291748
7.27083458223036;7166.45834350586
7.27375108226334;10192.8232116699
7.27666758229633;13162.7082824707
7.27958408232931;10762.500377655
7.2825005823623;9284.79426574707
7.28541708239528;10378.1248931885
7.28833358242827;11307.5459976196
7.29125008246125;9071.25020599365
7.29416658249424;10822.2885437012
7.29708308252722;4996.875
7.2999995825602;14298.4613342285
7.30291608259319;7217.70832443237
7.30583258262617;12146.2567443848
7.30874908265916;14828.3409881592
7.31166558269214;3237.29161071777
7.31458208272513;8131.49523925781
7.31749858275811;8087.08152008057
7.3204150827911;8293.95837402344
7.32333158282408;6722.29151916504
7.32624808285706;6021.87490844727
7.32916458289005;9154.56421661377
7.33208108292303;10289.5933456421
7.33499758295602;19153.9358062744
7.337914082989;13999.7916564941
7.34083058302199;7078.57597732544
7.34374708305497;4996.87487792969
7.34666358308796;12533.4030456543
7.34958008312094;15272.514465332
7.35249658315393;11240.8333435059
7.35541308318691;9770.32084655762
7.35832958321989;13068.7500305176
7.36124608325288;8883.74530029297
7.36416258328586;9148.12511444092
7.36707908331885;7813.55551147461
7.36999558335183;11941.2556190491
7.37291208338482;9652.08547019959
7.3758285834178;13649.5832138062
7.37874508345079;16288.9583854675
7.38166158348377;7436.39982223511
7.38457808351675;16476.8760986328
7.38749458354974;16579.9995117188
7.39041108358272;15272.5000610352
7.39332758361571;8507.50534820557
7.39624408364869;10435.8522949219
7.39916058368168;10657.6600189209
7.40207708371466;2664.99996948242
7.40499358374765;12060.8332824707
7.40791008378063;3134.79168701172
7.41082658381362;9122.49999237061
7.4137430838466;9583.75012016296
7.41665958387958;7858.33322143555
7.41957608391257;12015.8886184692
7.42249258394555;11729.3270874023
7.42540908397854;8550.20834350586
7.42832558401152;14665.2478179932
7.43124208404451;6764.99993515015
7.43415858407749;9242.08457946777
7.43707508411048;13664.9137420654
7.43999158414346;15093.1253662109
7.44290808417645;14778.8340148926
7.44582458420943;12205.6030273438
7.44874108424241;5586.24994659424
7.4516575842754;11582.5009536743
7.45457408430838;15298.1250762939
7.45749058434137;14742.917678833
7.46040708437435;14176.7419052124
7.46332358440734;7320.3461151123
7.46624008444032;10779.3931732178
7.46915658447331;17485.2516326904
7.47207308450629;15683.178817749
7.47498958453927;12451.4415893555
7.47790608457226;3698.54779052734
7.48082258460524;6722.29412078857
7.48373908463823;14162.0833587646
7.48665558467121;16972.2917022705
7.4895720847042;13120.0002746582
7.49248858473718;13620.7020263672
7.49540508477017;12308.5511627197
7.49832158480315;8242.70846557617
7.50123808483614;6389.16664123535
7.50415458486912;5757.08442687988
7.5070710849021;13146.2698516846
7.50998758493509;11811.5584774017
7.51290408496807;6886.95407676697
7.51582058500106;12889.3748474121
7.51873708503404;14322.3411483765
7.52165358506703;9780.69705581665
7.52457008510001;11112.7083435059
7.527486585133;6141.45831298828
7.53040308516598;12701.4582595825
7.53331958519896;6194.33430480957
7.53623608523195;8379.37504577637
7.53915258526493;9771.67384338379
7.54206908529792;9925.41665649414
7.5449855853309;14303.0754165649
7.54790208536389;11257.9167022705
7.55081858539687;10284.1534118652
7.55373508542986;11548.3332824707
7.55665158546284;10134.2808456421
7.55956808549583;10916.3327541351
7.56248458552881;6619.79248046875
7.56540108556179;5595.86861419678
7.56831758559478;14871.0416259766
7.57123408562776;10961.6517219543
7.57415058566075;7620.91835021973
7.57706708569373;7764.37548828125
7.57998358572672;12974.8631286621
7.5829000857597;12137.7082977295
7.58581658579269;4954.16673278809
7.58873308582567;10343.9583129883
7.59164958585865;11261.1253738403
7.59456608589164;14266.3865013123
7.59748258592462;11571.8257141113
7.60039908595761;15554.3749084473
7.60331558599059;12689.1251831055
7.60623208602358;15529.6542205811
7.60914858605656;9531.26184082031
7.61206508608955;10447.170583725
7.61498158612253;15223.7080535889
7.61789808615552;9318.9582901001
7.6208145861885;9985.20829772949
7.62373108622148;10711.2501354218
7.62664758625447;10542.5903015137
7.62956408628745;12873.6445922852
7.63248058632044;8251.25006866455
7.63539708635342;14152.9401168823
7.63831358638641;6090.20834350586
7.64123008641939;19984.484664917
7.64414658645238;6628.33334350586
7.64706308648536;9583.92190933228
7.64997958651835;9390.25994873047
7.65289608655133;6235.41999816895
7.65581258658431;7175.22063446045
7.6587290866173;12155.3343429565
7.66164558665028;8994.37487792969
7.66456208668327;11759.1547546387
7.66747858671625;11087.0833816528
7.67039508674924;10591.6666069031
7.67331158678222;15544.8372497559
7.6762280868152;7883.95832443237
7.67914458684819;10138.9611053467
7.68206108688117;13171.1733512878
7.68497758691416;5962.15316772461
7.68789408694714;9635.01110839844
7.69081058698013;9071.25605010986
7.69372708701311;9079.60822296143
7.6966435870461;15127.2917175293
7.69956008707908;8883.33335876465
7.70247658711207;11206.6683349609
7.70539308714505;9985.20832824707
7.70830958717803;11155.4165802002
7.71122608721102;9356.14471435547
7.714142587244;17911.875453949
7.71705908727699;12246.3150482178
7.71997558730997;9763.12493896484
7.72289208734296;13302.9131984711
7.72580858737594;13422.5431060791
7.72872508740893;16883.0614318848
7.73164158744191;8441.24809265137
7.7345580874749;8673.51400756836
7.73747458750788;4860.20836639404
7.74039108754086;8712.10740661621
7.74330758757385;11368.9582214355
7.74622408760683;10429.3748703003
7.74914058763982;15520.2083740234
7.7520570876728;5188.89932250977
7.75497358770579;17963.1253623962
7.75789008773877;6517.29168701172
7.76080658777176;9233.54241943359
7.76372308780474;10964.8079223633
7.76663958783772;10617.2960929871
7.76955608787071;9754.58931541443
7.77247258790369;12120.6258544922
7.77538908793668;4117.08331298828
7.77830558796966;23161.8156738281
7.78122208800265;12813.6654968262
7.78413858803563;11104.1666469574
7.78705508806862;23557.9751243591
7.7899715881016;11386.0422058105
7.79288808813459;13458.073299408
7.79580458816757;12803.9582366943
7.79872108820055;13564.1719360352
7.80163758823354;10625.9580307007
7.80455408826652;11749.7961196899
7.80747058829951;7619.16795349121
7.81038708833249;9617.91682434082
7.81330358836548;6952.91664123535
7.81622008839846;13518.6488685608
7.81913658843145;10401.6070098877
7.82205308846443;4612.50002098084
7.82496958849741;9643.54173278809
7.8278860885304;12311.3739395142
7.83080258856338;10681.6021118164
7.83371908859637;10587.7309875488
7.83663558862935;6337.91668701172
7.83955208866234;5876.66677856445
7.84246858869532;18199.4255981445
7.84538508872831;15853.333152771
7.84830158876129;4492.9167175293
7.85121808879428;11463.5691070557
7.85413458882726;3839.07510375977
7.85705108886024;6337.91690826416
7.85996758889323;8157.29309082031
7.86288408892621;9671.53780555725
7.8658005889592;12009.4287719727
7.86871708899218;9884.65809631348
7.87163358902517;10111.4709014893
7.87455008905815;12817.0890655518
7.87746658909114;6524.16399765015
7.88038308912412;10292.8299560547
7.8832995891571;11283.5416984558
7.88621608919009;17276.7555999756
7.88913258922307;4407.50003051758
7.89204908925606;12308.5450286865
7.89496558928904;9186.75496673584
7.89788208932203;5714.37521362305
7.90079858935501;10733.9477233887
7.903715089388;7410.05255126953
7.90663158942098;6973.0591583252
7.90954808945397;7830.64799499512
7.91246458948695;13734.9385528564
7.91538108951993;7909.58333969116
7.91829758955292;12411.0416259766
7.9212140895859;7687.50030517578
7.92413058961889;14955.1723251343
7.92704708965187;11691.7726821899
7.92996358968486;5201.87494468689
7.93288008971784;5666.88178634644
7.93579658975083;10058.0077667236
7.93871308978381;13965.6249237061
7.94162958981679;8196.22031402588
7.94454608984978;5885.20831871033
7.94746258988276;9768.06381988525
7.95037908991575;11015.0490646362
7.95329558994873;6440.41659545898
7.95621208998172;6662.50340270996
7.9591285900147;6589.02355194092
7.96204509004769;11437.7056884766
7.96496159008067;16429.1178588867
7.96787809011366;12908.8408889771
7.97079459014664;19284.3051376343
7.97371109017962;10112.924041748
7.97662759021261;17794.9639053345
7.97954409024559;9344.84705162048
7.98246059027858;9669.16665649414
7.98537709031156;7594.16300964355
7.98829359034455;6715.69216918945
7.99121009037753;6312.29565429688
7.99412659041052;12436.6666793823
7.9970430904435;6655.00971984863
7.99995959047649;13715.5068778992
8.00287609050947;9916.87508392334
8.00579259054245;8020.62533569336
8.00870909057544;6874.16630554199
8.01162559060842;6526.68179702759
8.01454209064141;14557.4066085815
8.01745859067439;11032.1993865967
8.02037509070738;14278.4545135498
8.02329159074036;14402.6299037933
8.02620809077334;11821.6665649414
8.02912459080633;10907.708272934
8.03204109083931;12334.6661758423
8.0349575908723;7858.3334197998
8.03787409090528;6801.70199584961
8.04079059093827;16710.6377563477
8.04370709097125;8094.90068054199
8.04662359100424;3365.41656494141
8.04954009103722;9796.27488708496
8.05245659107021;13633.8443145752
8.05537309110319;8991.73115921021
8.05828959113617;10959.4458141327
8.06120609116916;7098.12138938904
8.06412259120214;8407.16799354553
8.06703909123513;10113.3332519531
8.06995559126811;9226.75746154785
8.0728720913011;3988.95825195313
8.07578859133408;6397.70826721191
8.07870509136707;10241.4585571289
8.08162159140005;10480.624961853
8.08453809143304;19145.7670936584
8.08745459146602;17049.1663970947
8.09037109149901;10686.3664093018
8.09328759153199;7977.17115783691
8.09620409156497;4806.46018981934
8.09912059159796;12214.5833129883
8.10203709163094;9436.35287475586
8.10495359166393;20448.6299972534
8.10787009169691;14657.5003662109
8.1107865917299;7875.41667175293
8.11370309176288;15964.3801574707
8.11661959179586;9626.45824241638
8.11953609182885;4481.62162780762
8.12245259186183;7738.7498626709
8.12536909189482;7388.54182052612
8.1282855919278;10702.7082214355
8.13120209196079;14170.6251144409
8.13411859199377;14623.3332424164
8.13703509202676;5603.33342552185
8.13995159205974;11565.5514984131
8.14286809209272;10515.1212310791
8.14578459212571;15005.3576335907
8.14870109215869;6645.4175567627
8.15161759219168;3314.16665649414
8.15453409222466;12145.2531890869
8.15745059225765;9285.92523193359
8.16036709229063;4420.23742675781
8.16328359232362;11869.7735595703
8.1662000923566;7422.70832824707
8.16911659238959;10432.1666641235
8.17203309242257;7486.95031738281
8.17494959245555;10517.1113891602
8.17786609248854;5313.44964599609
8.18078259252152;11687.2269897461
8.18369909255451;7747.28979492188
8.18661559258749;11268.4309082031
8.18953209262048;10702.7084503174
8.19244859265346;15562.9830322266
8.19536509268645;8874.78483009338
8.19828159271943;9242.08389282227
8.20119809275242;4245.20832061768
8.2041145927854;7149.4407043457
8.20703109281838;6713.75532531738
8.20994759285137;10010.8333129883
8.21286409288435;18657.7796936035
8.21578059291734;8473.33316040039
8.21869709295032;8122.81478881836
8.22161359298331;10591.666809082
8.22453009301629;12821.0416316986
8.22744659304928;7055.41658782959
8.23036309308226;5423.95832824707
8.23327959311525;8724.59756469727
8.23619609314823;8516.04165649414
8.23911259318121;17839.2291870117
8.2420290932142;6995.680519104
8.24494559324718;19874.1915512085
8.24786209328017;14392.7084350586
8.25077859331315;11676.4619674683
8.25369509334614;2553.95828819275
8.25661159337912;8723.59541320801
8.25952809341211;16250.5897598267
8.26244459344509;7678.95819091797
8.26536109347807;11329.2289581299
8.26827759351106;10344.2252960205
8.27119409354404;6628.33332061768
8.27411059357703;8968.75024414063
8.27702709361001;13692.2916183472
8.279943593643;2648.19555854797
8.28286009367598;8080.41687011719
8.28577659370896;6320.7434387207
8.28869309374195;8763.75012207031
8.29160959377493;14401.3053283691
8.29452609380792;8242.71241760254
8.2974425938409;15807.3418502808
8.30035909387389;9122.58041381836
8.30327559390687;12274.3758850098
8.30619209393986;15998.5417327881
8.30910859397284;12215.717338562
8.31202509400583;12269.6905975342
8.31494159403881;10830.8334350586
8.3178580940718;8789.91131591797
8.32077459410478;15528.7499446869
8.32369109413776;4800.41812133789
8.32660759417075;6541.71278381348
8.32952409420373;6431.87496948242
8.33244059423672;8548.47436523438
8.3353570942697;6573.64309692383
8.33827359430269;8481.87512969971
8.34119009433567;14500.2053985596
8.34410659436866;13239.5851287842
8.34702309440164;10482.4899864197
8.34993959443463;10949.2341537476
8.35285609446761;8603.8648223877
8.35577259450059;6551.46492004395
8.35868909453358;10546.4485321045
8.36160559456656;10865.0000209808
8.36452209459955;5150.62496948242
8.36743859463253;8106.47101211548
8.37035509466552;9405.71731567383
8.3732715946985;9190.83340454102
8.37618809473149;15804.9596405029
8.37910459476447;7826.39935302734
8.38202109479745;12795.4169464111
8.38493759483044;10679.5441703796
8.38785409486342;9700.96539306641
8.39077059489641;9028.54164123535
8.39368709492939;6851.38623046875
8.39660359496238;11215.2814788818
8.39952009499536;5670.33731079102
8.40243659502835;11008.606716156
8.40535309506133;12795.4166564941
8.40826959509431;6167.17166137695
8.4111860951273;13417.2269897461
8.41410259516028;10600.208770752
8.41701909519327;10258.5416717529
8.41993559522625;11484.1006011963
8.42285209525924;5994.85583496094
8.42576859529222;9566.66706848145
8.42868509532521;6004.79164123535
8.43160159535819;8217.08335876465
8.43451809539117;5628.9583568573
8.43743459542416;11309.1666259766
8.44035109545714;9694.79260253906
8.44326759549013;11377.5001735687
8.44618409552311;4416.0422668457
8.4491005955561;7072.50010681152
8.45201709558908;12291.4583740234
8.45493359562207;8089.35136413574
8.45785009565505;11736.6911773682
8.46076659568804;10754.699508667
8.46368309572102;9190.83329772949
8.466599595754;11719.166595459
8.46951609578699;4612.99011230469
8.47243259581997;8343.87105560303
8.47534909585296;10207.2917251587
8.47826559588594;5423.95919799805
8.48118209591893;8584.37506103516
8.48409859595191;5946.56076049805
8.4870150959849;13529.9999923706
8.48993159601788;7811.71017456055
8.49284809605087;8558.74979400635
8.49576459608385;6357.04986572266
8.49868109611683;3672.9167175293
8.50159759614982;7790.00010681152
8.5045140961828;7636.25001525879
8.50743059621579;8789.375
8.51034709624877;14384.1651153564
8.51326359628176;13926.4936294556
8.51618009631474;2869.9999961853
8.51909659634773;23267.5000991821
8.52201309638071;8695.4750289917
8.5249295964137;10788.1250896454
8.52784609644668;10531.9886474609
8.53076259647966;6175.62504577637
8.53367909651265;4134.16668701172
8.53659559654563;9566.66660690308
8.53951209657862;14600.8350219727
8.5424285966116;17197.0139389038
8.54534509664459;8268.33332443237
8.54826159667757;15945.8402328491
8.55117809671056;12163.333404541
8.55409459674354;12036.1690578461
8.55701109677652;4629.5832824707
8.55992759680951;9549.58966064453
8.56284409684249;5022.5
8.56576059687548;5962.08760070801
8.56867709690846;13213.963180542
8.57159359694145;8551.03349304199
8.57451009697443;10739.7787132263
8.57742659700742;7960.83332824707
8.5803430970404;12518.3675537109
8.58325959707338;15963.1282691956
8.58617609710637;4159.7917137146
8.58909259713935;4080.02523040771
8.59200909717234;11804.5904846191
8.59492559720532;8918.51500701904
8.59784209723831;7789.99989128113
8.60075859727129;7431.24993896484
8.60367509730428;13035.7899780273
8.60659159733726;5569.41435241699
8.60950809737025;9600.83317184448
8.61242459740323;4518.54156494141
8.61534109743621;9212.49182128906
8.6182575974692;9592.350440979
8.62117409750218;16417.1406822205
8.62409059753517;12018.4444580078
8.62700709756815;18722.9346733093
8.62992359760114;5432.50003051758
8.63284009763412;8766.51889038086
8.63575659766711;10292.7085266113
8.63867309770009;3570.41662788391
8.64158959773308;9861.76338195801
8.64450609776606;8772.29251098633
8.64742259779904;11130.0174560547
8.65033909783203;13647.3512268066
8.65325559786501;5688.74999046326
8.656172097898;9429.99997329712
8.65908859793098;9614.55726623535
8.66200509796397;8379.72344017029
8.66492159799695;4416.04168701172
8.66783809802994;7362.0818939209
8.67075459806292;6021.68584442139
8.6736710980959;7043.02354431152
8.67658759812889;9953.29600143433
8.67950409816187;5782.70835494995
8.68242059819486;13395.169418335
8.68533709822784;8456.2513885498
8.68825359826083;6312.29170799255
8.69117009829381;11668.1167297363
8.6940865983268;8234.17011260986
8.69700309835978;8585.49876403809
8.69991959839276;20553.9704589844
8.70283609842575;16989.3972682953
8.70575259845873;5347.08333587646
8.70866909849172;9738.95691490173
8.7115855985247;6978.54174804688
8.71450209855769;11579.8419570923
8.71741859859067;17202.7378540039
8.72033509862366;10748.2400665283
8.72325159865664;3852.29162979126
8.72616809868962;14213.3869018555
8.72908459872261;7627.70835876465
8.73200109875559;14350.000082016
8.73491759878858;10156.0414886475
8.73783409882156;11299.8414916992
8.74075059885455;10753.0568389893
8.74366709888753;15887.4998168945
8.74658359892052;12425.3053245544
8.7495000989535;10796.6665878296
8.75241659898649;9284.79189682007
8.75533309901947;5116.45839691162
8.75824959905245;12897.9165725708
8.76116609908544;9534.0201625824
8.76408259911842;8900.41668701172
8.76699909915141;10378.1249847412
8.76991559918439;13571.1054191589
8.77283209921738;3524.99451446533
8.77574859925036;7508.125
8.77866509928335;5082.64404296875
8.78158159931633;10215.834274292
8.78449809934932;13460.172996521
8.7874145993823;4791.87502098084
8.79033109941529;7986.45890808105
8.79324759944827;3168.95837402344
8.79616409948125;6365.65610313416
8.79908059951424;6081.66667938232
8.80199709954722;13138.3438720703
8.80491359958021;2118.3332824707
8.80783009961319;11206.9312133789
8.81074659964618;10855.9876327515
8.81366309967916;8481.87506103516
8.81657959971215;9771.66664886475
8.81949609974513;13111.4583435059
8.82241259977811;9020.0000667572
8.8253290998111;5426.98009490967
8.82824559984408;10156.1581115723
8.83116209987707;11864.3748855591
8.83407859991005;12582.4835739136
8.83699509994304;8174.3749961853
8.83991159997602;8285.41670227051
8.842828100009;6372.14430236816
8.84574460004199;6363.54162597656
8.84866110007497;6850.41667175293
8.85157760010796;9884.35963439941
8.85449410014094;11744.7921638489
8.85741060017393;11362.9781494141
8.86032710020691;15195.6390380859
8.8632436002399;11880.7085342407
8.86616010027288;10463.5418624878
8.86907660030587;5560.62501525879
8.87199310033885;12342.7083435059
8.87490960037183;10010.8341064453
8.87782610040482;8774.11479949951
8.8807426004378;7678.96137237549
8.88365910047079;18064.4443359375
8.88657560050377;8703.9584197998
8.88949210053676;11138.3461151123
8.89240860056974;9691.21452331543
8.89532510060273;10255.3464202881
8.89824160063571;2186.66667938232
8.9011581006687;10156.0416030884
8.90407460070168;10826.0260009766
8.90699110073466;11248.0155944824
8.90990760076765;9780.20843505859
8.91282410080063;7496.52714920044
8.91574060083362;14207.0616149902
8.9186571008666;13034.5832824707
8.92157360089959;28675.1452255249
8.92449010093257;10697.6584625244
8.92740660096556;6192.70838546753
8.93032310099854;8917.5
8.93323960103153;10526.8664550781
8.93615610106451;10096.2498474121
8.93907260109749;10796.6678066254
8.94198910113048;6004.79154968262
8.94490560116346;10420.8333244324
8.94782210119645;13470.2082901001
8.95073860122943;9105.41668701172
8.95365510126242;16491.6484889984
8.9565716012954;6337.91667175293
8.95948810132839;8242.70844841003
8.96240460136137;4621.04173278809
8.96532110139435;13358.5754394531
8.96823760142734;9011.31428146362
8.97115410146032;13418.9644145966
8.97407060149331;14471.2386817932
8.97698710152629;7619.16667938232
8.97990360155928;5441.04173278809
8.98282010159226;8618.54166412354
8.98573660162525;4398.95838928223
8.98865310165823;8003.54163360596
8.99156960169121;4390.41669082642
8.9944861017242;11283.5418395996
8.99740260175718;10805.208366394
9.00031910179017;11720.0538158417
9.00323560182315;6756.45837402344
9.00615210185614;12328.0243835449
9.00906860188912;14623.408164978
9.01198510192211;12076.0711517334
9.01490160195509;5628.95831298828
9.01781810198808;11804.5833740234
9.02073460202106;5809.01909637451
9.02365110205404;10514.792049408
9.02656760208703;9549.5832195282
9.02948410212001;6210.45153808594
9.032400602153;6389.16668701172
9.03531710218598;10472.0833091736
9.03823360221897;6443.877866745
9.04115010225195;8744.15529632568
9.04406660228494;14760.0000610352
9.04698310231792;7091.34747314453
9.04989960235091;7081.0417175293
9.05281610238389;7144.02697753906
9.05573260241687;17928.9640407562
9.05864910244986;12411.0416641235
9.06156560248284;8379.3748626709
9.06448210251583;12968.2657318115
9.06739860254881;6491.74738693237
9.0703151025818;12500.197845459
9.07323160261478;13202.2146759033
9.07614810264777;16130.5945510864
9.07906460268075;16835.6247367859
9.08198110271374;15580.6188354492
9.08489760274672;12043.8739929199
9.0878141027797;14785.6324768066
9.09073060281269;11619.5709896088
9.09364710284567;28460.8398132324
9.09656360287866;13345.1392211914
9.09948010291164;11660.136138916
9.10239660294463;12749.4290847778
9.10531310297761;10355.9454498291
9.10822960301059;9788.74999237061
9.11114610304358;9404.43490600586
9.11406260307656;10685.6249752045
9.11697910310955;7474.01805114746
9.11989560314253;5740
9.12281210317552;8891.11228942871
9.1257286032085;14776.5993881226
9.12864510324149;17348.1264343262
9.13156160327447;10608.7653808594
9.13447810330745;10644.0813903809
9.13739460334044;8473.33335113525
9.14031110337342;8627.08383178711
9.14322760340641;5236.04173278809
9.14614410343939;12284.9891166687
9.14906060347238;13243.3079376221
9.15197710350536;5902.2917175293
9.15489360353835;9541.20495605469
9.15781010357133;4663.75006866455
9.16072660360432;16723.7656021118
9.1636431036373;7004.16773986816
9.16655960367028;5680.20827484131
9.16947610370327;3536.25001525879
9.17239260373625;18390.4092483521
9.17530910376924;7188.35522460938
9.17822560380222;7075.42205810547
9.18114210383521;7790.00024414063
9.18405860386819;13811.8757324219
9.18697510390118;11623.6781005859
9.18989160393416;5253.12498474121
9.19280810396715;11736.2498779297
9.19572460400013;6773.54161071777
9.19864110403311;10258.5415496826
9.2015576040661;8182.91660308838
9.20447410409908;13529.0710983276
9.20739060413207;10600.2083129883
9.21030710416505;18111.6997070313
9.21322360419804;11343.3337554932
9.21614010423102;14401.2499847412
9.21905660426401;9662.70745849609
9.22197310429699;5466.66665649414
9.22488960432998;9737.50028991699
9.22780610436296;11652.5882415771
9.23072260439594;11966.8749237061
9.23363910442893;6126.1011505127
9.23655560446191;10964.8258247375
9.2394721044949;7883.95831108093
9.24238860452788;8644.16659545898
9.24530510456087;13473.8712081909
9.24822160459385;6337.91678619385
9.25113810462684;12853.7178344727
9.25405460465982;9045.62503051758
9.2569711046928;9865.64651489258
9.25988760472579;12256.8043670654
9.26280410475877;11486.1436462402
9.26572060479176;5261.66665649414
9.26863710482474;12522.0938644409
9.27155360485773;6004.79170227051
9.27447010489071;7149.37500762939
9.2773866049237;10073.6289520264
9.28030310495668;11533.2822227478
9.28321960498966;8960.2084274292
9.28613610502265;19025.2742023468
9.28905260505563;6688.25241088867
9.29196910508862;12984.2894554138
9.2948856051216;18551.0360412598
9.29780210515459;15220.4245376587
9.30071860518757;7980.46000671387
9.30363510522056;3203.12503051758
9.30655160525354;16073.2611694336
9.30946810528653;17339.5925216675
9.31238460531951;14551.3039855957
9.31530110535249;10113.3334121704
9.31821760538548;5253.12501525879
9.32113410541846;7473.95840454102
9.32405060545145;11355.1531448364
9.32696710548443;10624.7279205322
9.32988360551742;2109.79168701172
9.3328001055504;6423.33324050903
9.33571660558339;10199.297958374
9.33863310561637;11132.3077697754
9.34154960564936;6705.20862579346
9.34446610568234;13892.203163147
9.34738260571532;5167.70829391479
9.35029910574831;11865.8255615234
9.35321560578129;12943.1337432861
9.35613210581428;8533.27409362793
9.35904860584726;16788.9854545593
9.36196510588025;15340.8332519531
9.36488160591323;10472.0923461914
9.36779810594622;13826.0820426941
9.3707146059792;5107.91676330566
9.37363110601219;14768.5415000916
9.37654760604517;14729.0648803711
9.37946410607815;13811.8751602173
9.38238060611114;13628.9415283203
9.38529710614412;12659.9865570068
9.38821360617711;16485.4167098999
9.39113010621009;6662.50006103516
9.39404660624308;12830.6592788696
9.39696310627606;8772.29165649414
9.39987960630904;4364.79161071777
9.40279610634203;9706.21639633179
9.40571260637501;11941.2500152588
9.408629106408;8285.41014671326
9.41154560644098;10882.0840148926
9.41446210647397;11972.4288482666
9.41737860650695;15101.6666870117
9.42029510653994;15480.6970596313
9.42321160657292;6833.33332443237
9.4261281066059;6141.45831298828
9.42904460663889;6201.25009155273
9.43196110667187;7926.66663360596
9.43487760670486;12009.5832443237
9.43779410673784;8003.54280853271
9.44071060677083;6397.70826721191
9.44362710680381;6184.16659545898
9.4465436068368;11172.5001831055
9.44946010686978;11377.4866638184
9.45237660690277;18464.6954345703
9.45529310693575;10114.6552200317
9.45820960696873;3339.79165649414
9.46112610700172;9694.79164123535
9.4640426070347;12223.1249313354
9.46695910706769;11554.6455574036
9.46987560710067;16469.6568374634
9.47279210713366;13831.4380607605
9.47570860716664;13301.9024658203
9.47862510719963;3476.45837402344
9.48154160723261;8387.92049217224
9.4844581072656;7337.29167938232
9.48737460729858;4818.76565551758
9.49029110733157;14635.6037063599
9.49320760736455;11047.7307891846
9.49612410739753;11121.2666320801
9.49904060743052;17649.4723320007
9.5019571074635;15227.4309501648
9.50487360749649;10943.8026123047
9.50779010752947;9267.70822143555
9.51070660756246;8165.83413696289
9.51362310759544;10771.0416412354
9.51653960762843;10036.458404541
9.51945610766141;14802.7083892822
9.52237260769439;23757.6487121582
9.52528910772738;12581.8749694824
9.52820560776036;15667.5613708496
9.53112210779335;9925.41664886475
9.53403860782633;13859.4672546387
9.53695510785932;13393.5352401733
9.5398716078923;12493.3150405884
9.54278810792529;4800.41659545898
9.54570460795827;12171.875120163
9.54862110799125;14316.1407279968
9.55153760802424;11420.2082176208
9.55445410805722;12761.7909622192
9.55737060809021;14420.6913604736
9.56028710812319;12944.4461898804
9.56320360815618;13602.1160411835
9.56612010818916;6639.09254837036
9.56903660822215;6167.0832824707
9.57195310825513;10036.458366394
9.57486960828811;3848.28937530518
9.5777861083211;9148.12503051758
9.58070260835408;14550.0020370483
9.58361910838707;11166.6742858887
9.58653560842005;9950.2246837616
9.58945210845304;8883.9640007019
9.59236860848602;6655.04086303711
9.59528510851901;3527.70829772949
9.59820160855199;10969.2428283691
9.60111810858498;14666.0417022705
9.60403460861796;11428.7499313354
9.60695110865094;1434.99998474121
9.60986760868393;9421.45836639404
9.61278410871691;13175.3158721924
9.6157006087499;11292.0842132568
9.61861710878288;8341.60633087158
9.62153360881587;10557.5000152588
9.62445010884885;10455.0548248291
9.62736660888184;19227.2918319702
9.63028310891482;18546.0693855286
9.63319960894781;5936.45838546753
9.63611610898079;8439.16897583008
9.63903260901377;7841.24993896484
9.64194910904676;7120.03772544861
9.64486560907974;10198.7501373291
9.64778210911273;9455.6364440918
9.65069860914571;6431.67594909668
9.6536151091787;6286.66664886475
9.65653160921168;12436.6671447754
9.65944810924467;19376.8356437683
9.66236460927765;7713.12502288818
9.66528110931063;12710.7042541504
9.66819760934362;5876.66667938232
9.6711141093766;13436.041809082
9.67403060940959;8994.3751373291
9.67694710944257;9917.15650177002
9.67986360947556;11061.4583969116
9.68278010950854;15969.1559753418
9.68569660954153;7209.16675758362
9.68861310957451;10412.2915115356
9.69152960960749;2536.87505340576
9.69444610964048;13934.8848190308
9.69736260967346;13016.6375274658
9.70027910970645;9062.70842552185
9.70319560973943;7209.16662597656
9.70611210977242;5885.20831680298
9.7090286098054;7764.37606811523
9.71194510983839;6747.91677856445
9.71486160987137;9065.29916381836
9.71777810990436;4193.95831298828
9.72069460993734;18271.90625
9.72361110997032;9054.16673851013
9.72652761000331;8303.65126037598
9.72944411003629;10856.4584770203
9.73236061006928;19480.4226608276
9.73527711010226;12060.8331756592
9.73819361013525;11625.2081756592
9.74111011016823;12682.9981460571
9.74402661020122;11428.7501068115
9.7469431102342;13686.388425827
9.74985961026719;9079.79229736328
9.75277611030017;10596.4325866699
9.75569261033315;15290.9444885254
9.75860911036614;9544.10513687134
9.76152561039912;17843.5415611267
9.76444211043211;13903.7331008911
9.76735861046509;8074.41986083984
9.77027511049808;19645.8335571289
9.77319161053106;11248.7942810059
9.77610811056405;11548.3342590332
9.77902461059703;8682.4703502655
9.78194111063002;9336.04170227051
9.784857610663;14020.143787384
9.78777411069598;11958.199306488
9.79069061072897;7884.59786987305
9.79360711076195;5646.0417175293
9.79652361079494;19850.6105499268
9.79944011082792;8345.2082824707
9.80235661086091;9190.83341598511
9.80527311089389;8781.96823120117
9.80818961092688;8977.29174804688
9.81110611095986;8113.94863510132
9.81402261099284;13487.2915248871
9.81693911102583;5500.83345031738
9.81985561105881;16872.3033485413
9.8227721110918;5415.41915893555
9.82568861112478;5644.90809631348
9.82860511115777;8037.70832824707
9.83152161119075;15896.0415916443
9.83443811122373;10890.625043869
9.83735461125672;13120.590965271
9.8402711112897;9583.74401855469
9.84318761132269;12043.7522010803
9.84610411135567;7953.7864074707
9.84902061138866;8601.45848846436
9.85193711142164;10258.5416164398
9.85485361145463;7416.47522354126
9.85777011148761;11593.9711608887
9.8606866115206;14520.9036331177
9.86360311155358;6201.24996185303
9.86651961158656;3707.08338546753
9.86943611161955;10138.9582824707
9.87235261165253;6355
9.87526911168552;10164.583190918
9.8781856117185;9045.62505340576
9.88110211175149;6765.00006103516
9.88401861178447;9207.54531860352
9.88693511181746;10883.5809898376
9.88985161185044;14589.1666412354
9.89276811188343;6542.91661453247
9.89568461191641;7209.86447906494
9.89860111194939;2767.49999809265
9.90151761198238;11821.3261489868
9.90443411201536;10531.875
9.90735061204835;16553.7500915527
9.91026711208133;8069.00680541992
9.91318361211432;10011.6962432861
9.9161001121473;8220.56741333008
9.91901661218029;8131.67926025391
9.92193311221327;5842.50007629395
9.92484961224626;10087.7085571289
9.92776611227924;11635.2909698486
9.93068261231222;9318.9582824707
9.93359911234521;7525.2084197998
9.93651561237819;8464.79164123535
9.93943211241118;9208.64137268066
9.94234861244416;14564.4832267761
9.94526511247715;6816.26421356201
9.94818161251013;6440.41984939575
9.95109811254312;5714.37506103516
9.9540146125761;11462.9500579834
9.95693111260908;11531.2499771118
9.95984761264207;14617.0444755554
9.96276411267505;14033.9583816528
9.96568061270804;11312.2352828979
9.96859711274102;9782.98529815674
9.97151361277401;13992.0413589478
9.97443011280699;10044.9999923706
9.97734661283998;7592.68063354492
9.98026311287296;12513.4543361664
9.98317961290594;6560.00005149841
9.98609611293893;12120.6253356934
9.98901261297191;12970.8267173767
9.9919291130049;9287.24031066895
9.99484561303788;12701.4581871033
9.99776211307087;10031.782989502
10.0006786131039;10004.6154975891
10.0035951131368;8618.54153060913
10.0065116131698;8285.41658592224
10.0094281132028;9643.54167938232
10.0123446132358;6693.85397338867
10.0152611132688;7602.08326721191
10.0181776133018;8789.375
10.0210941133347;10873.541683197
10.0240106133677;3117.70833206177
10.0269271134007;12735.6331176758
10.0298436134337;4544.17916870117
10.0327601134667;17553.1921691895
10.0356766134997;9831.58330535889
10.0385931135327;11454.5382385254
10.0415096135656;10176.2803249359
10.0444261135986;4142.70832061768
10.0473426136316;13743.5414199829
10.0502591136646;12817.6351890564
10.0531756136976;10771.0417327881
10.0560921137306;8174.37483978271
10.0590086137635;18019.569606781
10.0619251137965;8917.49736022949
10.0648416138295;7029.79172897339
10.0677581138625;8789.37846374512
10.0706746138955;8849.16665267944
10.0735911139285;10455.0094680786
10.0765076139614;7939.89797973633
10.0794241139944;9227.35649108887
10.0823406140274;8661.24989318848
10.0852571140604;5410.20919799805
10.0881736140934;15366.4583282471
10.0910901141264;7465.41661071777
10.0940066141594;7755.8334197998
10.0969231141923;11754.3725738525
10.0998396142253;11146.8750076294
10.1027561142583;6303.20004272461
10.1056726142913;13538.5416564941
10.1085891143243;12256.1995315552
10.1115056143573;8737.89047241211
10.1144221143902;11838.7499694824
10.1173386144232;10250.0528411865
10.1202551144562;9737.50831604004
10.1231716144892;9472.71539306641
10.1260881145222;16605.6967010498
10.1290046145552;7730.20836639404
10.1319211145882;14401.249830246
10.1348376146211;3997.50006103516
10.1377541146541;19227.8281097412
10.1406706146871;13794.7916870117
10.1435871147201;10143.6218528748
10.1465036147531;5388.47647094727
10.1494201147861;5257.23983764648
10.152336614819;9506.87504577637
10.155253114852;14332.2720375061
10.158169614885;11222.9652614594
10.161086114918;12371.0859375
10.164002614951;12571.8213882446
10.166919114984;10634.3767127991
10.169835615017;10890.6250305176
10.1727521150499;21395.0842132568
10.1756686150829;18314.2411155701
10.1785851151159;10805.2722396851
10.1815016151489;10419.9164581299
10.1844181151819;6773.54158782959
10.1873346152149;8148.75004196167
10.1902511152478;13098.9833679199
10.1931676152808;5782.70840454102
10.1960841153138;7157.91667175293
10.1990006153468;11593.4317321777
10.2019171153798;9708.12615966797
10.2048336154128;15076.1520385742
10.2077501154458;11079.1390228271
10.2106666154787;15776.5948486328
10.2135831155117;11770.4166870117
10.2164996155447;9242.08319091797
10.2194161155777;12018.1251831055
10.2223326156107;14068.1263580322
10.2252491156437;14334.7865409851
10.2281656156766;18919.7918395996
10.2310821157096;16197.9954833984
10.2339986157426;6034.94395065308
10.2369151157756;9226.18514633179
10.2398316158086;10182.4088745117
10.2427481158416;19235.8333129883
10.2456646158745;6799.53373718262
10.2485811159075;15625.4848632813
10.2514976159405;11663.8470306396
10.2544141159735;9165.20834350586
10.2573306160065;10596.0472068787
10.2602471160395;11903.028503418
10.2631636160725;6307.1475276947
10.2660801161054;8763.74998092651
10.2689966161384;13904.9944992065
10.2719131161714;9865.62498283386
10.2748296162044;11604.8473358154
10.2777461162374;12535.5291061401
10.2806626162704;13265.2083892822
10.2835791163033;13024.1727752686
10.2864956163363;8797.91668319702
10.2894121163693;10161.0241241455
10.2923286164023;6696.66659545898
10.2952451164353;9585.04068374634
10.2981616164683;8564.83763885498
10.3010781165013;15486.739528656
10.3039946165342;5150.62546539307
10.3069111165672;8029.16683959961
10.3098276166002;12667.3141746521
10.3127441166332;8390.02639389038
10.3156606166662;13189.2798614502
10.3185771166992;16721.3036804199
10.3214936167321;7901.04159927368
10.3244101167651;12556.6599578857
10.3273266167981;9096.87489891052
10.3302431168311;6978.73822784424
10.3331596168641;3698.54620742798
10.3360761168971;7516.66670227051
10.3389926169301;9079.79161071777
10.341909116963;13299.8092727661
10.344825616996;6303.75001144409
10.347742117029;13786.2498474121
10.350658617062;6488.86190795898
10.353575117095;10135.1079177856
10.356491617128;12610.0818939209
10.3594081171609;11360.4167480469
10.3623246171939;9156.6667098999
10.3652411172269;8661.39247894287
10.3681576172599;14268.7006530762
10.3710741172929;10232.9180526733
10.3739906173259;4945.62504577637
10.3769071173589;10378.124786377
10.3798236173918;11183.2726135254
10.3827401174248;4971.24998474121
10.3856566174578;5868.61141967773
10.3885731174908;8517.13343048096
10.3914896175238;17493.3334197998
10.3944061175568;14149.3713207245
10.3973226175897;5355.62501525879
10.4002391176227;14285.3427734375
10.4031556176557;10625.5672149658
10.4060721176887;8849.17196273804
10.4089886177217;8889.06444549561
10.4119051177547;7482.50008201599
10.4148216177877;13589.7914791107
10.4177381178206;10079.1666641235
10.4206546178536;11274.9999847412
10.4235711178866;12184.1757774353
10.4264876179196;13325.06316185
10.4294041179526;9839.99977111816
10.4323206179856;8746.66661071777
10.4352371180185;6746.35205078125
10.4381536180515;10523.3334693909
10.4410701180845;12035.2084579468
10.4439866181175;9609.37505722046
10.4469031181505;12334.166595459
10.4498196181835;7661.87551879883
10.4527361182164;3997.56158447266
10.4556526182494;9874.16689300537
10.4585691182824;15025.0574035645
10.4614856183154;10147.5000724792
10.4644021183484;14900.1330471039
10.4673186183814;3932.4450378418
10.4702351184144;11834.1623382568
10.4731516184473;11121.3729400635
10.4760681184803;17151.7199401855
10.4789846185133;12419.5838127136
10.4819011185463;6192.70840454102
10.4848176185793;9728.95823669434
10.4877341186123;13068.6809902191
10.4906506186452;11983.9583625793
10.4935671186782;6013.33323669434
10.4964836187112;15187.199005127
10.4994001187442;13193.4519348145
10.5023166187772;18210.8333435059
10.5052331188102;7781.82025909424
10.5081496188432;8106.04179382324
10.5110661188761;6560.00006103516
10.5139826189091;7566.87269592285
10.5168991189421;13686.8899993896
10.5198156189751;10711.2498474121
10.5227321190081;8644.1665725708
10.5256486190411;9194.54025268555
10.528565119074;19551.8802185059
10.531481619107;4023.81631469727
10.53439811914;6354.99996566772
10.537314619173;6858.95837402344
10.540231119206;3314.16669464111
10.543147619239;8490.41673278809
10.546064119272;8772.29165458679
10.5489806193049;10260.2526092529
10.5518971193379;12616.041595459
10.5548136193709;8866.24415588379
10.5577301194039;10164.5833969116
10.5606466194369;6841.87506103516
10.5635631194699;7516.73229980469
10.5664796195028;11198.1924591064
10.5693961195358;8883.33913803101
10.5723126195688;11272.130859375
10.5752291196018;13293.9441986084
10.5781456196348;12581.8738250732
10.5810621196678;4740.6218624115
10.5839786197008;8567.29229736328
10.5868951197337;6824.79229736328
10.5898116197667;5142.08327484131
10.5927281197997;12795.4167022705
10.5956446198327;8153.68960952759
10.5985611198657;9577.54917144775
10.6014776198987;10497.7081832886
10.6043941199316;8251.2498626709
10.6073106199646;9353.12505340576
10.6102271199976;8353.75012207031
10.6131436200306;7354.37496948242
10.6160601200636;13359.8805618286
10.6189766200966;7100.09259033203
10.6218931201296;12600.5070495605
10.6248096201625;7439.7917137146
10.6277261201955;9438.15356445313
10.6306426202285;14033.9644470215
10.6335591202615;12974.7916870117
10.6364756202945;8231.31817626953
10.6393921203275;8951.67039489746
10.6423086203604;13820.4208278656
10.6452251203934;5953.54159164429
10.6481416204264;7875.41668701172
10.6510581204594;10745.416557312
10.6539746204924;15701.5450134277
10.6568911205254;9472.7082824707
10.6598076205583;11744.0239982605
10.6627241205913;4441.66664123535
10.6656406206243;12214.5833129883
10.6685571206573;12688.6552429199
10.6714736206903;13185.2510757446
10.6743901207233;7559.52583312988
10.6773066207563;5782.70867919922
10.6802231207892;7989.18267059326
10.6831396208222;18340.3624687195
10.6860561208552;6451.02851867676
10.6889726208882;14341.5112838745
10.6918891209212;23567.616317749
10.6948056209542;15283.1856231689
10.6977221209871;11556.8748321533
10.7006386210201;15468.959854126
10.7035551210531;5116.45843696594
10.7064716210861;13290.83335495
10.7093881211191;8029.16662597656
10.7123046211521;13508.8808670044
10.7152211211851;9617.9167098999
10.718137621218;14051.215171814
10.721054121251;7303.12507247925
10.723970621284;15554.4295787811
10.726887121317;7277.49996948242
10.72980362135;8097.50001525879
10.732720121383;16588.0342407227
10.7356366214159;12317.1025085449
10.7385531214489;8524.58325195313
10.7414696214819;8279.45777893066
10.7443861215149;9803.08033752441
10.7473026215479;6844.04696655273
10.7502191215809;15545.7205657959
10.7531356216139;9890.96961021423
10.7560521216468;7125.66049194336
10.7589686216798;10249.9999237061
10.7618851217128;9293.33331298828
10.7648016217458;8928.76129150391
10.7677181217788;10876.8571166992
10.7706346218118;11975.4168701172
10.7735511218447;15947.2919540405
10.7764676218777;11087.0832977295
10.7793841219107;10106.0793228149
10.7823006219437;14107.2121734619
10.7852171219767;5159.16676330566
10.7881336220097;12853.5818405151
10.7910501220427;10839.3750305176
10.7939666220756;13871.666809082
10.7968831221086;12624.5834655762
10.7997996221416;12735.2155914307
10.8027161221746;7628.23391723633
10.8056326222076;7062.16098022461
10.8085491222406;11478.5208740234
10.8114656222735;10298.3615722656
10.8143821223065;10777.636138916
10.8172986223395;8455.60574150085
10.8202151223725;8393.03942871094
10.8231316224055;8293.95846176147
10.8260481224385;12096.4791145325
10.8289646224714;5765.62494087219
10.8318811225044;11343.3334960938
10.8347976225374;10927.5358695984
10.8377141225704;15016.2498779297
10.8406306226034;8908.95827293396
10.8435471226364;10530.3474731445
10.8464636226694;10700.8700485229
10.8493801227023;9004.13743591309
10.8522966227353;2938.33333587646
10.8552131227683;8370.8332824707
10.8581296228013;4868.74997711182
10.8610461228343;7585.05348587036
10.8639626228673;7610.62499237061
10.8668791229002;7431.2554473877
10.8697956229332;8422.08939361572
10.8727121229662;8772.29157066345
10.8756286229992;11355.7273254395
10.8785451230322;6057.58642959595
10.8814616230652;5372.70829391479
10.8843781230982;18583.2283325195
10.8872946231311;10941.5699310303
10.8902111231641;14889.4177093506
10.8931276231971;8917.49993896484
10.8960441232301;14444.0247192383
10.8989606232631;7546.32125854492
10.9018771232961;23249.078414917
10.904793623329;8280.58496665955
10.907710123362;6064.58340454102
10.910626623395;15746.9396820068
10.913543123428;16434.2204818726
10.916459623461;14034.1939811707
10.919376123494;10177.9099731445
10.922292623527;9489.39085388184
10.9252091235599;4595.4167175293
10.9281256235929;17074.2387771606
10.9310421236259;8997.62212944031
10.9339586236589;5676.00160980225
10.9368751236919;12550.796749115
10.9397916237249;9558.12507629395
10.9427081237578;7696.04159545898
10.9456246237908;8084.03602600098
10.9485411238238;10104.791809082
10.9514576238568;19051.5896911621
10.9543741238898;8003.54159545898
10.9572906239228;7038.33325958252
10.9602071239558;9046.79905128479
10.9631236239887;15892.3169403076
10.9660401240217;11394.5835876465
10.9689566240547;9609.37503814697
10.9718731240877;10027.9165916443
10.9747896241207;14020.1504211426
10.9777061241537;13769.5464172363
10.9806226241866;14491.5712432861
10.9835391242196;14302.3665084839
10.9864556242526;9840.00002288818
10.9893721242856;19529.9856719971
10.9922886243186;8994.37636184692
10.9952051243516;14514.6740341187
10.9981216243846;9933.96105957031
11.0010381244175;16055.651260376
11.0039546244505;17519.9412460327
11.0068711244835;4535.62506103516
11.0097876245165;12240.2083396912
11.0127041245495;8003.54153442383
11.0156206245825;4310.02139282227
11.0185371246154;20062.6583557129
11.0214536246484;12906.4583740234
11.0243701246814;15773.6100616455
11.0272866247144;15853.3480987549
11.0302031247474;11204.0703582764
11.0331196247804;15333.0299072266
11.0360361248134;7516.98167419434
11.0389526248463;8886.00213623047
11.0418691248793;13286.0382499695
11.0447856249123;10027.9166564941
11.0477021249453;7556.66506958008
11.0506186249783;8858.19802856445
11.0535351250113;8788.43948364258
11.0564516250442;11651.8917236328
11.0593681250772;8727.38940429688
11.0622846251102;13581.2501220703
11.0652011251432;11667.916595459
11.0681176251762;7883.95830154419
11.0710341252092;18347.5002040863
11.0739506252421;8066.25050735474
11.0768671252751;13102.0654182434
11.0797836253081;9643.54386901855
11.0827001253411;8429.73156547546
11.0856166253741;11024.6740379333
11.0885331254071;8832.53504943848
11.0914496254401;5680.20834350586
11.094366125473;8328.96649169922
11.097282625506;5483.75012207031
11.100199125539;6175.62507629395
11.103115625572;10625.8334655762
11.106032125605;10332.9609794617
11.108948625638;16004.955871582
11.1118651256709;10813.7632331848
11.1147816257039;18293.4675140381
11.1176981257369;4817.49997711182
11.1206146257699;3869.37496948242
11.1235311258029;13991.2499694824
11.1264476258359;8311.04489135742
11.1293641258689;8994.37501144409
11.1322806259018;6141.45837402344
11.1351971259348;9734.07011413574
11.1381136259678;14401.1862182617
11.1410301260008;15332.2925605774
11.1439466260338;11218.6978149414
11.1468631260668;13734.9997558594
11.1497796260997;12156.1435089111
11.1526961261327;5314.65197753906
11.1556126261657;15554.3752822876
11.1585291261987;23011.2524414063
11.1614456262317;4385.09246826172
11.1643621262647;14506.3817405701
11.1672786262977;11625.2083358765
11.1701951263306;6961.45835494995
11.1731116263636;14298.7500610352
11.1760281263966;13135.5864562988
11.1789446264296;14990.3134765625
11.1818611264626;5355.62507629395
11.1847776264956;8543.22143554688
11.1876941265285;8456.25053405762
11.1906106265615;14298.0760955811
11.1935271265945;12966.249961853
11.1964436266275;12291.604385376
11.1993601266605;12954.3179016113
11.2022766266935;9850.71355438232
11.2051931267265;10181.6666526794
11.2081096267594;6534.37548828125
11.2110261267924;7072.55316162109
11.2139426268254;9361.66662597656
11.2168591268584;14837.5670204163
11.2197756268914;10224.3749008179
11.2226921269244;5987.70839309692
11.2256086269573;11206.6666717529
11.2285251269903;6577.21362304688
11.2314416270233;15479.8315429688
11.2343581270563;5065.32502746582
11.2372746270893;10065.808807373
11.2401911271223;13863.1249694824
11.2431076271552;9378.74999237061
11.2460241271882;7294.58344650269
11.2489406272212;5150.62504196167
11.2518571272542;8700.29550170898
11.2547736272872;9766.31237030029
11.2576901273202;6722.29153442383
11.2606066273532;12619.8594360352
11.2635231273861;12698.2270202637
11.2664396274191;16613.9187927246
11.2693561274521;10147.1618804932
11.2722726274851;10079.1702842712
11.2751891275181;9378.75010681152
11.2781056275511;8481.87490844727
11.281022127584;15690.0225830078
11.283938627617;9259.16662597656
11.28685512765;17225.8654785156
11.289771627683;21040.9669494629
11.292688127716;10241.4585113525
11.295604627749;2596.66663742065
11.298521127782;9233.6088104248
11.3014376278149;8644.16929626465
11.3043541278479;11659.3749389648
11.3072706278809;7050.64820861816
11.3101871279139;16938.1253356934
11.3131036279469;9600.83332824707
11.3160201279799;11693.5416564941
11.3189366280128;12265.8334503174
11.3218531280458;14247.4999046326
11.3247696280788;22901.6715297699
11.3276861281118;19962.3825073242
11.3306026281448;27651.745464325
11.3335191281778;16785.755859375
11.3364356282108;25607.9169616699
11.3393521282437;22115.7943115234
11.3422686282767;12333.6031951904
11.3451851283097;20388.9583587646
11.3481016283427;6008.27783203125
11.3510181283757;27517.5655212402
11.3539346284087;15172.5054244995
11.3568511284416;12628.5125236511
11.3597676284746;18510.0647792816
11.3626841285076;11909.0257263184
11.3656006285406;16531.3890151978
11.3685171285736;17147.1295585632
11.3714336286066;20809.3144302368
11.3743501286396;16430.2732086182
11.3772666286725;13683.75025177
11.3801831287055;10658.6449890137
11.3830996287385;17044.6106033325
11.3860161287715;12766.4165802002
11.3889326288045;18322.0323028564
11.3918491288375;29542.124584198
11.3947656288704;20944.1753997803
11.3976821289034;15996.9194641113
11.4005986289364;12359.7914237976
11.4035151289694;3373.95888900757
11.4064316290024;12933.689414978
11.4093481290354;8117.24356079102
11.4122646290683;12254.0890808105
11.4151811291013;8208.54158782959
11.4180976291343;12547.7082519531
11.4210141291673;20963.6359405518
11.4239306292003;12507.3875808716
11.4268471292333;8225.62509155273
11.4297636292663;6534.37637329102
11.4326801292992;18603.7498626709
11.4355966293322;12435.7071151733
11.4385131293652;9669.16672897339
11.4414296293982;10198.7505493164
11.4443461294312;6141.45833587646
11.4472626294642;17776.3734054565
11.4501791294971;8855.59129333496
11.4530956295301;10045.0001068115
11.4560121295631;4774.7915802002
11.4589286295961;8012.08326721191
11.4618451296291;12137.286895752
11.4647616296621;13156.6654109955
11.4676781296951;17513.397687912
11.470594629728;9071.25037765503
11.473511129761;9318.95819091797
11.476427629794;11343.5478363037
11.479344129827;15409.1665039063
11.48226062986;8473.33332824707
11.485177129893;14896.6668395996
11.4880936299259;12795.6305007935
11.4910101299589;11915.62525177
11.4939266299919;12607.4999389648
11.4968431300249;8046.39347839355
11.4997596300579;9617.91653442383
11.5026761300909;6309.95465087891
11.5055926301239;19550.2327423096
11.5085091301568;16380.7444534302
11.5114256301898;12040.8838653564
11.5143421302228;13709.3752441406
11.5172586302558;11710.6250209808
11.5201751302888;12752.708366394
11.5230916303218;8866.25524902344
11.5260081303547;8229.13072967529
11.5289246303877;10805.340801239
11.5318411304207;6380.62493896484
11.5347576304537;8507.50798034668
11.5376741304867;10620.376449585
11.5405906305197;7977.9167098999
11.5435071305527;11285.5809020996
11.5464236305856;10856.4583892822
11.5493401306186;9577.27486419678
11.5522566306516;6355.00094604492
11.5551731306846;5133.54165649414
11.5580896307176;5807.06887817383
11.5610061307506;11658.4895553589
11.5639226307835;10540.416683197
11.5668391308165;7824.37023925781
11.5697556308495;11069.9999542236
11.5726721308825;6845.05353164673
11.5755886309155;10625.8332519531
11.5785051309485;10258.5417480469
11.5814216309815;5163.366065979
11.5843381310144;9412.91658782959
11.5872546310474;2912.70832824707
11.5901711310804;7592.37791442871
11.5930876311134;17986.5800285339
11.5960041311464;6124.37490081787
11.5989206311794;3886.45831298828
11.6018371312123;9301.87512207031
11.6047536312453;5987.76782226563
11.6076701312783;9464.16672515869
11.6105866313113;10102.1001739502
11.6135031313443;13102.9166183472
11.6164196313773;12624.5832138062
11.6193361314103;5116.45843505859
11.6222526314432;17202.2096099854
11.6251691314762;7388.54165649414
11.6280856315092;14953.0125350952
11.6310021315422;11138.3333797455
11.6339186315752;10899.1667633057
11.6368351316082;8481.25694274902
11.6397516316411;11488.5418701172
11.6426681316741;12343.075920105
11.6455846317071;19381.0416717529
11.6485011317401;8336.66673278809
11.6514176317731;4492.91689682007
11.6543341318061;16493.9583587646
11.657250631839;8080.48746109009
11.660167131872;6611.25
11.663083631905;9310.4246635437
11.666000131938;9635.00007247925
11.668916631971;6736.22651672363
11.671833132004;8345.2102355957
11.674749632037;6824.85845565796
11.6776661320699;11677.634979248
11.6805826321029;16522.4421653748
11.6834991321359;5893.74996185303
11.6864156321689;6995.62759017944
11.6893321322019;22062.2072143555
11.6922486322349;7563.57171630859
11.6951651322678;14247.5000610352
11.6980816323008;7704.58337402344
11.7009981323338;5552.77285766602
11.7039146323668;8089.48389434814
11.7068311323998;7258.52462768555
11.7097476324328;18575.2602844238
11.7126641324658;4697.91673278809
11.7155806324987;10497.0434875488
11.7184971325317;15657.6515731812
11.7214136325647;11215.2723846436
11.7243301325977;18099.7915802002
11.7272466326307;11563.5898895264
11.7301631326637;12489.8176879883
11.7330796326966;23241.8748474121
11.7359961327296;12836.149269104
11.7389126327626;14144.9999694824
11.7418291327956;14191.8162078857
11.7447456328286;16095.6534881592
11.7476621328616;11343.839263916
11.7505786328946;9284.79183197021
11.7534951329275;8209.8586730957
11.7564116329605;9507.49433898926
11.7593281329935;11514.1683425903
11.7622446330265;12666.1921539307
11.7651611330595;14252.2684631348
11.7680776330925;9079.79165649414
11.7709941331254;10916.2513999939
11.7739106331584;8900.41665649414
11.7768271331914;16664.7915802002
11.7797436332244;19346.8752441406
11.7826601332574;15486.0415802002
11.7855766332904;9489.79161071777
11.7884931333234;8980.26086425781
11.7914096333563;8917.18683242798
11.7943261333893;10301.2267303467
11.7972426334223;17264.8213920593
11.8001591334553;8003.54193878174
11.8030756334883;8242.71746063232
11.8059921335213;4928.54168701172
11.8089086335542;5201.875
11.8118251335872;10753.9582977295
11.8147416336202;8644.16667938232
11.8176581336532;3032.29167175293
11.8205746336862;8242.70823669434
11.8234911337192;12908.7482757568
11.8264076337521;6337.9165802002
11.8293241337851;6406.25
11.8322406338181;12855.211479187
11.8351571338511;9105.41668701172
11.8380736338841;5056.66661834717
11.8409901339171;9353.12521362305
11.8439066339501;12482.7635879517
11.846823133983;4441.66666412354
11.849739634016;11847.2915344238
11.852656134049;6303.74998474121
11.855572634082;2605.20978927612
11.858489134115;10234.4933013916
11.861405634148;5885.20840454102
11.8643221341809;10138.0279541016
11.8672386342139;12086.4582138062
11.8701551342469;8860.21565246582
11.8730716342799;8208.54167175293
11.8759881343129;6508.75003051758
11.8789046343459;8285.41665649414
11.8818211343789;11386.0467529297
11.8847376344118;5133.54161071777
11.8876541344448;14769.447845459
11.8905706344778;10164.5849304199
11.8934871345108;17154.6629867554
11.8964036345438;14199.036359787
11.8993201345768;14689.1270294189
11.9022366346097;4603.88568115234
11.9051531346427;20111.5811157227
11.9080696346757;12940.6249084473
11.9109861347087;4666.2986907959
11.9139026347417;4706.45835876465
11.9168191347747;13376.2506217957
11.9197356348077;9609.37543869019
11.9226521348406;8444.6607208252
11.9255686348736;10987.4754810333
11.9284851349066;15528.4324645996
11.9314016349396;9139.59959411621
11.9343181349726;6884.58326339722
11.9372346350056;19517.7084655762
11.9401511350385;12453.4102706909
11.9430676350715;11652.6142120361
11.9459841351045;11924.166885376
11.9489006351375;4160.53069114685
11.9518171351705;14431.9822006226
11.9547336352035;7183.54164886475
11.9576501352365;17684.3185424805
11.9605666352694;10728.7231407166
11.9634831353024;16492.1627006531
11.9663996353354;15354.5472564697
11.9693161353684;9472.70825195313
11.9722326354014;7915.12007141113
11.9751491354344;11159.1593017578
11.9780656354673;11659.3752365112
11.9809821355003;13154.1667747498
11.9838986355333;10241.325088501
11.9868151355663;12892.8307495117
11.9897316355993;9430.62966918945
11.9926481356323;7585.00207519531
11.9955646356653;5688.75005340576
11.9984811356982;17006.1428527832
12.0013976357312;5748.5417175293
12.0043141357642;7861.88194274902
12.0072306357972;6951.55890655518
12.0101471358302;7397.55938720703
12.0130636358632;11420.2085418701
12.0159801358961;15054.7666702271
12.0188966359291;17681.6797485352
12.0218131359621;9515.41665649414
12.0247296359951;8669.79154586792
12.0276461360281;9558.12491607666
12.0305626360611;10617.2916564941
12.033479136094;11408.6059036255
12.036395636127;10142.8750457764
12.03931213616;4569.7917175293
12.042228636193;15109.982131958
12.045145136226;5441.04162597656
12.048061636259;8610.00028991699
12.050978136292;8632.59674835205
12.0538946363249;10275.0989227295
12.0568111363579;10813.7500915527
12.0597276363909;17554.2119598389
12.0626441364239;10335.4164810181
12.0655606364569;17438.2929191589
12.0684771364899;10839.3751296997
12.0713936365228;10762.5001068115
12.0743101365558;13786.2501983643
12.0772266365888;17185.8333435059
12.0801431366218;8447.98294067383
12.0830596366548;10753.9582252502
12.0859761366878;9737.49993896484
12.0888926367208;17716.4444732666
12.0918091367537;11285.2025299072
12.0947256367867;15263.9620475769
12.0976421368197;5005.41674804688
12.1005586368527;13897.2984733582
12.1034751368857;12332.3219604492
12.1063916369187;9968.18042182922
12.1093081369516;11939.2757949829
12.1122246369846;10716.3796386719
12.1151411370176;11945.0069179535
12.1180576370506;10737.3863716125
12.1209741370836;13125.3502960205
12.1238906371166;9754.5834197998
12.1268071371496;10788.1248931885
12.1297236371825;15033.3334197998
12.1326401372155;12745.0193328857
12.1355566372485;4923.02776527405
12.1384731372815;9370.20834350586
12.1413896373145;13858.0381622314
12.1443061373475;6756.45833587646
12.1472226373804;11403.1251525879
12.1501391374134;10138.9580955505
12.1530556374464;9840
12.1559721374794;12068.2066955566
12.1588886375124;11693.5415859222
12.1618051375454;10753.9582824707
12.1647216375784;6176.01173400879
12.1676381376113;6973.58353042603
12.1705546376443;7795.94494628906
12.1734711376773;14395.1368293762
12.1763876377103;9138.95561981201
12.1793041377433;15321.4262161255
12.1822206377763;10742.255065918
12.1851371378092;6653.95846557617
12.1880536378422;8438.85003662109
12.1909701378752;10431.5130691528
12.1938866379082;8326.30857467651
12.1968031379412;4014.58334350586
12.1997196379742;22310.6191253662
12.2026361380072;9467.6711730957
12.2055526380401;11343.3332824707
12.2084691380731;14899.5539093018
12.2113856381061;7038.33329772949
12.2143021381391;12180.4718475342
12.2172186381721;8422.08331298828
12.2201351382051;11946.5313644409
12.223051638238;10292.82970047
12.225968138271;7423.35542297363
12.228884638304;8985.56007385254
12.231801138337;12059.2452850342
12.23471763837;9199.37495422363
12.237634138403;13179.791809082
12.2405506384359;16932.6804656982
12.2434671384689;18188.4501266479
12.2463836385019;20158.39585495
12.2493001385349;9068.21768188477
12.2522166385679;9635.06776046753
12.2551331386009;15362.9105224609
12.2580496386339;8755.20927429199
12.2609661386668;9202.12494659424
12.2638826386998;10290.2288208008
12.2667991387328;15323.7499542236
12.2697156387658;18760.8236312866
12.2726321387988;20158.3333129883
12.2755486388318;11522.708480835
12.2784651388647;14435.5298919678
12.2813816388977;11625.5223388672
12.2842981389307;11582.4997711182
12.2872146389637;11744.7916259766
12.2901311389967;11826.4905319214
12.2930476390297;5492.29167175293
12.2959641390627;11531.2499694824
12.2988806390956;13137.0833435059
12.3017971391286;19092.5365066528
12.3047136391616;11309.2247314453
12.3076301391946;18108.3334350586
12.3105466392276;16946.6666870117
12.3134631392606;8353.75004577637
12.3163796392935;9558.12509155273
12.3192961393265;4612.5
12.3222126393595;8858.01984786987
12.3251291393925;16481.6848602295
12.3280456394255;6807.70845031738
12.3309621394585;8823.40057373047
12.3338786394915;12778.3333969116
12.3367951395244;4902.91665649414
12.3397116395574;9876.65042495728
12.3426281395904;11798.8803253174
12.3455446396234;4967.97297668457
12.3484611396564;13655.7040977478
12.3513776396894;9265.82922363281
12.3542941397223;11445.8333129883
12.3572106397553;17655.6249771118
12.3601271397883;13526.0273971558
12.3630436398213;6087.63652801514
12.3659601398543;4697.91668701172
12.3688766398873;13974.166721344
12.3717931399203;19743.1887359619
12.3747096399532;4416.0417175293
12.3776261399862;6192.70832443237
12.3805426400192;10650.1940994263
12.3834591400522;7516.95805358887
12.3863756400852;7020.32965087891
12.3892921401182;19227.2916870117
12.3922086401511;6363.54161834717
12.3951251401841;8992.06243133545
12.3980416402171;11582.5004577637
12.4009581402501;10044.9998626709
12.4038746402831;4446.61435699463
12.4067911403161;14295.6108398438
12.409707640349;5342.77444076538
12.412624140382;15640.6836700439
12.415540640415;6389.16661071777
12.418457140448;9327.49998855591
12.421373640481;10630.6048583984
12.424290140514;7499.58343505859
12.427206640547;8336.66664123535
12.4301231405799;16092.4998474121
12.4330396406129;6525.83347320557
12.4359561406459;12944.1300888062
12.4388726406789;11958.333272934
12.4417891407119;9361.66670799255
12.4447056407449;9660.62501525879
12.4476221407778;6799.16662979126
12.4505386408108;14845.4169158936
12.4534551408438;8669.79161834717
12.4563716408768;8174.51348876953
12.4592881409098;12966.2499542236
12.4622046409428;12710.0101013184
12.4651211409758;9387.29174804688
12.4680376410087;5705.83338546753
12.4709541410417;8037.71296691895
12.4738706410747;15161.7228088379
12.4767871411077;9694.7915802002
12.4797036411407;5902.30072021484
12.4826201411737;14623.3335418701
12.4855366412066;7909.5832824707
12.4884531412396;5799.79164886475
12.4913696412726;14342.7708282471
12.4942861413056;6329.37495422363
12.4972026413386;6297.08588409424
12.5001191413716;11349.4172210693
12.5030356414046;10899.1666412354
12.5059521414375;15930.2086181641
12.5088686414705;13676.8255310059
12.5117851415035;17981.2415008545
12.5147016415365;6552.26135253906
12.5176181415695;15016.2506828308
12.5205346416025;16403.1091384888
12.5234511416354;5697.2917175293
12.5263676416684;13803.333404541
12.5292841417014;11804.7129745483
12.5322006417344;12188.9584579468
12.5351171417674;8225.62503051758
12.5380336418004;4117.08327484131
12.5409501418334;4835.31777954102
12.5438666418663;6466.04163360596
12.5467831418993;18027.8807220459
12.5496996419323;12872.2921600342
12.5526161419653;7525.20829582214
12.5555326419983;9259.16738510132
12.5584491420313;13239.645324707
12.5613656420642;4322.0832824707
12.5642821420972;6534.37490844727
12.5671986421302;12951.3508911133
12.5701151421632;7491.04156494141
12.5730316421962;16562.8835983276
12.5759481422292;15357.9165496826
12.5788646422622;6732.32885742188
12.5817811422951;3151.87506103516
12.5846976423281;7204.15440368652
12.5876141423611;6149.99993515015
12.5905306423941;9939.73946380615
12.5934471424271;12137.7083892822
12.5963636424601;20482.9169006348
12.599280142493;9260.76014709473
12.602196642526;8370.83333587646
12.605113142559;5757.08333206177
12.608029642592;9161.33264923096
12.610946142625;11466.1822662354
12.613862642658;11599.5834197998
12.6167791426909;13751.9057388306
12.6196956427239;7622.28890991211
12.6226121427569;11702.0834655762
12.6255286427899;10412.2917175293
12.6284451428229;7721.66665458679
12.6313616428559;10617.2917098999
12.6342781428889;16632.9466094971
12.6371946429218;13641.0416412354
12.6401111429548;13068.7499923706
12.6430276429878;13350.6406402588
12.6459441430208;8989.15567016602
12.6488606430538;10087.7083797455
12.6517771430868;12641.666343689
12.6546936431197;6542.91659545898
12.6576101431527;12086.5386199951
12.6605266431857;15731.3060302734
12.6634431432187;6209.79166412354
12.6663596432517;12443.5865020752
12.6692761432847;17348.728427887
12.6721926433177;10267.0832901001
12.6751091433506;14389.4003868103
12.6780256433836;14341.4584655762
12.6809421434166;11633.7500305176
12.6838586434496;14025.4211425781
12.6867751434826;11804.5838890076
12.6896916435156;9301.8749961853
12.6926081435485;14396.0650939941
12.6955246435815;11502.4374847412
12.6984411436145;5526.45825004578
12.7013576436475;6525.83334350586
12.7042741436805;6064.58341598511
12.7071906437135;9156.66664123535
12.7101071437465;10753.9585037231
12.7130236437794;10480.1786489487
12.7159401438124;11898.541595459
12.7188566438454;17111.5033111572
12.7217731438784;3391.04167175293
12.7246896439114;6799.1668510437
12.7276061439444;10215.8333969116
12.7305226439773;12274.4342041016
12.7334391440103;5842.50006866455
12.7363556440433;11752.6532897949
12.7392721440763;11898.5418395996
12.7421886441093;12768.9198379517
12.7451051441423;7046.9955291748
12.7480216441753;13726.7359619141
12.7509381442082;15650.4416217804
12.7538546442412;9523.95820236206
12.7567711442742;16953.1285858154
12.7596876443072;11650.833404541
12.7626041443402;10190.5480499268
12.7655206443732;7713.12501525879
12.7684371444061;10104.5050964355
12.7713536444391;14196.2499904633
12.7742701444721;5039.58334350586
12.7771866445051;8490.41667938232
12.7801031445381;11275.0000305176
12.7830196445711;14445.483505249
12.785936144604;17689.791809082
12.788852644637;20534.177564621
12.79176914467;9387.2917175293
12.794685644703;8738.1252822876
12.797602144736;9165.20840644836
12.800518644769;7918.12518310547
12.803435144802;6756.45824432373
12.8063516448349;9026.01600646973
12.8092681448679;7729.65907287598
12.8121846449009;7149.37489318848
12.8151011449339;12995.7625808716
12.8180176449669;12534.2201080322
12.8209341449999;15129.9154815674
12.8238506450328;8174.37498474121
12.8267671450658;16451.250213623
12.8296836450988;7696.04167747498
12.8326001451318;7163.02931213379
12.8355166451648;6713.74990844727
12.8384331451978;7533.8127746582
12.8413496452308;10830.8342437744
12.8442661452637;11509.5921783447
12.8471826452967;4082.91673278809
12.8500991453297;12009.583190918
12.8530156453627;3732.70825195313
12.8559321453957;5236.04168701172
12.8588486454287;6685.05434417725
12.8617651454616;6354.99990081787
12.8646816454946;14742.9168395996
12.8675981455276;21490.8332519531
12.8705146455606;10275.6250343323
12.8734311455936;11117.7463989258
12.8763476456266;6209.79174804688
12.8792641456596;14845.4167480469
12.8821806456925;5483.74992370605
12.8850971457255;9761.62867736816
12.8880136457585;12561.8319473267
12.8909301457915;5851.04165649414
12.8938466458245;10253.7324066162
12.8967631458575;5355.62499237061
12.8996796458904;9484.31785583496
12.9025961459234;7542.2917098999
12.9055126459564;13888.7503967285
12.9084291459894;8495.13052177429
12.9113456460224;11344.5205307007
12.9142621460554;3459.37496948242
12.9171786460884;8848.98244476318
12.9200951461213;4817.50006103516
12.9230116461543;8268.33340454102
12.9259281461873;11814.4068908691
12.9288446462203;11943.2222824097
12.9317611462533;10275.6250610352
12.9346776462863;12483.6387424469
12.9375941463192;12880.0372924805
12.9405106463522;7434.93621063232
12.9434271463852;15434.7916259766
12.9463436464182;10618.1143722534
12.9492601464512;8242.70887374878
12.9521766464842;13850.3473510742
12.9550931465172;11558.9843597412
12.9580096465501;9973.36040115356
12.9609261465831;8003.54174804688
12.9638426466161;15614.4586143494
12.9667591466491;13282.2916240692
12.9696756466821;10856.4584770203
12.9725921467151;13419.0157699585
12.975508646748;15007.7082138062
12.978425146781;12696.2913894653
12.981341646814;12054.604763031
12.984258146847;7837.02667236328
12.98717464688;8883.33337020874
12.990091146913;13248.5586242676
12.9930076469459;11776.0616989136
12.9959241469789;8926.04168701172
12.9988406470119;9933.95841217041
13.0017571470449;17013.0662002563
13.0046736470779;9397.03111839294
13.0075901471109;5475.20847702026
13.0105066471439;9763.12488555908
13.0134231471768;11667.9167785645
13.0163396472098;10096.2498931885
13.0192561472428;9472.70837402344
13.0221726472758;8855.69913482666
13.0250891473088;17199.4359664917
13.0280056473418;14118.2965698242
13.0309221473747;12488.3269042969
13.0338386474077;11838.8739356995
13.0367551474407;14350.0001144409
13.0396716474737;8541.66836547852
13.0425881475067;18862.3417816162
13.0455046475397;10888.0366954803
13.0484211475727;11462.9165802002
13.0513376476056;10232.9156265259
13.0542541476386;6073.12501525879
13.0571706476716;16169.3753814697
13.0600871477046;6713.75000762939
13.0630036477376;10398.3978347778
13.0659201477706;15231.1492233276
13.0688366478035;14154.7489013672
13.0717531478365;25838.4737091064
13.0746696478695;9130.85221862793
13.0775861479025;8482.07075500488
13.0805026479355;12214.5952453613
13.0834191479685;15827.7092704773
13.0863356480015;9532.57461547852
13.0892521480344;12146.2500839233
13.0921686480674;8507.49989318848
13.0950851481004;11045.6966705322
13.0980016481334;8063.33330345154
13.1009181481664;13283.1362419128
13.1038346481994;20424.0709838867
13.1067511482323;9156.86721038818
13.1096676482653;9968.12498474121
13.1125841482983;7175.18348312378
13.1155006483313;8271.83081054688
13.1184171483643;9471.64959716797
13.1213336483973;11876.1557617188
13.1242501484303;8656.51878356934
13.1271666484632;15904.5849304199
13.1300831484962;12351.2443389893
13.1329996485292;12684.3749198914
13.1359161485622;6756.45826721191
13.1388326485952;8960.19365501404
13.1417491486282;7012.70829391479
13.1446656486611;3450.83331298828
13.1475821486941;5415.49053955078
13.1504986487271;9613.77368164063
13.1534151487601;18659.4347076416
13.1563316487931;10156.0417175293
13.1592481488261;15198.531036377
13.1621646488591;22985.7540206909
13.165081148892;26065.2222595215
13.167997648925;28197.2067260742
13.170914148958;40114.8580780029
13.173830648991;42101.9268417358
13.176747149024;69087.2413597107
13.179663649057;83017.6067810059
13.1825801490899;99072.09375
13.1854966491229;118685.84400177
13.1884131491559;84529.4650115967
13.1913296491889;132857.223507881
13.1942461492219;146757.356414795
13.1971626492549;132159.108556747
13.2000791492878;107788.051818848
13.2029956493208;86720.1362915039
13.2059121493538;71876.9147148132
13.2088286493868;44052.4844589233
13.2117451494198;66387.9332733154
13.2146616494528;48003.1259117126
13.2175781494858;68768.6261730194
13.2204946495187;80236.9641418457
13.2234111495517;96578.1418380737
13.2263276495847;106162.985710144
13.2292441496177;113693.101409912
13.2321606496507;127393.285751343
13.2350771496837;169081.362522125
13.2379936497166;170143.391462326
13.2409101497496;157548.621229172
13.2438266497826;226033.522750854
13.2467431498156;177885.933164597
13.2496596498486;162712.972431183
13.2525761498816;173318.217294693
13.2554926499146;120221.504692078
13.2584091499475;123944.086475372
13.2613256499805;89764.4778671265
13.2642421500135;111910.956613541
13.2671586500465;92484.5734863281
13.2700751500795;76692.8954772949
13.2729916501125;68047.1633834839
13.2759081501454;67518.4857292175
13.2788246501784;67698.8665084839
13.2817411502114;47184.474521637
13.2846576502444;44745.6799316406
13.2875741502774;44272.2310409546
13.2904906503104;43910.5020446777
13.2934071503434;36885.0362930298
13.2963236503763;34978.5039596558
13.2992401504093;42435.6181488037
13.3021566504423;27222.3729324341
13.3050731504753;34155.2221374512
13.3079896505083;27667.2284603119
13.3109061505413;27804.3264770508
13.3138226505742;22396.3644981384
13.3167391506072;31818.8483657837
13.3196556506402;35033.3419952393
13.3225721506732;16520.2171707153
13.3254886507062;13461.2331314087
13.3284051507392;20104.6614608765
13.3313216507722;24864.936340332
13.3342381508051;27264.9994735718
13.3371546508381;22964.194065094
13.3400711508711;22790.2060852051
13.3429876509041;21251.2162017822
13.3459041509371;23946.5712432861
13.3488206509701;18765.5813827515
13.351737151003;10926.1175537109
13.354653651036;17649.5778617859
13.357570151069;23496.4270935059
13.360486651102;16017.8190917969
13.363403151135;9162.2208404541
13.366319651168;13965.625
13.3692361512009;20731.8152122498
13.3721526512339;10284.1664733887
13.3750691512669;7696.04166412354
13.3779856512999;18757.5001220703
13.3809021513329;9993.74905014038
13.3838186513659;21127.6788330078
13.3867351513989;11167.8401489258
13.3896516514318;15691.8763122559
13.3925681514648;6099.01373291016
13.3954846514978;9832.6502494812
13.3984011515308;9700.21649169922
13.4013176515638;9159.90007781982
13.4042341515968;12372.2472991943
13.4071506516297;11667.9224700928
13.4100671516627;17093.8374938965
13.4129836516957;12650.8523712158
13.4159001517287;13488.0539093018
13.4188166517617;9626.45829772949
13.4217331517947;13264.6475028992
13.4246496518277;12325.6249694824
13.4275661518606;10046.377576828
13.4304826518936;15229.7917556763
13.4333991519266;9206.06109619141
13.4363156519596;19184.6896820068
13.4392321519926;6098.75000762939
13.4421486520256;11705.7097167969
13.4450651520585;13707.1595611572
13.4479816520915;8516.04152679443
13.4508981521245;10599.8465194702
13.4538146521575;12385.4167327881
13.4567311521905;12411.0416564941
13.4596476522235;14888.1249923706
13.4625641522565;11514.171497345
13.4654806522894;11214.4544677734
13.4683971523224;9942.70450210571
13.4713136523554;11667.9167327881
13.4742301523884;25244.5927429199
13.4771466524214;2161.04167938232
13.4800631524544;13111.4585266113
13.4829796524873;16733.1250305176
13.4858961525203;9028.54204559326
13.4888126525533;16054.3293800354
13.4917291525863;10899.7728118896
13.4946456526193;14193.2368469238
13.4975621526523;17211.4582939148
13.5004786526853;13948.5416564941
13.5033951527182;14273.1248321533
13.5063116527512;14402.1575241089
13.5092281527842;14653.279876709
13.5121446528172;7708.90219116211
13.5150611528502;10173.1250228882
13.5179776528832;13585.2705879211
13.5208941529161;7549.12784957886
13.5238106529491;11970.3399353027
13.5267271529821;10207.2916412354
13.5296436530151;21807.7974777222
13.5325601530481;11438.3064632416
13.5354766530811;12112.0833511353
13.5383931531141;18723.1441802979
13.541309653147;16152.4983348846
13.54422615318;5791.25006103516
13.547142653213;11497.0832366943
13.550059153246;12197.4999732971
13.552975653279;8567.29166221619
13.555892153312;13701.4617004395
13.5588086533449;15716.6665115356
13.5617251533779;16535.3862342834
13.5646416534109;8827.93702697754
13.5675581534439;8524.5834197998
13.5704746534769;11932.7624740601
13.5733911535099;10190.208190918
13.5763076535429;12734.2999420166
13.5792241535758;20542.7084655762
13.5821406536088;12090.7915763855
13.5850571536418;10969.0636711121
13.5879736536748;17275.8992233276
13.5908901537078;7157.91668319702
13.5938066537408;11721.451965332
13.5967231537737;12906.458480835
13.5996396538067;15075.3544540405
13.6025561538397;10634.3750152588
13.6054726538727;9643.54414367676
13.6083891539057;11561.9957580566
13.6113056539387;15223.2315502167
13.6142221539716;7098.12503051758
13.6171386540046;8945.80268859863
13.6200551540376;6602.70849609375
13.6229716540706;10218.7464904785
13.6258881541036;16122.0391464233
13.6288046541366;14768.5414581299
13.6317211541696;18792.6671295166
13.6346376542025;17484.791595459
13.6375541542355;24923.4401855469
13.6404706542685;14032.3289489746
13.6433871543015;14553.1022644043
13.6463036543345;22584.6119995117
13.6492201543675;13119.9999237061
13.6521366544004;14816.0101623535
13.6550531544334;16477.1065216064
13.6579696544664;21473.7509460449
13.6608861544994;8575.83646774292
13.6638026545324;10665.0238189697
13.6667191545654;12983.333152771
13.6696356545984;8883.33436203003
13.6725521546313;12522.0832366943
13.6754686546643;20617.7531204224
13.6783851546973;7004.16668701172
13.6813016547303;11983.9584674835
13.6842181547633;10916.3033046722
13.6871346547963;22303.0845336914
13.6900511548292;11394.5909881592
13.6929676548622;4612.50004577637
13.6958841548952;7678.02973175049
13.6988006549282;10465.6783599854
13.7017171549612;19492.4986038208
13.7046336549942;18443.4211730957
13.7075501550272;9357.54503631592
13.7104666550601;13538.541809082
13.7133831550931;10941.8749389648
13.7162996551261;16004.4614639282
13.7192161551591;10839.5834102631
13.7221326551921;11565.4193840027
13.7250491552251;8276.87498474121
13.727965655258;16989.3765411377
13.730882155291;7123.74993515015
13.733798655324;5910.83332061768
13.736715155357;3399.58339691162
13.73963165539;13250.1674346924
13.742548155423;15081.441827774
13.745464655456;7892.49998474121
13.7483811554889;15443.3333587646
13.7512976555219;8498.95837402344
13.7542141555549;12035.2085266113
13.7571306555879;10036.458404541
13.7600471556209;9259.33052825928
13.7629636556539;12949.1668395996
13.7658801556868;6944.37578392029
13.7687966557198;17348.1251144409
13.7717131557528;6448.95831298828
13.7746296557858;13584.6128082275
13.7775461558188;19759.5034599304
13.7804626558518;6995.625
13.7833791558847;12566.3077926636
13.7862956559177;12112.0832214355
13.7892121559507;11232.2917022705
13.7921286559837;6611.25003433228
13.7950451560167;7260.41664123535
13.7979616560497;8413.54162597656
13.8008781560827;8703.96919250488
13.8037946561156;12966.2497253418
13.8067111561486;16584.0820846558
13.8096276561816;10412.2917556763
13.8125441562146;8165.83332824707
13.8154606562476;8567.29179000854
13.8183771562806;11292.0833587646
13.8212936563135;8927.55655670166
13.8242101563465;6115.8332118988
13.8271266563795;12336.0645599365
13.8300431564125;8615.87313842773
13.8329596564455;8288.05424499512
13.8358761564785;11514.3278427124
13.8387926565115;4296.45839691162
13.8417091565444;8772.44175720215
13.8446256565774;12564.8412284851
13.8475421566104;15178.5416736603
13.8504586566434;5628.95837402344
13.8533751566764;14690.6247673035
13.8562916567094;8712.55500411987
13.8592081567423;9395.83335876465
13.8621246567753;8182.91677856445
13.8650411568083;11326.2499847412
13.8679576568413;8780.8332824707
13.8708741568743;10223.5817985535
13.8737906569073;8746.66673278809
13.8767071569403;7742.18209838867
13.8796236569732;21399.5803833008
13.8825401570062;14883.2483215332
13.8854566570392;14709.9511871338
13.8883731570722;11309.1665039063
13.8912896571052;15076.0415611267
13.8942061571382;11729.964050293
13.8971226571711;11480.5402908325
13.9000391572041;11539.7915267944
13.9029556572371;10002.2916870117
13.9058721572701;11638.5062942505
13.9087886573031;9978.1028137207
13.9117051573361;6098.80968475342
13.9146216573691;13652.9561729431
13.917538157402;7268.95834350586
13.920454657435;5389.79166030884
13.923371157468;6184.16661071777
13.926287657501;12718.9035339355
13.929204157534;11223.7499694824
13.932120657567;14247.6231842041
13.9350371575999;18296.249710083
13.9379536576329;18817.2916870117
13.9408701576659;13743.6019973755
13.9437866576989;12254.904876709
13.9467031577319;7619.16672515869
13.9496196577649;12094.9620780945
13.9525361577978;12125.0114498138
13.9554526578308;7550.83331298828
13.9583691578638;15019.0036621094
13.9612856578968;12008.9089164734
13.9642021579298;14548.4094848633
13.9671186579628;9096.87496566772
13.9700351579958;20021.9704437256
13.9729516580287;5321.45826721191
13.9758681580617;5594.79168701172
13.9787846580947;12325.6256980896
13.9817011581277;10617.2917404175
13.9846176581607;10244.8574829102
13.9875341581937;9677.70846557617
13.9904506582266;8712.50003051758
13.9933671582596;9731.15478515625
13.9962836582926;12906.4673690796
13.9992001583256;4723.54166412354
14.0021166583586;6534.37505722046
14.0050331583916;5243.52447509766
14.0079496584246;14452.5000610352
14.0108661584575;9566.66662979126
14.0137826584905;13450.5535430908
14.0166991585235;14341.4582366943
14.0196156585565;9962.5541267395
14.0225321585895;13359.1156005859
14.0254486586225;8467.7255859375
14.0283651586554;7869.92225646973
14.0312816586884;21149.2357330322
14.0341981587214;14700.2180786133
14.0371146587544;6030.41662597656
14.0400311587874;13991.368019104
14.0429476588204;9455.62496948242
14.0458641588534;9563.13191986084
14.0487806588863;9575.20835876465
14.0516971589193;10530.8388061523
14.0546136589523;12590.4178619385
14.0575301589853;8797.91673278809
14.0604466590183;13783.9109802246
14.0633631590513;9259.16666412354
14.0662796590842;8157.29168701172
14.0691961591172;11275.6019744873
14.0721126591502;6346.45822715759
14.0750291591832;13273.815322876
14.0779456592162;9558.28982543945
14.0808621592492;8022.75319671631
14.0837786592822;6581.96617889404
14.0866951593151;8225.62487792969
14.0896116593481;6364.59072875977
14.0925281593811;9236.67794799805
14.0954446594141;14272.2897338867
14.0983611594471;7388.54156494141
14.1012776594801;10890.6248779297
14.104194159513;9276.25001144409
14.107110659546;12712.521697998
14.110027159579;10839.3934631348
14.112943659612;7151.6100769043
14.115860159645;9754.81743431091
14.118776659678;9737.50003051758
14.121693159711;15578.4147872925
14.1246096597439;4185.41661643982
14.1275261597769;13485.832195282
14.1304426598099;7328.75002288818
14.1333591598429;12892.1824417114
14.1362756598759;8669.79170417786
14.1391921599089;8968.74990844727
14.1421086599418;11800.6486816406
14.1450251599748;7473.95829772949
14.1479416600078;8081.91830444336
14.1508581600408;16092.4999389648
14.1537746600738;4176.87498474121
14.1566911601068;3544.79167175293
14.1596076601398;10472.0832519531
14.1625241601727;11890.5960388184
14.1654406602057;7140.83329772949
14.1683571602387;6585.6249961853
14.1712736602717;5936.4582824707
14.1741901603047;10121.8750305176
14.1771066603377;6594.16703414917
14.1800231603706;8723.11813354492
14.1829396604036;10891.6662445068
14.1858561604366;12090.7676544189
14.1887726604696;16593.3719787598
14.1916891605026;8698.2640247345
14.1946056605356;8011.00690460205
14.1975221605685;12872.1579589844
14.2004386606015;7499.58332443237
14.2033551606345;14836.8755187988
14.2062716606675;11181.0415992737
14.2091881607005;17554.2222137451
14.2121046607335;13185.6688690186
14.2150211607665;11123.7628479004
14.2179376607994;9011.45822143555
14.2208541608324;11582.5000152588
14.2237706608654;6653.96329498291
14.2266871608984;5253.12866973877
14.2296036609314;8268.34663391113
14.2325201609644;25834.2432861328
14.2354366609973;7038.33335876465
14.2383531610303;12214.5834960938
14.2412696610633;14241.9282531738
14.2441861610963;6946.32071685791
14.2471026611293;5159.16672897339
14.2500191611623;10156.0418395996
14.2529356611953;9815.01329803467
14.2558521612282;5278.75001525879
14.2587686612612;11910.1260070801
14.2616851612942;10711.2499084473
14.2646016613272;8328.12495422363
14.2675181613602;6348.28009796143
14.2704346613932;7730.20944976807
14.2733511614261;5500.83332061768
14.2762676614591;8576.59762573242
14.2791841614921;12368.3331756592
14.2821006615251;15090.8711090088
14.2850171615581;12992.0240478516
14.2879336615911;11821.6666259766
14.2908501616241;6730.83332824707
14.293766661657;4791.87501144409
14.29668316169;5688.74993896484
14.299599661723;13384.7916221619
14.302516161756;9105.41664886475
14.305432661789;8293.95833969116
14.308349161822;10096.2500324249
14.3112656618549;9131.04166412354
14.3141821618879;3425.20832824707
14.3170986619209;8758.72883605957
14.3200151619539;7311.66673278809
14.3229316619869;10882.0838394165
14.3258481620199;7670.42584228516
14.3287646620529;6295.20829772949
14.3316811620858;6476.18586730957
14.3345976621188;7653.33325195313
14.3375141621518;11405.7552642822
14.3404306621848;10378.1259460449
14.3433471622178;7345.83331298828
14.3462636622508;8815.00001144409
14.3491801622837;7294.58334350586
14.3520966623167;12381.1493988037
14.3550131623497;8852.92364692688
14.3579296623827;8240.94217681885
14.3608461624157;5048.12495422363
14.3637626624487;15536.1916408539
14.3666791624816;20124.4546661377
14.3695956625146;16363.4625549316
14.3725121625476;17466.0626983643
14.3754286625806;26065.1389312744
14.3783451626136;29705.3616790771
14.3812616626466;33329.1685905457
14.3841781626796;29098.0719642639
14.3870946627125;42884.0885314941
14.3900111627455;55376.6394882202
14.3929276627785;46420.0898590088
14.3958441628115;48675.4225463867
14.3987606628445;54257.55975914
14.4016771628775;51499.4476222992
14.4045936629104;73130.8843421936
14.4075101629434;53322.4337005615
14.4104266629764;39059.4884033203
14.4133431630094;46448.0016403198
14.4162596630424;38410.4224395752
14.4191761630754;24516.5930404663
14.4220926631084;34397.7377185822
14.4250091631413;23487.2825622559
14.4279256631743;28245.4633331299
14.4308421632073;20445.2860565186
14.4337586632403;20466.0268783569
14.4366751632733;15017.1546936035
14.4395916633063;18575.0250549316
14.4425081633392;24132.3273773193
14.4454246633722;24549.5726699829
14.4483411634052;15155.3448696136
14.4512576634382;7824.16669464111
14.4541741634712;14815.4779472351
14.4570906635042;23243.7905387878
14.4600071635372;12727.0833892822
14.4629236635701;10661.2503967285
14.4658401636031;9549.58346557617
14.4687566636361;13288.9286270142
14.4716731636691;7115.20832824707
14.4745896637021;12795.42137146
14.4775061637351;10147.4999389648
14.480422663768;15048.8572597504
14.483339163801;13034.5832977295
14.486255663834;20184.1769104004
14.489172163867;16254.982635498
14.4920886639;4920
14.495005163933;12300
14.497921663966;12448.0741500854
14.5008381639989;5048.12496948242
14.5037546640319;10463.5415916443
14.5066711640649;6594.16675567627
14.5095876640979;17072.5086746216
14.5125041641309;14384.3743591309
14.5154206641639;9353.12489318848
14.5183371641968;7311.84097290039
14.5212536642298;12240.7174072266
14.5241701642628;9617.91668701172
14.5270866642958;10762.5000305176
14.5300031643288;10497.5922451019
14.5329196643618;6466.0417175293
14.5358361643948;6158.54174804688
14.5387526644277;11042.604675293
14.5416691644607;9336.04174041748
14.5445856644937;15494.5832328796
14.5475021645267;14687.4953231812
14.5504186645597;9361.6667175293
14.5533351645927;16733.1251525879
14.5562516646256;8402.88442993164
14.5591681646586;11864.3748168945
14.5620846646916;13555.624786377
14.5650011647246;9797.29167747498
14.5679176647576;10779.5833816528
14.5708341647906;10600.2084636688
14.5737506648235;7226.24991607666
14.5766671648565;7425.3627166748
14.5795836648895;9265.16411209106
14.5825001649225;13279.5411987305
14.5854166649555;8567.29174041748
14.5883331649885;14618.6364364624
14.5912496650215;7866.87533569336
14.5941661650544;12347.9987792969
14.5970826650874;10591.9403686523
14.5999991651204;11619.2944641113
14.6029156651534;11027.2915763855
14.6058321651864;15033.3379669189
14.6087486652194;10138.9582672119
14.6116651652523;14438.2605743408
14.6145816652853;10696.5435943604
14.6174981653183;11138.3332748413
14.6204146653513;8114.58330535889
14.6233311653843;12402.500038147
14.6262476654173;9754.99174499512
14.6291641654503;4655.20836639404
14.6320806654832;6235.41661834717
14.6349971655162;5609.34495544434
14.6379136655492;13282.2914581299
14.6408301655822;18045.2409744263
14.6437466656152;7380.42896270752
14.6466631656482;10608.7501125336
14.6495796656811;8406.17594528198
14.6524961657141;16404.1233978271
14.6554126657471;9942.49987792969
14.6583291657801;5757.08337402344
14.6612456658131;10933.9640808105
14.6641621658461;10531.874961853
14.6670786658791;8293.95831108093
14.669995165912;6995.62498474121
14.672911665945;5464.46807098389
14.675828165978;8165.83326339722
14.678744666011;6500.20845794678
14.681661166044;10309.7917022705
14.684577666077;4116.6662902832
14.6874941661099;10894.5300292969
14.6904106661429;7294.89804840088
14.6933271661759;9276.25012207031
14.6962436662089;10330.8741455078
14.6991601662419;8112.69844055176
14.7020766662749;9756.75671386719
14.7049931663079;10753.9582595825
14.7079096663408;10663.0088806152
14.7108261663738;8592.91664123535
14.7137426664068;13205.4166259766
14.7166591664398;7362.91656494141
14.7195756664728;8311.59892845154
14.7224921665058;7832.70836639404
14.7254086665387;16815.9575710297
14.7283251665717;16220.8869686127
14.7312416666047;12688.641708374
14.7341581666377;3527.70837402344
14.7370746666707;14358.5416259766
14.7399911667037;11753.3334350586
14.7429076667367;13512.9177856445
14.7458241667696;2878.54169845581
14.7487406668026;6184.32830047607
14.7516571668356;4414.74977111816
14.7545736668686;6898.66728973389
14.7574901669016;4398.95837402344
14.7604066669346;11703.0378112793
14.7633231669675;8505.38251495361
14.7662396670005;12581.8995056152
14.7691561670335;10190.198059082
14.7720726670665;9430.00008392334
14.7749891670995;13418.9593276978
14.7779056671325;6346.45837402344
14.7808221671654;13999.7915649414
14.7837386671984;8602.387840271
14.7866551672314;10864.9999313354
14.7895716672644;12235.8268432617
14.7924881672974;6658.09480285645
14.7954046673304;5084.64883422852
14.7983211673634;7123.74994659424
14.8012376673963;3561.87496948242
14.8041541674293;6406.24992370605
14.8070706674623;8741.10595703125
14.8099871674953;6756.45867919922
14.8129036675283;6047.49995422363
14.8158201675613;2682.08338546753
14.8187366675942;3297.08329772949
14.8216531676272;8874.79168701172
14.8245696676602;7983.28924560547
14.8274861676932;2067.08335113525
14.8304026677262;10514.791633606
14.8333191677592;15324.9747009277
14.8362356677922;9744.0517578125
14.8391521678251;7046.875
14.8420686678581;4424.58338546753
14.8449851678911;15142.5112457275
14.8479016679241;7021.25150108337
14.8508181679571;5253.125
14.8537346679901;10437.9168395996
14.856651168023;11626.4077682495
14.859567668056;9110.49226379395
14.862484168089;11281.1210632324
14.865400668122;11302.9916687012
14.868317168155;8510.0633392334
14.871233668188;8678.33493041992
14.874150168221;9934.31238555908
14.8770666682539;9946.73318481445
14.8799831682869;5022.49996948242
14.8828996683199;11579.5953979492
14.8858161683529;11138.3367080688
14.8887326683859;7311.6667175293
14.8916491684189;6883.96115112305
14.8945656684518;10301.7327899933
14.8974821684848;10479.1571235657
14.9003986685178;12299.999797821
14.9033151685508;13931.4581985474
14.9062316685838;6508.81118774414
14.9091481686168;10305.0003395081
14.9120646686498;10230.5118408203
14.9149811686827;12286.0002822876
14.9178976687157;7320.78135299683
14.9208141687487;8054.7917175293
14.9237306687817;14486.666809082
14.9266471688147;8808.35779571533
14.9295636688477;6551.45831298828
14.9324801688806;9558.12497711182
14.9353966689136;11087.5568084717
14.9383131689466;6389.16661071777
14.9412296689796;6448.95831298828
14.9441461690126;10711.253944397
14.9470626690456;9535.10202407837
14.9499791690785;12065.3772888184
14.9528956691115;7422.70837402344
14.9558121691445;10217.3362121582
14.9587286691775;16861.2499084473
14.9616451692105;4996.87498092651
14.9645616692435;4715
14.9674781692765;8339.12184906006
14.9703946693094;11676.2129516602
14.9733111693424;16494.7279663086
14.9762276693754;11796.0414619446
14.9791441694084;9015.59948730469
14.9820606694414;13985.9932861328
14.9849771694744;12453.7500305176
14.9878936695073;11753.3337936401
14.9908101695403;16775.8335113525
14.9937266695733;15044.1026153564
14.9966431696063;10181.6667175293
14.9995596696393;9872.03900527954
15.0024761696723;13832.1262664795
15.0053926697053;9079.79156494141
15.0083091697382;13221.2569580078
15.0112256697712;11855.8332672119
15.0141421698042;15396.0240325928
15.0170586698372;14804.6036682129
15.0199751698702;13077.1951522827
15.0228916699032;12513.5473232269
15.0258081699361;8644.16665649414
15.0287246699691;19031.0527648926
15.0316411700021;12021.336265564
15.0345576700351;10924.00390625
15.0374741700681;15024.7915039063
15.0403906701011;12060.8333282471
15.0433071701341;7210.01211547852
15.046223670167;11642.2916564941
15.0491401702;17566.0693626404
15.052056670233;15742.6481246948
15.054973170266;8764.5747756958
15.057889670299;9874.46264648438
15.060806170332;13863.1249084473
15.0637226703649;7423.00842285156
15.0666391703979;9899.79165649414
15.0695556704309;11702.0831298828
15.0724721704639;8533.12502288818
15.0753886704969;12411.0424346924
15.0783051705299;16459.8235321045
15.0812216705629;9609.37506103516
15.0841381705958;17894.7917556763
15.0870546706288;8328.12504577637
15.0899711706618;13940.0663757324
15.0928876706948;5842.50800323486
15.0958041707278;10401.1921386719
15.0987206707608;6902.19764709473
15.1016371707937;12026.6666564941
15.1045536708267;9128.02159690857
15.1074701708597;9045.62496185303
15.1103866708927;10034.4862136841
15.1133031709257;8897.71995925903
15.1162196709587;10181.8422698975
15.1191361709917;9384.29553222656
15.1220526710246;5312.91665267944
15.1249691710576;12248.7528076172
15.1278856710906;9310.42124938965
15.1308021711236;16797.6194000244
15.1337186711566;15673.9584465027
15.1366351711896;14348.6929626465
15.1395516712225;8174.37489891052
15.1424681712555;9233.5693359375
15.1453846712885;10335.4168930054
15.1483011713215;5372.70838928223
15.1512176713545;9754.58389282227
15.1541341713875;12435.4336242676
15.1570506714204;8336.6667175293
15.1599671714534;10634.374961853
15.1628836714864;7986.4582824707
15.1658001715194;6098.75004196167
15.1687166715524;10728.3335113525
15.1716331715854;15752.1355686188
15.1745496716184;7567.9165802002
15.1774661716513;8114.58331871033
15.1803826716843;7123.74999237061
15.1832991717173;11727.7083969116
15.1862156717503;4808.95833396912
15.1891321717833;10677.0848083496
15.1920486718163;9857.15055847168
15.1949651718492;8464.79167175293
15.1978816718822;10506.2501220703
15.2007981719152;21947.0779037476
15.2037146719482;6811.59700012207
15.2066311719812;6321.0604095459
15.2095476720142;9779.91160202026
15.2124641720472;9933.95832824707
15.2153806720801;17627.8956756592
15.2182971721131;5910.83337402344
15.2212136721461;7277.50106811523
15.2241301721791;10073.2402877808
15.2270466722121;6423.33334350586
15.2299631722451;7179.58297729492
15.232879672278;11163.9584884644
15.235796172311;6517.29164123535
15.238712672344;12137.8171806335
15.241629172377;5560.62503051758
15.24454567241;8678.33338546753
15.247462172443;7610.73071670532
15.250378672476;6706.21143341064
15.2532951725089;19270.0027141571
15.2562116725419;7685.23873901367
15.2591281725749;8951.66665649414
15.2620446726079;14632.645980835
15.2649611726409;7849.79174804688
15.2678776726739;7560.62568664551
15.2707941727068;13077.2914886475
15.2737106727398;8618.54168701172
15.2766271727728;7883.95835876465
15.2795436728058;11668.5312042236
15.2824601728388;9422.83657836914
15.2853766728718;7789.99997711182
15.2882931729048;7362.91660690308
15.2912096729377;14608.7908935547
15.2941261729707;5893.94277954102
15.2970426730037;12393.9583358765
15.2999591730367;12392.2428131104
15.3028756730697;12057.4645805359
15.3057921731027;5669.88264083862
15.3087086731356;11138.3333396912
15.3116251731686;6895.14498901367
15.3145416732016;8960.2084197998
15.3174581732346;7246.46291351318
15.3203746732676;13063.8378334045
15.3232911733006;10463.5503692627
15.3262076733335;3416.66669464111
15.3291241733665;8900.47393035889
15.3320406733995;12214.5832519531
15.3349571734325;20373.8749160767
15.3378736734655;11205.4726524353
15.3407901734985;7644.85568237305
15.3437066735315;11445.838760376
15.3466231735644;16081.8433151245
15.3495396735974;9171.38558197021
15.3524561736304;11744.7914428711
15.3553726736634;10513.1133880615
15.3582891736964;9455.62503814697
15.3612056737294;12923.5415649414
15.3641221737623;2297.70829772949
15.3670386737953;16152.2917327881
15.3699551738283;15802.0876464844
15.3728716738613;13299.8584899902
15.3757881738943;13589.7914733887
15.3787046739273;9192.92004394531
15.3816211739603;13726.5239257813
15.3845376739932;9570.29935455322
15.3874541740262;9096.87517547607
15.3903706740592;19369.3748626709
15.3932871740922;4262.2915725708
15.3962036741252;13043.1250228882
15.3991201741582;8123.12481689453
15.4020366741911;6585.625
15.4049531742241;8774.39010620117
15.4078696742571;7004.16656494141
15.4107861742901;9985.20833587646
15.4137026743231;10044.9999389648
15.4166191743561;13040.3701782227
15.4195356743891;12006.9965419769
15.422452174422;15541.6408882141
15.425368674455;6457.50006103516
15.428285174488;9250.62496948242
15.431201674521;16263.3332214355
15.434118174554;9888.46263885498
15.437034674587;15154.0311126709
15.4399511746199;10045
15.4428676746529;3818.125
15.4457841746859;11394.5833435059
15.4487006747189;9119.13965988159
15.4516171747519;8302.49999237061
15.4545336747849;15050.424041748
15.4574501748179;7574.85705566406
15.4603666748508;6799.16656494141
15.4632831748838;11257.9168395996
15.4661996749168;5881.4415397644
15.4691161749498;5919.37493133545
15.4720326749828;8046.25
15.4749491750158;9885.73263549805
15.4778656750487;9498.34786987305
15.4807821750817;14426.8748474121
15.4836986751147;17608.1664886475
15.4866151751477;8328.1272354126
15.4895316751807;16641.2697582245
15.4924481752137;10676.4507446289
15.4953646752467;18769.7308654785
15.4982811752796;23769.5182952881
15.5011976753126;13346.1095657349
15.5041141753456;18547.7121124268
15.5070306753786;35176.9531364441
15.5099471754116;26929.602645874
15.5128636754446;43176.482131958
15.5157801754775;56435.5546531677
15.5186966755105;53248.1388473511
15.5216131755435;62803.0452308655
15.5245296755765;65088.432636261
15.5274461756095;53896.2665176392
15.5303626756425;80115.840587616
15.5332791756754;77655.628911972
15.5361956757084;74719.1219100952
15.5391121757414;66492.3971366882
15.5420286757744;58278.135345459
15.5449451758074;57090.6585121155
15.5478616758404;54176.1450157166
15.5507781758734;39052.3293876648
15.5536946759063;29587.9194231033
15.5566111759393;29092.2892990112
15.5595276759723;30257.1673736572
15.5624441760053;26992.0982627869
15.5653606760383;29327.4797325134
15.5682771760713;18569.7459125519
15.5711936761042;26009.4502258301
15.5741101761372;18526.8752059937
15.5770266761702;22648.7347183228
15.5799431762032;8729.5832824707
15.5828596762362;11693.5417175293
15.5857761762692;11166.0180206299
15.5886926763022;5859.58338165283
15.5916091763351;12400.1114349365
15.5945256763681;10864.5519943237
15.5974421764011;17675.4998779297
15.6003586764341;5885.2082862854
15.6032751764671;6181.37445068359
15.6061916765001;10580.9032592773
15.609108176533;12121.7903728485
15.612024676566;10207.2916946411
15.614941176599;7448.33343505859
15.617857676632;6918.94818878174
15.620774176665;14459.6966762543
15.623690676698;12284.4621276855
15.626607176731;7943.75016784668
15.6295236767639;10352.4998626709
15.6324401767969;8355.32004547119
15.6353566768299;7379.99998092651
15.6382731768629;3459.37506103516
15.6411896768959;8776.55621337891
15.6441061769289;8097.50008392334
15.6470226769618;12573.333366394
15.6499391769948;13982.7082672119
15.6528556770278;10931.6996383667
15.6557721770608;4680.83335876465
15.6586886770938;6841.87535095215
15.6616051771268;11121.2499847412
15.6645216771598;13372.736114502
15.6674381771927;13453.1249351501
15.6703546772257;10609.0236053467
15.6732711772587;8669.79163360596
15.6761876772917;10104.7917480469
15.6791041773247;13265.2128601074
15.6820206773577;8251.24993896484
15.6849371773906;13982.7086029053
15.6878536774236;10839.3750610352
15.6907701774566;14572.4018630981
15.6936866774896;4894.375
15.6966031775226;15597.0830993652
15.6995196775556;14717.3468399048
15.7024361775886;28214.2461776733
15.7053526776215;57884.0906219482
15.7082691776545;85210.4160308838
15.7111856776875;172848.959529877
15.7141021777205;286063.89491272
15.7170186777535;443675.291007996
15.7199351777865;760501.109031677
15.7228516778194;1082789.41181183
15.7257681778524;1597022.65722656
15.7286846778854;2154065.87115097
15.7316011779184;3120442.38318062
15.7345176779514;4064664.51149368
15.7374341779844;5462138.96679115
15.7403506780173;6966350.83344269
15.7432671780503;8239267.7938385
15.7461836780833;10372674.4909897
15.7491001781163;12802106.4350739
15.7520166781493;15651969.7650795
15.7549331781823;17616621.1835947
15.7578496782153;20526748.7078056
15.7607661782482;23323558.3187943
15.7636826782812;26118376.1113262
15.7665991783142;28018866.5037498
15.7695156783472;30557338.6535263
15.7724321783802;32240572.8564816
15.7753486784132;35733045.8996048
15.7782651784461;37494657.0992966
15.7811816784791;39866271.6167068
15.7840981785121;42561988.1513062
15.7870146785451;43008927.3483906
15.7899311785781;44069811.3096695
15.7928476786111;45191386.2522278
15.7957641786441;43230980.9200172
15.798680678677;41564520.2161713
15.80159717871;37442761.3147697
15.804513678743;32512307.5968323
15.807430178776;24403607.274744
15.810346678809;18502527.1661758
15.813263178842;13126520.0100632
15.8161796788749;8281020.49015808
15.8190961789079;5427821.4654274
15.8220126789409;3419368.05882645
15.8249291789739;2316982.99636841
15.8278456790069;1425609.266716
15.8307621790399;1030997.42654419
15.8336786790729;758539.161697388
15.8365951791058;686918.944925308
15.8395116791388;546857.765617371
15.8424281791718;453708.861463547
15.8453446792048;407086.021585464
15.8482611792378;339599.13760376
15.8511776792708;285176.901727676
15.8540941793037;279142.857017517
15.8570106793367;271278.857408524
15.8599271793697;228847.757993698
15.8628436794027;260612.292802811
15.8657601794357;189626.598554611
15.8686766794687;230183.521022797
15.8715931795017;221304.830085754
15.8745096795346;169990.905696869
15.8774261795676;161681.541324615
15.8803426796006;153864.014026642
15.8832591796336;153082.937522888
15.8861756796666;162804.660621643
15.8890921796996;114894.896511078
15.8920086797325;137473.414541245
15.8949251797655;115942.892597198
15.8978416797985;124459.417060852
15.9007581798315;113301.918403625
15.9036746798645;95027.5146408081
15.9065911798975;119354.196403503
15.9095076799304;83681.8938713074
15.9124241799634;75703.8432044983
15.9153406799964;86869.1881637573
15.9182571800294;83967.4809646606
15.9211736800624;72377.6358222961
15.9240901800954;92773.806098938
15.9270066801284;73388.6924324036
15.9299231801613;89380.5052871704
15.9328396801943;78527.1632843018
15.9357561802273;70414.5378990173
15.9386726802603;72084.4127311707
15.9415891802933;65418.0682678223
15.9445056803263;63513.7257995605
15.9474221803592;67337.8199577332
15.9503386803922;40634.905921936
15.9532551804252;63893.6498794556
15.9561716804582;47649.991733551
15.9590881804912;53282.0503883362
15.9620046805242;48938.1210899353
15.9649211805572;38223.445608139
15.9678376805901;58225.794965744
15.9707541806231;57553.0981292725
15.9736706806561;52369.5156402588
15.9765871806891;51885.7539978027
15.9795036807221;50356.4120025635
15.9824201807551;42923.7599411011
15.985336680788;41671.9217414856
15.988253180821;40201.3138217926
15.991169680854;43759.1933898926
15.994086180887;48992.4321975708
15.99700268092;40907.3627510071
15.999919180953;52614.6990318298
16.002835680986;43457.1328582764
16.0057521810189;34319.7995147705
16.0086686810519;37844.6162242889
16.0115851810849;49183.9691467285
16.0145016811179;44681.2486419678
16.0174181811509;41408.5893249512
16.0203346811839;40054.5138111115
16.0232511812168;36173.9362640381
16.0261676812498;38596.1938781738
16.0290841812828;33962.2939758301
16.0320006813158;54993.4938583374
16.0349171813488;32336.0780715942
16.0378336813818;38295.1634941101
16.0407501814148;19996.269317627
16.0436666814477;27639.1241912842
16.0465831814807;27448.4329986572
16.0494996815137;30786.7945785522
16.0524161815467;34181.7364654541
16.0553326815797;37251.000087738
16.0582491816127;30437.9458999634
16.0611656816456;26929.7458763123
16.0640821816786;27367.3611793518
16.0669986817116;30099.6730957031
16.0699151817446;21244.943572998
16.0728316817776;28300.6522350311
16.0757481818106;29609.7966918945
16.0786646818436;39106.6296691895
16.0815811818765;27244.7542114258
16.0844976819095;33904.9508628845
16.0874141819425;23201.3979988098
16.0903306819755;34734.6889038086
16.0932471820085;30143.387928009
16.0961636820415;37543.4261245728
16.0990801820744;29184.8556747437
16.1019966821074;23668.9709587097
16.1049131821404;21080.8022460938
16.1078296821734;35448.6525726318
16.1107461822064;29743.1311397552
16.1136626822394;27204.9623527527
16.1165791822724;19013.7502326965
16.1194956823053;25151.4335193634
16.1224121823383;17810.9344997406
16.1253286823713;30084.6224975586
16.1282451824043;33585.9245109558
16.1311616824373;30920.9690704346
16.1340781824703;37190.4619846344
16.1369946825032;33531.8607177734
16.1399111825362;32524.7885284424
16.1428276825692;23689.7487697601
16.1457441826022;17108.9250812531
16.1486606826352;28308.0016059875
16.1515771826682;27457.9964065552
16.1544936827011;23667.0458602905
16.1574101827341;31105.3592529297
16.1603266827671;16753.8647155762
16.1632431828001;12540.9399414063
16.1661596828331;24129.8873901367
16.1690761828661;25244.0428552628
16.1719926828991;24961.2456817627
16.174909182932;37641.5983428955
16.177825682965;26667.0832519531
16.180742182998;21704.3749465942
16.183658683031;29179.871925354
16.186575183064;13584.9647674561
16.189491683097;31006.2498321533
16.1924081831299;29609.2477111816
16.1953246831629;10702.5877227783
16.1982411831959;22338.4192504883
16.2011576832289;15994.3127098083
16.2040741832619;19036.6096878052
16.2069906832949;26277.0353088379
16.2099071833279;22603.1577911377
16.2128236833608;16960.2971496582
16.2157401833938;21618.6110839844
16.2186566834268;19065.0586929321
16.2215731834598;26460.6347351074
16.2244896834928;22275.4657440186
16.2274061835258;12055.6255187988
16.2303226835587;12134.1287765503
16.2332391835917;17390.8333129883
16.2361556836247;20713.8843307495
16.2390721836577;20853.3617401123
16.2419886836907;16600.7891159058
16.2449051837237;23863.2980957031
16.2478216837567;23568.4184570313
16.2507381837896;25710.4937133789
16.2536546838226;14326.2811203003
16.2565711838556;14874.8899803162
16.2594876838886;24554.7091827393
16.2624041839216;24190.0000305176
16.2653206839546;16451.2499675751
16.2682371839875;9903.51022338867
16.2711536840205;13015.1706962585
16.2740701840535;24283.9584960938
16.2769866840865;24728.4380931854
16.2799031841195;19910.1660614014
16.2828196841525;14366.3571166992
16.2857361841854;22691.3900527954
16.2886526842184;28439.5941238403
16.2915691842514;15605.6250762939
16.2944856842844;25011.3076477051
16.2974021843174;25533.3697738647
16.3003186843504;26918.7956924438
16.3032351843834;27075.9312133789
16.3061516844163;25643.498840332
16.3090681844493;32425.7285747528
16.3119846844823;35867.2447052002
16.3149011845153;33721.1452999115
16.3178176845483;48592.2136535645
16.3207341845813;41949.6493759155
16.3236506846143;51001.4336853027
16.3265671846472;43381.8336296082
16.3294836846802;47169.6168289185
16.3324001847132;44708.3957901001
16.3353166847462;41438.5948448181
16.3382331847792;58266.6493358612
16.3411496848122;39745.1021175385
16.3440661848451;37179.1801757813
16.3469826848781;21542.6954803467
16.3498991849111;34460.09608078
16.3528156849441;34645.6825141907
16.3557321849771;30323.7636871338
16.3586486850101;25207.6780204773
16.361565185043;31677.9016265869
16.364481685076;20198.1831283569
16.367398185109;27177.0233230591
16.370314685142;30936.9585075378
16.373231185175;19127.5743675232
16.376147685208;21326.5443572998
16.379064185241;29118.6659088135
16.3819806852739;27055.8397140503
16.3848971853069;28542.756690979
16.3878136853399;24179.6789321899
16.3907301853729;25110.7349472046
16.3936466854059;16399.6649742126
16.3965631854389;21303.972618103
16.3994796854718;20661.9635124207
16.4023961855048;21364.099822998
16.4053126855378;19680.6932296753
16.4082291855708;14367.8446731567
16.4111456856038;14316.3869361877
16.4140621856368;18065.7416381836
16.4169786856698;14070.4143733978
16.4198951857027;10463.5415649414
16.4228116857357;11381.2371368408
16.4257281857687;10944.1028442383
16.4286446858017;19949.3171386719
16.4315611858347;17997.2916927338
16.4344776858677;10480.6249542236
16.4373941859006;16500.7154502869
16.4403106859336;12598.9583435059
16.4432271859666;16292.7081871033
16.4461436859996;17420.1941757202
16.4490601860326;11257.9166374207
16.4519766860656;13068.7501220703
16.4548931860986;16912.4997329712
16.4578096861315;22423.0010223389
16.4607261861645;16257.6207618713
16.4636426861975;24244.9729385376
16.4665591862305;24765.7504272461
16.4694756862635;13210.0081710815
16.4723921862965;29962.1610183716
16.4753086863294;28418.9654083252
16.4782251863624;39491.417755127
16.4811416863954;58427.9853668213
16.4840581864284;87267.325261116
16.4869746864614;106646.33131218
16.4898911864944;183804.63286972
16.4928076865274;255115.005672455
16.4957241865603;391595.947462082
16.4986406865933;533611.817558289
16.5015571866263;723590.427789688
16.5044736866593;889090.71182251
16.5073901866923;1230395.91938782
16.5103066867253;1456392.15649796
16.5132231867582;1775882.83036041
16.5161396867912;2100877.12804413
16.5190561868242;2298160.6924305
16.5219726868572;2313381.88594818
16.5248891868902;2571554.05148506
16.5278056869232;2421703.00267029
16.5307221869561;2327702.29526711
16.5336386869891;2253739.41401672
16.5365551870221;1995573.71897888
16.5394716870551;1819925.93901634
16.5423881870881;1479660.47583008
16.5453046871211;1272158.10792542
16.5482211871541;1099145.97603989
16.551137687187;912587.945690155
16.55405418722;612300.571792603
16.556970687253;524195.591474533
16.559887187286;344371.947799683
16.562803687319;315807.412460327
16.565720187352;251908.703636169
16.5686366873849;177085.218994141
16.5715531874179;159877.756763458
16.5744696874509;139436.009529114
16.5773861874839;96400.5339775085
16.5803026875169;88986.085231781
16.5832191875499;84071.0760879517
16.5861356875829;83421.6919994354
16.5890521876158;63186.902677536
16.5919686876488;79675.330286026
16.5948851876818;83454.6411247253
16.5978016877148;80066.2758331299
16.6007181877478;54291.8901481628
16.6036346877808;69347.6186180115
16.6065511878137;107643.843940735
16.6094676878467;105289.126964569
16.6123841878797;105940.993480682
16.6153006879127;123842.124372482
16.6182171879457;108567.064661026
16.6211336879787;105483.442165375
16.6240501880117;99345.9315338135
16.6269666880446;97852.9306526184
16.6298831880776;102723.382469177
16.6327996881106;105344.998542786
16.6357161881436;69547.2259731293
16.6386326881766;67744.0812072754
16.6415491882096;77430.4415588379
16.6444656882425;80154.856098175
16.6473821882755;78561.3968505859
16.6502986883085;81829.9758224487
16.6532151883415;101064.532875061
16.6561316883745;91480.3022613525
16.6590481884075;83753.1567687988
16.6619646884405;90432.3533172607
16.6648811884734;102345.121658325
16.6677976885064;97202.8677978516
16.6707141885394;94346.0042953491
16.6736306885724;104207.491668701
16.6765471886054;110279.71982193
16.6794636886384;95987.905506134
16.6823801886713;109819.184928894
16.6852966887043;106742.695152283
16.6882131887373;88219.9172706604
16.6911296887703;76693.2716007233
16.6940461888033;62913.7701931
16.6969626888363;63992.7530441284
16.6998791888693;58465.2874889374
16.7027956889022;49328.6090278625
16.7057121889352;60574.0371322632
16.7086286889682;56061.1273269653
16.7115451890012;43782.3746490479
16.7144616890342;41308.7487239838
16.7173781890672;28943.5782165527
16.7202946891001;26687.9485321045
16.7232111891331;34377.6264572144
16.7261276891661;26108.7014083862
16.7290441891991;24328.5965595245
16.7319606892321;35418.2490081787
16.7348771892651;20207.3786315918
16.737793689298;25982.4836425781
16.740710189331;18909.3845443726
16.743626689364;25699.7817840576
16.746543189397;19018.0108909607
16.74945968943;28267.1787509918
16.752376189463;28879.6884918213
16.755292689496;20201.0548744202
16.7582091895289;16999.0059738159
16.7611256895619;17758.3942489624
16.7640421895949;17688.6424407959
16.7669586896279;23465.7279052734
16.7698751896609;23147.9918727875
16.7727916896939;17105.112663269
16.7757081897268;14273.1249923706
16.7786246897598;12855.7135543823
16.7815411897928;18111.9032440186
16.7844576898258;9301.87506866455
16.7873741898588;15452.9581298828
16.7902906898918;11232.291929245
16.7932071899248;20885.5497436523
16.7961236899577;14290.2085342407
16.7990401899907;16417.3250656128
16.8019566900237;17587.2915802002
16.8048731900567;14167.2754058838
16.8077896900897;14170.6249465942
16.8107061901227;14224.5648727417
16.8136226901556;20351.4022064209
16.8165391901886;16477.815114975
16.8194556902216;14686.2087516785
16.8223721902546;13313.3392105103
16.8252886902876;15058.9583969116
16.8282051903206;13201.0696411133
16.8311216903536;10523.3387794495
16.8340381903865;13290.8333129883
16.8369546904195;14249.2201538086
16.8398711904525;12342.9416770935
16.8427876904855;20636.6668701172
16.8457041905185;16818.5418930054
16.8486206905515;15406.1023216248
16.8515371905844;14443.9587898254
16.8544536906174;15426.2498855591
16.8573701906504;24626.4504089355
16.8602866906834;17185.8333568573
16.8632031907164;18695.9259185791
16.8661196907494;9732.16645812988
16.8690361907823;18630.4548797607
16.8719526908153;18260.2999725342
16.8748691908483;14882.7243843079
16.8777856908813;19872.9912948608
16.8807021909143;18227.9165344238
16.8836186909473;17198.7802429199
16.8865351909803;14095.9329681396
16.8894516910132;10931.3006248474
16.8923681910462;21457.2293701172
16.8952846910792;15550.4029121399
16.8982011911122;17365.2085075378
16.9011176911452;13476.8872680664
16.9040341911782;9216.45840454102
16.9069506912112;12992.9096298218
16.9098671912441;13990.2547912598
16.9127836912771;18356.1050491333
16.9157001913101;27192.2163696289
16.9186166913431;14939.3753662109
16.9215331913761;11283.5417556763
16.9244496914091;12423.245803833
16.927366191442;8456.2569732666
16.930282691475;17954.5833320618
16.933199191508;12754.889251709
16.936115691541;17638.5443572998
16.939032191574;13851.6535339355
16.941948691607;22257.6888809204
16.9448651916399;14486.6666717529
16.9477816916729;12880.8331375122
16.9506981917059;10792.0310268402
16.9536146917389;12035.2083053589
16.9565311917719;10097.156036377
16.9594476918049;15862.1914978027
16.9623641918379;19213.3666992188
16.9652806918708;13067.6423721313
16.9681971919038;13794.7969360352
16.9711136919368;17313.9583053589
16.9740301919698;19892.8900032043
16.9769466920028;9344.58340454102
16.9798631920358;11275.0003967285
16.9827796920687;18724.0003356934
16.9856961921017;15315.2084274292
16.9886126921347;12098.5450439453
16.9915291921677;14343.0932769775
16.9944456922007;6577.08325195313
16.9973621922337;12598.9583740234
17.0002786922667;20622.1840515137
17.0031951922996;10540.4173736572
17.0061116923326;10207.2915306091
17.0090281923656;5517.91667938232
17.0119446923986;15701.963104248
17.0148611924316;16114.8832397461
17.0177776924646;9011.45825958252
17.0206941924975;12274.3748703003
17.0236106925305;12960.4735717773
17.0265271925635;14941.7736358643
17.0294436925965;10659.9999752045
17.0323601926295;6971.59137916565
17.0352766926625;12214.5832595825
17.0381931926955;12400.91015625
17.0411096927284;22379.2734680176
17.0440261927614;15100.8971557617
17.0469426927944;17245.9370422363
17.0498591928274;15313.7675552368
17.0527756928604;23504.6201477051
17.0556921928934;16058.336151123
17.0586086929263;20636.6666069031
17.0615251929593;23857.1890411377
17.0644416929923;25890.4425125122
17.0673581930253;18443.0397453308
17.0702746930583;27727.137260437
17.0731911930913;18443.9305648804
17.0761076931243;12923.5415992737
17.0790241931572;23481.2244949341
17.0819406931902;15023.7142562866
17.0848571932232;24374.0032653809
17.0877736932562;17104.6184425354
17.0906901932892;15775.769908905
17.0936066933222;18373.1252059937
17.0965231933551;12939.1779518127
17.0994396933881;20777.2529449463
17.1023561934211;17320.3400878906
17.1052726934541;15853.3869934082
17.1081891934871;13504.3750762939
17.1111056935201;14999.1665878296
17.114022193553;18898.1803207397
17.116938693586;12804.115020752
17.119855193619;13325.0002059937
17.122771693652;11693.5417480469
17.125688193685;10190.2082977295
17.128604693718;13470.2082939148
17.131521193751;13026.3374404907
17.1344376937839;12803.9584197998
17.1373541938169;11309.1667900085
17.1402706938499;14035.8614196777
17.1431871938829;13225.582069397
17.1461036939159;13736.8016662598
17.1490201939489;7901.91404724121
17.1519366939818;13548.223613739
17.1548531940148;10062.0832977295
17.1577696940478;11462.9166259766
17.1606861940808;7277.49993133545
17.1636026941138;3023.75
17.1665191941468;10864.9999237061
17.1694356941798;4954.16664123535
17.1723521942127;6184.1667175293
17.1752686942457;11019.1698150635
17.1781851942787;5312.91670227051
17.1811016943117;11540.0230560303
17.1840181943447;14262.8085632324
17.1869346943777;8036.61306762695
17.1898511944106;6645.41660690308
17.1927676944436;9276.2500038147
17.1956841944766;17220.3965988159
17.1986006945096;8945.96926498413
17.2015171945426;11317.7082519531
17.2044336945756;8703.95833587646
17.2073501946086;14238.958480835
17.2102666946415;13490.9420471191
17.2131831946745;8994.37504577637
17.2160996947075;10534.5293884277
17.2190161947405;14879.6439437866
17.2219326947735;5552.08337020874
17.2248491948065;5116.47216796875
17.2277656948394;9429.99985122681
17.2306821948724;10412.5595092773
17.2335986949054;8182.9167175293
17.2365151949384;11719.1667327881
17.2394316949714;13612.6317443848
17.2423481950044;17860.6250534058
17.2452646950374;10967.499961853
17.2481811950703;9171.63557243347
17.2510976951033;6824.79162216187
17.2540141951363;8797.91675567627
17.2569306951693;13914.6426467896
17.2598471952023;13873.6513137817
17.2627636952353;13350.6267547607
17.2656801952682;3869.37493896484
17.2685966953012;20705.0000457764
17.2715131953342;10014.8590354919
17.2744296953672;28134.9727630615
17.2773461954002;51050.4365711212
17.2802626954332;62976.1254806519
17.2831791954662;95547.9138755798
17.2860956954991;159230.124320984
17.2890121955321;263524.320274353
17.2919286955651;402383.391181946
17.2948451955981;535903.95129776
17.2977616956311;691444.169761658
17.3006781956641;1059278.5536499
17.303594695697;1402434.85089111
17.30651119573;1736435.07077408
17.309427695763;2244703.40513992
17.312344195796;2522715.72013474
17.315260695829;2978316.70364761
17.318177195862;3091779.00025177
17.3210936958949;3140716.69007874
17.3240101959279;3298307.17694092
17.3269266959609;3123288.34024239
17.3298431959939;3149564.84511948
17.3327596960269;2889888.92519379
17.3356761960599;2708461.3592186
17.3385926960929;2273197.60274124
17.3415091961258;1896547.00065994
17.3444256961588;1485892.97647667
17.3473421961918;1254220.49332428
17.3502586962248;1097430.1548748
17.3531751962578;751847.433555603
17.3560916962908;640767.023136139
17.3590081963237;492373.687160492
17.3619246963567;463704.336990356
17.3648411963897;323768.123270035
17.3677576964227;230123.02091217
17.3706741964557;225004.00712204
17.3735906964887;224381.832681656
17.3765071965217;139597.628982544
17.3794236965546;139307.055488586
17.3823401965876;124668.356567383
17.3852566966206;105930.489135742
17.3881731966536;104183.323287964
17.3910896966866;82948.1031036377
17.3940061967196;74179.929901123
17.3969226967525;52461.7943878174
17.3998391967855;77653.9425506592
17.4027556968185;67292.5116348267
17.4056721968515;60997.3963775635
17.4085886968845;54319.9538192749
17.4115051969175;41114.7509918213
17.4144216969505;45141.8539924622
17.4173381969834;36890.5678825378
17.4202546970164;49910.058588028
17.4231711970494;39708.6699523926
17.4260876970824;36903.3830108643
17.4290041971154;43128.6867599487
17.4319206971484;47217.4705657959
17.4348371971813;34565.3362789154
17.4377536972143;35616.3299636841
17.4406701972473;37369.7498550415
17.4435866972803;23719.1099014282
17.4465031973133;31494.781665802
17.4494196973463;34316.6622238159
17.4523361973793;37235.3530845642
17.4552526974122;27159.2576904297
17.4581691974452;30614.5963802338
17.4610856974782;25599.7663192749
17.4640021975112;23048.050994873
17.4669186975442;37783.1993179321
17.4698351975772;32751.9258422852
17.4727516976101;21490.1419410706
17.4756681976431;27288.3231964111
17.4785846976761;31040.416809082
17.4815011977091;22986.7801094055
17.4844176977421;24010.7426109314
17.4873341977751;22648.7553405762
17.490250697808;21152.347442627
17.493167197841;23242.1346130371
17.496083697874;20813.0635223389
17.499000197907;18530.9145965576
17.50191669794;17641.980846405
17.504833197973;26189.4386444092
17.507749698006;22577.0941619873
17.5106661980389;29200.2819213867
17.5135826980719;26344.7043914795
17.5164991981049;22835.5573120117
17.5194156981379;17579.5115623474
17.5223321981709;24844.1369018555
17.5252486982039;17733.5355110168
17.5281651982368;26121.087310791
17.5310816982698;17134.583404541
17.5339981983028;18390.2113647461
17.5369146983358;24094.6775588989
17.5398311983688;30170.6478424072
17.5427476984018;17407.916847229
17.5456641984348;31058.1206207275
17.5485806984677;25866.8407707214
17.5514971985007;27075.638168335
17.5544136985337;20927.1407165527
17.5573301985667;21691.3707942963
17.5602466985997;19945.9620361328
17.5631631986327;19258.2086486816
17.5660796986656;16900.654958725
17.5689961986986;17861.4168930054
17.5719126987316;19906.3930950165
17.5748291987646;17655.6260948181
17.5777456987976;21952.1740875244
17.5806621988306;16220.6250610352
17.5835786988636;11746.8359603882
17.5864951988965;19050.806427002
17.5894116989295;12025.4238739014
17.5923281989625;17294.0607299805
17.5952446989955;10872.0814723969
17.5981611990285;15221.2501373291
17.6010776990615;20739.1667175293
17.6039941990944;10479.5637130737
17.6069106991274;15742.850402832
17.6098271991604;18646.4677658081
17.6127436991934;13852.6939697266
17.6156601992264;17351.9636077881
17.6185766992594;11966.3328857422
17.6214931992924;17657.0962982178
17.6244096993253;16016.4115257263
17.6273261993583;16175.439453125
17.6302426993913;27254.6775054932
17.6331591994243;21117.0022239685
17.6360756994573;17376.3360214233
17.6389921994903;21507.9182281494
17.6419086995232;20761.3665542603
17.6448251995562;11386.094543457
17.6477416995892;21917.9187507629
17.6506581996222;14021.1167144775
17.6535746996552;13137.0833740234
17.6564911996882;7286.04175949097
17.6594076997212;9694.79167747498
17.6623241997541;19282.8661613464
17.6652406997871;19968.9093933105
17.6681571998201;21581.0984039307
17.6710736998531;20466.986000061
17.6739901998861;20824.5872039795
17.6769066999191;19268.7091827393
17.679823199952;16367.6246051788
17.682739699985;15883.872177124
17.685656200018;22558.5466003418
17.688572700051;16818.5423622131
17.691489200084;26812.6823883057
17.694405700117;29864.420331955
17.6973222001499;27008.819152832
17.7002387001829;27917.8718261719
17.7031552002159;55430.2675743103
17.7060717002489;71265.9217147827
17.7089882002819;133879.349475861
17.7119047003149;233615.925476074
17.7148212003479;351964.139450073
17.7177377003808;556331.42364502
17.7206542004138;951371.477781296
17.7235707004468;1377927.83567047
17.7264872004798;1869661.26069641
17.7294037005128;2649467.74919891
17.7323202005458;3635328.2563858
17.7352367005787;4763891.18961716
17.7381532006117;5991319.81561279
17.7410697006447;7199411.37555695
17.7439862006777;8512779.03168106
17.7469027007107;10275140.2880745
17.7498192007437;11839641.7321701
17.7527357007767;12989431.5426254
17.7556522008096;14417407.6646957
17.7585687008426;15626406.7604065
17.7614852008756;16714356.4919891
17.7644017009086;16672791.8506203
17.7673182009416;15451093.3501663
17.7702347009746;14096291.2243919
17.7731512010075;12206832.8730431
17.7760677010405;10472137.0061951
17.7789842010735;8483392.4490509
17.7819007011065;6813598.20753098
17.7848172011395;5167935.26750946
17.7877337011725;3836645.23734856
17.7906502012055;2656498.57289124
17.7935667012384;1944700.49742126
17.7964832012714;1348707.42667007
17.7993997013044;920449.530477524
17.8023162013374;728400.419231415
17.8052327013704;530366.768608093
17.8081492014034;421450.048545837
17.8110657014363;345088.459873199
17.8139822014693;242787.925994873
17.8168987015023;234655.181137085
17.8198152015353;204100.572227478
17.8227317015683;204785.80355072
17.8256482016013;172472.124656677
17.8285647016342;149213.342132568
17.8314812016672;156151.093826294
17.8343977017002;120501.592229843
17.8373142017332;108230.529964447
17.8402307017662;104396.763198853
17.8431472017992;97834.8618927002
17.8460637018322;106111.615234375
17.8489802018651;92181.7282943726
17.8518967018981;75264.2702713013
17.8548132019311;70622.2265701294
17.8577297019641;83296.1734695435
17.8606462019971;69939.5058116913
17.8635627020301;59466.0197410584
17.8664792020631;71433.1089000702
17.869395702096;51200.5395889282
17.872312202129;52283.923538208
17.875228702162;36761.0294303894
17.878145202195;46975.4239273071
17.881061702228;63233.7869796753
17.883978202261;44310.5295085907
17.8868947022939;35101.7783279419
17.8898112023269;48819.4053497314
17.8927277023599;45745.5236282349
17.8956442023929;37652.4361877441
17.8985607024259;50116.6221618652
17.9014772024589;46301.6278076172
17.9043937024918;42231.833656311
17.9073102025248;34819.2472324371
17.9102267025578;36411.8749694824
17.9131432025908;24231.3880119324
17.9160597026238;44356.986541748
17.9189762026568;27147.2726325989
17.9218927026898;34855.4093093872
17.9248092027227;26582.0435218811
17.9277257027557;17672.7110481262
17.9306422027887;32677.8416442871
17.9335587028217;25365.6635856628
17.9364752028547;25753.1284942627
17.9393917028877;30318.2979412079
17.9423082029206;26662.8861694336
17.9452247029536;24600.0083312988
17.9481412029866;25403.365776062
17.9510577030196;21896.9933757782
17.9539742030526;27717.6128196716
17.9568907030856;21917.1651916504
17.9598072031186;26185.6551361084
17.9627237031515;18890.0826034546
17.9656402031845;28880.0270614624
17.9685567032175;30249.598991394
17.9714732032505;23821.2707443237
17.9743897032835;27768.9833049774
17.9773062033165;29773.4755649567
17.9802227033494;25068.5672264099
17.9831392033824;30203.5338058472
17.9860557034154;22644.0152053833
17.9889722034484;27491.9168395996
17.9918887034814;21617.9381866455
17.9948052035144;28631.8624401093
17.9977217035474;28111.4900970459
18.0006382035803;27498.3236618042
18.0035547036133;24141.1747741699
18.0064712036463;23588.3355331421
18.0093877036793;28311.8390350342
18.0123042037123;23999.84815979
18.0152207037453;30523.2440948486
18.0181372037782;20167.0048027039
18.0210537038112;26875.9216461182
18.0239702038442;19628.7500610352
18.0268867038772;29810.8543605804
18.0298032039102;21948.4233093262
18.0327197039432;28934.6781387329
18.0356362039762;18137.1692047119
18.0385527040091;25803.1713104248
18.0414692040421;23737.6195983887
18.0443857040751;19013.7534179688
18.0473022041081;22698.8489608765
18.0502187041411;9942.50054931641
18.0531352041741;18464.27003479
18.056051704207;12556.2499389648
18.05896820424;29832.6622848511
18.061884704273;25880.4083786011
18.064801204306;18603.755531311
18.067717704339;24283.3623275757
18.070634204372;14189.6283168793
18.0735507044049;14908.0281448364
18.0764672044379;24626.0946273804
18.0793837044709;30651.7717857361
18.0823002045039;16421.3502559662
18.0852167045369;29041.2272758484
18.0881332045699;27873.3938331604
18.0910497046029;20060.2286739349
18.0939662046358;25411.4760437012
18.0968827046688;28126.337097168
18.0997992047018;26975.3243904114
18.1027157047348;32543.7498931885
18.1056322047678;24830.6348724365
18.1085487048008;9250.62498474121
18.1114652048337;34520.9961395264
18.1143817048667;30146.8114967346
18.1172982048997;36363.287979126
18.1202147049327;35073.0725402832
18.1231312049657;39157.7493591309
18.1260477049987;42033.6452064514
18.1289642050317;46030.6402664185
18.1318807050646;59123.733455658
18.1347972050976;42110.593793869
18.1377137051306;62807.8368034363
18.1406302051636;55026.9422607422
18.1435467051966;66389.2972259521
18.1464632052296;46137.595785141
18.1493797052625;61876.8931770325
18.1522962052955;69914.1174449921
18.1552127053285;51697.4359645844
18.1581292053615;45344.298614502
18.1610457053945;39984.3489837646
18.1639622054275;44756.0196418762
18.1668787054605;47441.6625881195
18.1697952054934;33804.987411499
18.1727117055264;27197.8282909393
18.1756282055594;27513.5001449585
18.1785447055924;16029.2841072083
18.1814612056254;20336.565322876
18.1843777056584;21248.06483078
18.1872942056913;18171.7910499573
18.1902107057243;21661.6665267944
18.1931272057573;24917.4956569672
18.1960437057903;16237.7103157043
18.1989602058233;14712.1224250793
18.2018767058563;22521.6647071838
18.2047932058893;14888.6416320801
18.2077097059222;22758.1717987061
18.2106262059552;15776.4588928223
18.2135427059882;25438.6019668579
18.2164592060212;15458.8328056335
18.2193757060542;16343.0671348572
18.2222922060872;25420.1357040405
18.2252087061201;19815.2769069672
18.2281252061531;31626.5379104614
18.2310417061861;16811.8214797974
18.2339582062191;12957.0301933289
18.2368747062521;21057.5627975464
18.2397912062851;20478.4727630615
18.2427077063181;32991.8731803894
18.245624206351;13607.2469787598
18.248540706384;23779.3759460449
18.251457206417;14247.500328064
18.25437370645;18723.3333892822
18.257290206483;14753.9139251709
18.260206706516;20637.8659133911
18.2631232065489;10660
18.2660397065819;22985.8584747314
18.2689562066149;16929.9083557129
18.2718727066479;13994.2040557861
18.2747892066809;5462.52182006836
18.2777057067139;17539.3768310547
18.2806222067468;17570.9527015686
18.2835387067798;12395.7628097534
18.2864552068128;17134.636882782
18.2893717068458;15340.8333969116
18.2922882068788;16809.9999008179
18.2952047069118;33052.3931236267
18.2981212069448;19609.2408905029
18.3010377069777;14571.0998077393
18.3039542070107;26279.4304046631
18.3068707070437;28755.6884231567
18.3097872070767;42149.5788040161
18.3127037071097;64609.5693588257
18.3156202071427;57557.0039367676
18.3185367071756;45782.0421714783
18.3214532072086;99666.1049728394
18.3243697072416;79925.5339889526
18.3272862072746;87883.5402050018
18.3302027073076;109031.782394409
18.3331192073406;88899.630947113
18.3360357073736;104558.6600914
18.3389522074065;103279.380073547
18.3418687074395;99692.2327232361
18.3447852074725;96830.1355056763
18.3477017075055;95508.1586418152
18.3506182075385;97961.3459835052
18.3535347075715;60096.2619743347
18.3564512076044;62078.1556854248
18.3593677076374;50928.720615387
18.3622842076704;49858.3845405579
18.3652007077034;30360.9375915527
18.3681172077364;33483.0399780273
18.3710337077694;25726.2420845032
18.3739502078024;32083.9427947998
18.3768667078353;24112.3953018188
18.3797832078683;28315.6418399811
18.3826997079013;24367.6894340515
18.3856162079343;28666.0001373291
18.3885327079673;27336.3253250122
18.3914492080003;17288.3359146118
18.3943657080332;25265.2568283081
18.3972822080662;18215.9527702332
18.4001987080992;17426.8750915527
18.4031152081322;14951.3847618103
18.4060317081652;24413.1299362183
18.4089482081982;14212.7138061523
18.4118647082312;14905.2100830078
18.4147812082641;18109.127166748
18.4176977082971;17416.8714962006
18.4206142083301;16792.932800293
18.4235307083631;13852.4956283569
18.4264472083961;23477.7002258301
18.4293637084291;12300.00050354
18.432280208462;15951.5126266479
18.435196708495;6653.95834350586
18.438113208528;18253.4841766357
18.441029708561;27701.1647262573
18.443946208594;13032.0148124695
18.446862708627;20705.6778411865
18.44977920866;18259.7617759705
18.4526957086929;11593.3399353027
18.4556122087259;8985.83326721191
18.4585287087589;7209.16674041748
18.4614452087919;16408.5416259766
18.4643617088249;17356.6665878296
18.4672782088579;13769.1666259766
18.4701947088908;14367.0985927582
18.4731112089238;16697.3737182617
18.4760277089568;10779.5833854675
18.4789442089898;26457.3759765625
18.4818607090228;16398.4552078247
18.4847772090558;9965.14747619629
18.4876937090887;18311.403137207
18.4906102091217;12429.237071991
18.4935267091547;12599.8044204712
18.4964432091877;16564.626625061
18.4993597092207;10173.1249694824
18.5022762092537;13290.8331604004
18.5051927092867;5868.12489318848
18.5081092093196;26259.5103569031
18.5110257093526;10800.2039871216
18.5139422093856;10832.3522872925
18.5168587094186;10164.5847015381
18.5197752094516;10181.6667480469
18.5226917094846;9421.45847320557
18.5256082095175;12940.6294403076
18.5285247095505;11104.166595459
18.5314412095835;16882.6664028168
18.5343577096165;12188.9711055756
18.5372742096495;7072.49992370605
18.5401907096825;11462.9172973633
18.5431072097155;9186.4224395752
18.5460237097484;16545.2095336914
18.5489402097814;10882.0834197998
18.5518567098144;13623.9624481201
18.5547732098474;18040.0701446533
18.5576897098804;15952.6059570313
18.5606062099134;12819.6113128662
18.5635227099463;12240.2084579468
18.5664392099793;13341.8444213867
18.5693557100123;6671.04167175293
18.5722722100453;14358.5555229187
18.5751887100783;16902.5193939209
18.5781052101113;9921.1787109375
18.5810217101443;13188.3342132568
18.5839382101772;17315.1319885254
18.5868547102102;21541.2011413574
18.5897712102432;13752.5400390625
18.5926877102762;8157.29159545898
18.5956042103092;8281.47213745117
18.5985207103422;16716.0417175293
18.6014372103751;12863.3928451538
18.6043537104081;13205.4168243408
18.6072702104411;12967.7369670868
18.6101867104741;8953.14866638184
18.6131032105071;17928.9585266113
18.6160197105401;17160.208114624
18.6189362105731;7576.56255340576
18.621852710606;9498.33332443237
18.624769210639;19593.3295898438
18.627685710672;12581.8750743866
18.630602210705;9938.26571655273
18.633518710738;10217.177444458
18.636435210771;12251.4499816895
18.6393517108039;9857.08339691162
18.6422682108369;9639.41282653809
18.6451847108699;9515.41665649414
18.6481012109029;12359.7918701172
18.6510177109359;5500.83334350586
18.6539342109689;9464.16672325134
18.6568507110018;11591.0415019989
18.6597672110348;18022.4396438599
18.6626837110678;18822.1075973511
18.6656002111008;20605.4321670532
18.6685167111338;19326.4394493103
18.6714332111668;12181.4824066162
18.6743497111998;17928.9583282471
18.6772662112327;12103.5415649414
18.6801827112657;9259.16907501221
18.6830992112987;13085.8330745697
18.6860157113317;11172.4998855591
18.6889322113647;12584.6431179047
18.6918487113977;10395.2083129883
18.6947652114306;8951.66664123535
18.6976817114636;17006.4585189819
18.7005982114966;16878.3331298828
18.7035147115296;10241.458404541
18.7064312115626;9780.20823287964
18.7093477115956;8157.29161834717
18.7122642116286;13736.6295394897
18.7151807116615;11813.127204895
18.7180972116945;12530.6843261719
18.7210137117275;11018.7500610352
18.7239302117605;16750.2086696625
18.7268467117935;11023.6656227112
18.7297632118265;8943.12506103516
18.7326797118594;12769.8036575317
18.7355962118924;10301.2498168945
18.7385127119254;19270.008682251
18.7414292119584;10432.3472442627
18.7443457119914;16695.4153556824
18.7472622120244;14097.229675293
18.7501787120574;14579.0141601563
18.7530952120903;13769.1664581299
18.7560117121233;9618.26383972168
18.7589282121563;10112.9130630493
18.7618447121893;11163.9582519531
18.7647612122223;14819.792640686
18.7676777122553;9874.16647338867
18.7705942122882;6585.6249961853
18.7735107123212;4313.54168701172
18.7764272123542;7270.13760375977
18.7793437123872;20665.0169067383
18.7822602124202;14546.4581756592
18.7851767124532;11975.4166870117
18.7880932124862;18292.0884361267
18.7910097125191;20922.1488113403
18.7939262125521;27673.8191795349
18.7968427125851;30119.3732910156
18.7997592126181;23321.5310287476
18.8026757126511;21936.052444458
18.8055922126841;28197.7340927124
18.808508712717;57436.8986701965
18.81142521275;67866.8020915985
18.814341712783;111022.879930496
18.817258212816;164740.926609039
18.820174712849;286080.07409668
18.823091212882;488713.109500885
18.826007712915;709699.332862854
18.8289242129479;1104015.41899681
18.8318407129809;1582416.77318573
18.8347572130139;2137371.40808105
18.8376737130469;2842125.35868835
18.8405902130799;3896797.29116821
18.8435067131129;4766665.70109177
18.8464232131458;5863347.16914368
18.8493397131788;6749300.09479141
18.8522562132118;8444476.48957825
18.8551727132448;9954643.70448303
18.8580892132778;11111423.6732101
18.8610057133108;12066982.5459518
18.8639222133437;12153856.7660103
18.8668387133767;12296323.074482
18.8697552134097;11820590.0303726
18.8726717134427;10873711.6812267
18.8755882134757;9526297.16121864
18.8785047135087;7944587.22294617
18.8814212135417;6064499.96038818
18.8843377135746;4996393.87647247
18.8872542136076;3418966.54179573
18.8901707136406;2536107.73901558
18.8930872136736;1877718.79935455
18.8960037137066;1392072.34060669
18.8989202137396;1032311.65452576
18.9018367137725;815021.027210236
18.9047532138055;562687.646644592
18.9076697138385;486938.335403442
18.9105862138715;403297.33634758
18.9135027139045;318096.119823456
18.9164192139375;292609.46786499
18.9193357139705;234843.195854187
18.9222522140034;233152.841398239
18.9251687140364;190997.8956604
18.9280852140694;185295.576957703
18.9310017141024;147511.742677689
18.9339182141354;154891.100616455
18.9368347141684;128347.097845078
18.9397512142013;125207.520153046
18.9426677142343;106319.973182678
18.9455842142673;110805.565589905
18.9485007143003;99483.5975341797
18.9514172143333;93170.1502723694
18.9543337143663;76713.5164203644
18.9572502143993;81178.0628890991
18.9601667144322;86520.8092041016
18.9630832144652;80972.0173339844
18.9659997144982;56484.0136032104
18.9689162145312;68571.261390686
18.9718327145642;69110.1496391296
18.9747492145972;57454.437582016
18.9776657146301;57847.7082748413
18.9805822146631;69110.7279968262
18.9834987146961;64789.4677848816
18.9864152147291;62382.2333889008
18.9893317147621;38958.664276123
18.9922482147951;52507.6431884766
18.9951647148281;63385.1928291321
18.998081214861;49524.7151870728
19.000997714894;49567.0284881592
19.003914214927;35364.1800842285
19.00683071496;50293.6170043945
19.009747214993;41401.0294532776
19.012663715026;38149.5888786316
19.0155802150589;39366.7512397766
19.0184967150919;32479.4283828735
19.0214132151249;26374.4821891785
19.0243297151579;37828.4575271606
19.0272462151909;28550.2500419617
19.0301627152239;34115.4794578552
19.0330792152569;38745.2067718506
19.0359957152898;31430.2798690796
19.0389122153228;28490.4143981934
19.0418287153558;33623.0852661133
19.0447452153888;27442.1583862305
19.0476617154218;26823.9845581055
19.0505782154548;36937.5040397644
19.0534947154877;31464.9953384399
19.0564112155207;28476.2699928284
19.0593277155537;29308.6200485229
19.0622442155867;26638.6459274292
19.0651607156197;42884.0391159058
19.0680772156527;24228.5392494202
19.0709937156856;42127.7842845917
19.0739102157186;37568.2108516693
19.0768267157516;36144.8812294006
19.0797432157846;27179.5835723877
19.0826597158176;33654.9641494751
19.0855762158506;33552.1507873535
19.0884927158836;25163.8175964355
19.0914092159165;37439.7177410126
19.0943257159495;25012.7529029846
19.0972422159825;28424.2241439819
19.1001587160155;26101.3061962128
19.1030752160485;30495.7637634277
19.1059917160815;18014.3812713623
19.1089082161144;27556.5143890381
19.1118247161474;36462.6081237793
19.1147412161804;30369.6757049561
19.1176577162134;27356.3918819427
19.1205742162464;38280.5536308289
19.1234907162794;36533.4225845337
19.1264072163124;68153.0709342957
19.1293237163453;92298.7876281738
19.1322402163783;137442.347444534
19.1351567164113;203973.451980591
19.1380732164443;324469.164405823
19.1409897164773;430427.641242981
19.1439062165103;596146.429540634
19.1468227165432;830952.708213806
19.1497392165762;1048297.3317337
19.1526557166092;1332584.86673927
19.1555722166422;1589096.45631981
19.1584887166752;1781739.40760422
19.1614052167082;1986576.26063156
19.1643217167412;2181839.90103912
19.1672382167741;2335377.27746582
19.1701547168071;2199548.53922272
19.1730712168401;2152311.02931976
19.1759877168731;2048173.49675941
19.1789042169061;1887057.17552757
19.1818207169391;1639747.09654617
19.184737216972;1445835.96469879
19.187653717005;1285621.16476059
19.190570217038;1106997.63773918
19.193486717071;908009.592998505
19.196403217104;707687.92357254
19.199319717137;508732.729560852
19.20223621717;426844.615745544
19.2051527172029;359426.902526855
19.2080692172359;228358.210976601
19.2109857172689;223909.192451477
19.2139022173019;157653.580482483
19.2168187173349;153264.363147736
19.2197352173679;130134.796463013
19.2226517174008;124351.941709518
19.2255682174338;81885.0415229797
19.2284847174668;81273.0195083618
19.2314012174998;82591.424949646
19.2343177175328;90198.5916690826
19.2372342175658;65646.4638748169
19.2401507175987;71748.7001266479
19.2430672176317;67441.4767684937
19.2459837176647;52348.6008338928
19.2489002176977;76825.4946537018
19.2518167177307;57198.8524284363
19.2547332177637;61747.2209472656
19.2576497177967;66772.1449260712
19.2605662178296;64511.6668014526
19.2634827178626;63916.0676174164
19.2663992178956;53913.0584526062
19.2693157179286;79836.6910476685
19.2722322179616;53629.949005127
19.2751487179946;68432.4013214111
19.2780652180276;46896.7531547546
19.2809817180605;56939.5248641968
19.2838982180935;51387.0601797104
19.2868147181265;59729.1865081787
19.2897312181595;48358.2469406128
19.2926477181925;55199.0090179443
19.2955642182255;59225.8525495529
19.2984807182584;51842.7751178741
19.3013972182914;42592.064283371
19.3043137183244;46138.6018753052
19.3072302183574;66274.3440093994
19.3101467183904;50293.2791748047
19.3130632184234;47904.9390563965
19.3159797184563;68405.5728912354
19.3188962184893;66657.2804222107
19.3218127185223;58744.0984954834
19.3247292185553;38538.8769798279
19.3276457185883;42224.2643184662
19.3305622186213;51989.547832489
19.3334787186543;48878.649848938
19.3363952186872;51089.4506835938
19.3393117187202;57048.3906402588
19.3422282187532;69635.4036903381
19.3451447187862;53868.985168457
19.3480612188192;62499.9197502136
19.3509777188522;64919.8008117676
19.3538942188851;51916.3509063721
19.3568107189181;72884.842590332
19.3597272189511;55336.3120307922
19.3626437189841;54818.1833992004
19.3655602190171;70233.491607666
19.3684767190501;63764.3801307678
19.3713932190831;74948.0493488312
19.374309719116;67069.66431427
19.377226219149;60388.6460609436
19.380142719182;81576.8381557465
19.383059219215;84730.367521286
19.385975719248;78592.9535369873
19.388892219281;71037.7273139954
19.3918087193139;87034.3895187378
19.3947252193469;89253.7846450806
19.3976417193799;80551.9866390228
19.4005582194129;85517.3197383881
19.4034747194459;83478.6323318481
19.4063912194789;92088.2166957855
19.4093077195119;77087.3201141357
19.4122242195448;98573.1418876648
19.4151407195778;107652.987773895
19.4180572196108;74542.3341751099
19.4209737196438;82705.9647884369
19.4238902196768;96456.5280990601
19.4268067197098;81272.1233520508
19.4297232197427;91777.1530570984
19.4326397197757;79458.2821960449
19.4355562198087;93274.9489021301
19.4384727198417;82779.1483383179
19.4413892198747;86692.4621658325
19.4443057199077;76849.0969295502
19.4472222199406;64479.4496383667
19.4501387199736;63933.9433879852
19.4530552200066;67691.1302261353
19.4559717200396;41084.2818431854
19.4588882200726;52188.8253135681
19.4618047201056;52334.9597396851
19.4647212201386;57858.1112365723
19.4676377201715;59570.7739448547
19.4705542202045;56009.2910041809
19.4734707202375;48032.8809356689
19.4763872202705;62550.3424682617
19.4793037203035;34085.1696395874
19.4822202203365;67074.5457992554
19.4851367203694;94651.8439674377
19.4880532204024;117797.115745544
19.4909697204354;145816.982837677
19.4938862204684;243074.526599884
19.4968027205014;386904.679946899
19.4997192205344;542276.159137726
19.5026357205674;835297.591808319
19.5055522206003;1231760.50291443
19.5084687206333;1765277.30445862
19.5113852206663;2581813.70196915
19.5143017206993;3517257.09071922
19.5172182207323;4790462.46985245
19.5201347207653;5965935.57237244
19.5230512207982;7313142.91975403
19.5259677208312;9163755.53496552
19.5288842208642;10951248.1028442
19.5318007208972;13610985.1993332
19.5347172209302;15457254.3670807
19.5376337209632;17527145.5454102
19.5405502209962;20874305.516983
19.5434667210291;23198080.3253937
19.5463832210621;26168125.8184357
19.5492997210951;28894846.0048523
19.5522162211281;30993742.0478745
19.5551327211611;34082192.8130493
19.5580492211941;36401341.9711914
19.560965721227;38769763.5319824
19.56388222126;41400216.9389153
19.566798721293;44022057.7280273
19.569715221326;46938705.3579025
19.572631721359;49440031.6891289
19.575548221392;51771571.7220001
19.578464721425;54781958.7907867
19.5813812214579;56373311.5092373
19.5842977214909;59171098.0712204
19.5872142215239;63380043.7877617
19.5901307215569;64976877.0393524
19.5930472215899;67291334.8981323
19.5959637216229;71437252.3148193
19.5988802216558;74976310.6841354
19.6017967216888;76142213.7528362
19.6047132217218;77936938.5114365
19.6076297217548;80487408.550827
19.6105462217878;79774416.972805
19.6134627218208;84193255.9640503
19.6163792218538;85133538.4256134
19.6192957218867;86558972.8508453
19.6222122219197;89530184.5332203
19.6251287219527;87901165.4177246
19.6280452219857;84295216.4598236
19.6309617220187;73499244.3867188
19.6338782220517;54211347.9045067
19.6367947220846;33317498.8407097
19.6397112221176;16964503.4152031
19.6426277221506;9258675.20540428
19.6455442221836;5112395.87997055
19.6484607222166;3249005.22790813
19.6513772222496;2425669.77122498
19.6542937222825;1863775.1541748
19.6572102223155;1585056.56371689
19.6601267223485;1457718.5636158
19.6630432223815;1350065.95763016
19.6659597224145;1379654.03574371
19.6688762224475;1517481.63264847
19.6717927224805;1613293.29669952
19.6747092225134;1701654.14905357
19.6776257225464;1869437.37797165
19.6805422225794;2135777.80998802
19.6834587226124;2133539.61088371
19.6863752226454;2304820.21927643
19.6892917226784;2254869.94944
19.6922082227113;2248732.76602554
19.6951247227443;2083720.63289452
19.6980412227773;1878997.86878204
19.7009577228103;1622877.55098152
19.7038742228433;1368150.5249939
19.7067907228763;1226573.91107559
19.7097072229093;959472.54133606
19.7126237229422;785475.313940048
19.7155402229752;772196.750305176
19.7184567230082;632700.645671844
19.7213732230412;638350.035467148
19.7242897230742;606029.388168335
19.7272062231072;578236.126663208
19.7301227231401;643344.688354492
19.7330392231731;633012.891744614
19.7359557232061;639547.285964966
19.7388722232391;711092.12036705
19.7417887232721;670663.429645538
19.7447052233051;662373.849355698
19.7476217233381;654100.623336792
19.750538223371;642052.891223907
19.753454723404;637770.265239716
19.756371223437;561245.883214951
19.75928772347;553262.296510696
19.762204223503;479114.897972107
19.765120723536;426957.664337158
19.7680372235689;409055.927225113
19.7709537236019;337360.073097229
19.7738702236349;350210.020812988
19.7767867236679;260256.287994385
19.7797032237009;248846.912679672
19.7826197237339;218236.907073975
19.7855362237669;186850.692771912
19.7884527237998;216870.308698654
19.7913692238328;198690.429002762
19.7942857238658;170567.500301361
19.7972022238988;192332.202043533
19.8001187239318;180711.337392807
19.8030352239648;165175.593257904
19.8059517239977;156379.442770004
19.8088682240307;139576.89352417
19.8117847240637;149251.528877258
19.8147012240967;134198.352525711
19.8176177241297;139731.862594604
19.8205342241627;131770.151281357
19.8234507241956;128489.385314941
19.8263672242286;126157.793502808
19.8292837242616;108590.224086761
19.8322002242946;112784.494361877
19.8351167243276;126510.867279053
19.8380332243606;133155.379581451
19.8409497243936;133100.440757751
19.8438662244265;103828.220164299
19.8467827244595;99039.2332000732
19.8496992244925;135763.149856567
19.8526157245255;114256.370246887
19.8555322245585;84321.0327682495
19.8584487245915;109117.426849365
19.8613652246244;109984.214569092
19.8642817246574;110451.757808685
19.8671982246904;128393.538553238
19.8701147247234;118093.820056915
19.8730312247564;105001.914922714
19.8759477247894;130953.032142639
19.8788642248224;101607.113183975
19.8817807248553;95790.7519683838
19.8846972248883;115389.140256882
19.8876137249213;84246.1515312195
19.8905302249543;108350.491691589
19.8934467249873;97248.4074478149
19.8963632250203;92176.5172119141
19.8992797250532;104434.848342896
19.9021962250862;85251.5229263306
19.9051127251192;75276.3505859375
19.9080292251522;74531.5069503784
19.9109457251852;57423.8811416626
19.9138622252182;79237.3531150818
19.9167787252512;91192.4527244568
19.9196952252841;77584.3891372681
19.9226117253171;67607.7337646484
19.9255282253501;75263.0416946411
19.9284447253831;87720.7644252777
19.9313612254161;63601.6144218445
19.9342777254491;69701.8312835693
19.937194225482;78510.0567703247
19.940110725515;69829.2026023865
19.943027225548;62513.095954895
19.945943725581;80775.8189849854
19.948860225614;63539.0707855225
19.951776725647;78391.8056259155
19.95469322568;77019.5109024048
19.9576097257129;72718.3347473145
19.9605262257459;53701.9739570618
19.9634427257789;56438.3439788818
19.9663592258119;83060.7268257141
19.9692757258449;63597.616027832
19.9721922258779;65980.5987243652
19.9751087259108;66083.0758781433
19.9780252259438;57546.5667629242
19.9809417259768;68794.0164890289
19.9838582260098;54109.4942016602
19.9867747260428;53650.7320671082
19.9896912260758;74923.8495101929
19.9926077261088;62894.529006958
19.9955242261417;52809.7627944946
19.9984407261747;48193.6669006348
20.0013572262077;44156.3186302185
20.0042737262407;46672.6143722534
20.0071902262737;57420.3407745361
20.0101067263067;52788.0451526642
20.0130232263396;31326.1243591309
20.0159397263726;58047.6674804688
20.0188562264056;65112.3605232239
20.0217727264386;55478.5337867737
20.0246892264716;41713.2514343262
20.0276057265046;68368.7126312256
20.0305222265375;53408.5320243835
20.0334387265705;59333.7126922607
20.0363552266035;54896.8125038147
20.0392717266365;67811.415813446
20.0421882266695;65318.9211349487
20.0451047267025;73053.0903968811
20.0480212267355;66751.5290718079
20.0509377267684;53947.4164104462
20.0538542268014;66167.3968658447
20.0567707268344;57584.9933071136
20.0596872268674;74305.3223876953
20.0626037269004;68303.219707489
20.0655202269334;47296.5600719452
20.0684367269663;51644.0756530762
20.0713532269993;37220.29322052
20.0742697270323;59332.6923656464
20.0771862270653;44334.2754058838
20.0801027270983;54864.5884399414
20.0830192271313;32902.5213928223
20.0859357271643;36183.8273162842
20.0888522271972;60580.9690322876
20.0917687272302;50431.3112258911
20.0946852272632;44016.7732601166
20.0976017272962;48914.2514610291
20.1005182273292;39633.4196147919
20.1034347273622;40121.6180343628
20.1063512273951;30092.5640678406
20.1092677274281;31911.2606506348
20.1121842274611;44007.8212127686
20.1151007274941;36107.0278930664
20.1180172275271;30918.5479240417
20.1209337275601;37077.1065444946
20.1238502275931;31338.5651626587
20.126766727626;45392.848361969
20.129683227659;34899.0464792252
20.132599727692;40958.5517539978
20.135516227725;34715.2235832214
20.138432727758;32011.7326660156
20.141349227791;33521.580165863
20.1442657278239;25793.9633216858
20.1471822278569;24517.4405212402
20.1500987278899;34474.3977127075
20.1530152279229;32059.4126205444
20.1559317279559;25321.3078346252
20.1588482279889;37704.2963256836
20.1617647280219;50354.0539093018
20.1646812280548;27184.7796669006
20.1675977280878;36166.4376449585
20.1705142281208;39099.5463886261
20.1734307281538;38300.3887939453
20.1763472281868;33966.7052688599
20.1792637282198;47147.3676662445
20.1821802282527;31277.8880462646
20.1850967282857;33647.9275970459
20.1880132283187;34050.9738006592
20.1909297283517;27982.5013771057
20.1938462283847;31375.6018314362
20.1967627284177;33760.7416267395
20.1996792284506;37984.93019104
20.2025957284836;37205.4832248688
20.2055122285166;27682.7173614502
20.2084287285496;30781.2588043213
20.2113452285826;37320.5749969482
20.2142617286156;24113.1399879456
20.2171782286486;30584.0766639709
20.2200947286815;27234.2285690308
20.2230112287145;32806.528968811
20.2259277287475;32569.1856880188
20.2288442287805;41223.8431682587
20.2317607288135;50977.3384552002
20.2346772288465;46221.8030529022
20.2375937288795;57534.8362808228
20.2405102289124;40818.9506473541
20.2434267289454;49302.67918396
20.2463432289784;37868.1168060303
20.2492597290114;48266.6469230652
20.2521762290444;41483.2850837708
20.2550927290774;58578.6610412598
20.2580092291103;59562.3074398041
20.2609257291433;41415.7749252319
20.2638422291763;49118.1773891449
20.2667587292093;32245.7433395386
20.2696752292423;47509.3917922974
20.2725917292753;58607.6507873535
20.2755082293082;59884.6077861786
20.2784247293412;50028.3197250366
20.2813412293742;45354.6595153809
20.2842577294072;49347.199930191
20.2871742294402;29217.679485321
20.2900907294732;32669.0701637268
20.2930072295062;33940.9521179199
20.2959237295391;26306.6965141296
20.2988402295721;22937.2184715271
20.3017567296051;15420.2525596619
20.3046732296381;34629.357208252
20.3075897296711;45435.5051269531
20.3105062297041;27192.2886505127
20.313422729737;20021.6784667969
20.31633922977;30261.9763870239
20.319255729803;20492.6381607056
20.322172229836;27586.5841636658
20.325088729869;30965.8129959106
20.328005229902;32970.4809570313
20.330921729935;23523.75050354
20.3338382299679;27839.0092391968
20.3367547300009;32307.4993152618
20.3396712300339;26493.9147415161
20.3425877300669;28554.7363491058
20.3455042300999;25186.1707611084
20.3484207301329;32798.1975402832
20.3513372301658;27480.9737606049
20.3542537301988;27428.8976898193
20.3571702302318;26077.5893783569
20.3600867302648;33545.8408584595
20.3630032302978;32741.9672775269
20.3659197303308;22362.6044082642
20.3688362303638;25498.1117210388
20.3717527303967;36193.1477565765
20.3746692304297;23999.9691810608
20.3775857304627;20866.8629646301
20.3805022304957;28940.2946166992
20.3834187305287;20423.2008628845
20.3863352305617;37612.4020385742
20.3892517305946;33868.7316646576
20.3921682306276;29527.6553459167
20.3950847306606;33703.2872695923
20.3980012306936;34541.1735534668
20.4009177307266;26341.3961105347
20.4038342307596;32445.4658508301
20.4067507307925;30731.6036300659
20.4096672308255;28382.7479476929
20.4125837308585;28227.0091171265
20.4155002308915;29654.3848571777
20.4184167309245;21608.3400936127
20.4213332309575;33136.3324584961
20.4242497309905;26958.2870635986
20.4271662310234;18283.8774261475
20.4300827310564;34462.0201797485
20.4329992310894;33090.0974235535
20.4359157311224;50405.0483989716
20.4388322311554;53279.6193885803
20.4417487311884;64972.5365791321
20.4446652312213;73983.8176879883
20.4475817312543;88607.7707424164
20.4504982312873;85395.1798400879
20.4534147313203;100722.628608704
20.4563312313533;132010.155456543
20.4592477313863;126119.51086998
20.4621642314193;136758.055438995
20.4650807314522;146465.551048279
20.4679972314852;200698.889036179
20.4709137315182;161215.0616436
20.4738302315512;146210.38076973
20.4767467315842;129891.673250198
20.4796632316172;125146.705436707
20.4825797316501;104423.81401062
20.4854962316831;100309.17855835
20.4884127317161;71803.3788814545
20.4913292317491;80325.194486618
20.4942457317821;63614.6025295258
20.4971622318151;65046.5002059937
20.5000787318481;46920.7619686127
20.502995231881;59741.440196991
20.505911731914;30815.1209011078
20.508828231947;32991.8357429504
20.51174473198;31447.35064888
20.514661232013;31203.4914779663
20.517577732046;38235.8899345398
20.5204942320789;42535.9836921692
20.5234107321119;31184.8071746826
20.5263272321449;30056.0338497162
20.5292437321779;38196.4782752991
20.5321602322109;28487.8551197052
20.5350767322439;31262.4303131104
20.5379932322769;17074.6700649261
20.5409097323098;26187.9524440765
20.5438262323428;32825.1402854919
20.5467427323758;35430.8339996338
20.5496592324088;28485.1232452393
20.5525757324418;29265.955581665
20.5554922324748;23956.7767028809
20.5584087325077;16605.6777420044
20.5613252325407;43916.4560699463
20.5642417325737;17824.0882911682
20.5671582326067;35248.6540985107
20.5700747326397;39809.2606964111
20.5729912326727;28253.2922267914
20.5759077327057;30892.5693817139
20.5788242327386;26694.1743793488
20.5817407327716;37898.3451385498
20.5846572328046;28563.166765213
20.5875737328376;14979.6096191406
20.5904902328706;25947.3615112305
20.5934067329036;35866.4077110291
20.5963232329365;21900.699382782
20.5992397329695;30841.6223258972
20.6021562330025;46354.3297042847
20.6050727330355;55413.3524093628
20.6079892330685;87933.2407531738
20.6109057331015;127666.12739563
20.6138222331344;199267.487205505
20.6167387331674;356338.086406708
20.6196552332004;605341.172733307
20.6225717332334;990891.11264801
20.6254882332664;1508221.30150986
20.6284047332994;2246538.5623703
20.6313212333324;3300908.05774498
20.6342377333653;4630297.61869431
20.6371542333983;6180339.41737175
20.6400707334313;8071107.32594299
20.6429872334643;9883083.69295502
20.6459037334973;11725329.869278
20.6488202335303;13991103.4286194
20.6517367335632;16451908.176651
20.6546532335962;19023574.7435665
20.6575697336292;21629786.6159782
20.6604862336622;23906661.595108
20.6634027336952;26730030.5822525
20.6663192337282;29408970.678154
20.6692357337612;33507750.3312836
20.6721522337941;36145256.5689392
20.6750687338271;39097057.7109985
20.6779852338601;41317717.5108643
20.6809017338931;45836022.8247986
20.6838182339261;50137588.0186005
20.6867347339591;50423380.0235214
20.689651233992;52243981.1157494
20.692567734025;52533919.0944176
20.695484234058;53272137.5694733
20.698400734091;49880360.2507591
20.701317234124;44155175.5730896
20.704233734157;35191764.6431122
20.70715023419;25802799.1585197
20.7100667342229;16847390.3632889
20.7129832342559;11163669.7731323
20.7158997342889;6686776.94523621
20.7188162343219;4253653.58213997
20.7217327343549;2920076.85079575
20.7246492343879;1901620.2890377
20.7275657344208;1527694.89858437
20.7304822344538;1178080.341259
20.7333987344868;981341.039520264
20.7363152345198;844412.6510849
20.7392317345528;741925.435005188
20.7421482345858;613040.301696777
20.7450647346188;554826.757629395
20.7479812346517;531065.707431793
20.7508977346847;434152.332115173
20.7538142347177;422830.369239807
20.7567307347507;399625.953956604
20.7596472347837;369146.341239929
20.7625637348167;312105.126781464
20.7654802348496;344940.536946297
20.7683967348826;306684.08647728
20.7713132349156;294996.352859497
20.7742297349486;251502.878919601
20.7771462349816;229707.690343857
20.7800627350146;236203.221801758
20.7829792350475;238328.591796875
20.7858957350805;224983.443595886
20.7888122351135;223919.575811386
20.7917287351465;218642.42780304
20.7946452351795;198326.86995697
20.7975617352125;163493.863311768
20.8004782352455;199757.80437851
20.8033947352784;185370.564268112
20.8063112353114;174921.64018631
20.8092277353444;177253.89780426
20.8121442353774;175615.093040466
20.8150607354104;159040.482065201
20.8179772354434;161350.562896729
20.8208937354764;130412.248596191
20.8238102355093;151250.007854462
20.8267267355423;134074.078350067
20.8296432355753;133717.784202576
20.8325597356083;147245.299240112
20.8354762356413;146793.488807678
20.8383927356743;142846.334163666
20.8413092357072;136612.446388245
20.8442257357402;142347.988138199
20.8471422357732;123444.427028656
20.8500587358062;126452.233556747
20.8529752358392;113926.38520813
20.8558917358722;112630.924257278
20.8588082359051;114148.205907822
20.8617247359381;117543.701553345
20.8646412359711;108361.927293777
20.8675577360041;103383.70867157
20.8704742360371;100960.097366333
20.8733907360701;124583.220703125
20.8763072361031;144518.581655502
20.879223736136;123201.401229858
20.882140236169;121830.847621918
20.885056736202;134646.522499084
20.887973236235;128666.929388046
20.890889736268;130131.251783371
20.893806236301;127863.736522675
20.8967227363339;103697.83165741
20.8996392363669;101424.800685883
20.9025557363999;105111.801364899
20.9054722364329;109800.895214081
20.9083887364659;89194.8929233551
20.9113052364989;99536.310218811
20.9142217365319;88529.0375862122
20.9171382365648;84082.8094997406
20.9200547365978;94734.8169326782
20.9229712366308;88804.3290996552
20.9258877366638;79838.3877410889
20.9288042366968;63719.7728347778
20.9317207367298;65639.4090328217
20.9346372367627;77180.8076477051
20.9375537367957;57147.1299495697
20.9404702368287;82810.8324012756
20.9433867368617;73224.718963623
20.9463032368947;81404.4829597473
20.9492197369277;63061.1264801025
20.9521362369607;68176.6201553345
20.9550527369936;78807.1847114563
20.9579692370266;78327.9709777832
20.9608857370596;70875.0348129272
20.9638022370926;66938.349729538
20.9667187371256;78461.1847572327
20.9696352371586;59320.6765365601
20.9725517371915;71639.567984581
20.9754682372245;76178.1967544556
20.9783847372575;87270.9381561279
20.9813012372905;82357.9772186279
20.9842177373235;50457.9332313538
20.9871342373565;68733.2599201202
20.9900507373894;75328.622467041
20.9929672374224;58457.2602519989
20.9958837374554;63019.7805099487
20.9988002374884;50054.1503276825
21.0017167375214;65247.2976474762
21.0046332375544;53983.4898910522
21.0075497375874;64356.953666687
21.0104662376203;45492.2551708221
21.0133827376533;67788.8476638794
21.0162992376863;46302.217218399
21.0192157377193;64089.3386268616
21.0221322377523;54406.1568107605
21.0250487377853;38817.337677002
21.0279652378182;52944.1232185364
21.0308817378512;35976.3477802277
21.0337982378842;40998.1348266602
21.0367147379172;38401.9413986206
21.0396312379502;29096.8379898071
21.0425477379832;50631.6688976288
21.0454642380162;42659.8295040131
21.0483807380491;41239.7603530884
21.0512972380821;57429.9390296936
21.0542137381151;34081.5494766235
21.0571302381481;42557.7181739807
21.0600467381811;47713.0767192841
21.0629632382141;46244.346572876
21.065879738247;37977.7492523193
21.06879623828;50113.3978881836
21.071712738313;46941.7975120544
21.074629238346;51664.9094696045
21.077545738379;64066.3451499939
21.080462238412;52396.9943695068
21.083378738445;49926.8636684418
21.0862952384779;51526.570690155
21.0892117385109;41300.0320739746
21.0921282385439;48220.1300849915
21.0950447385769;39026.7964935303
21.0979612386099;37711.7316074371
21.1008777386429;44334.3377799988
21.1037942386758;42779.048116684
21.1067107387088;54153.185552597
21.1096272387418;38894.6253967285
21.1125437387748;42562.6774120331
21.1154602388078;43980.1125259399
21.1183767388408;43544.9044647217
21.1212932388738;34272.4643554688
21.1242097389067;31696.8765163422
21.1271262389397;36265.5094528198
21.1300427389727;41102.0105438232
21.1329592390057;31450.6640625
21.1358757390387;44048.5472221375
21.1387922390717;38551.278678894
21.1417087391046;34638.0598526001
21.1446252391376;23540.9746322632
21.1475417391706;45943.5776138306
21.1504582392036;36314.4879016876
21.1533747392366;32582.7430992126
21.1562912392696;39633.663269043
21.1592077393026;27255.0002174377
21.1621242393355;27214.4275436401
21.1650407393685;34034.3192691803
21.1679572394015;36855.8442230225
21.1708737394345;32486.0854911804
21.1737902394675;33537.2611885071
21.1767067395005;24075.3673839569
21.1796232395334;34701.3844146729
21.1825397395664;33660.350479126
21.1854562395994;34002.628068924
21.1883727396324;17969.872543335
21.1912892396654;31749.4051246643
21.1942057396984;29753.1601161957
21.1971222397314;29893.1723556519
21.2000387397643;39958.3088607788
21.2029552397973;30614.335226059
21.2058717398303;30176.5454864502
21.2087882398633;38319.1583023071
21.2117047398963;40577.3130455017
21.2146212399293;39406.7418785095
21.2175377399622;42596.1909484863
21.2204542399952;38633.0925350189
21.2233707400282;55307.4289150238
21.2262872400612;38717.5861740112
21.2292037400942;24594.8122558594
21.2321202401272;26240.3169822693
21.2350367401601;34336.5657348633
21.2379532401931;26536.4921836853
21.2408697402261;23941.702255249
21.2437862402591;31778.7840003967
21.2467027402921;32203.1116790771
21.2496192403251;31341.118938446
21.2525357403581;46646.5036392212
21.255452240391;24917.800491333
21.258368740424;33379.1216125488
21.261285240457;26318.5301551819
21.26420174049;26473.4975242615
21.267118240523;22904.0580329895
21.270034740556;21439.5932159424
21.2729512405889;21829.8745269775
21.2758677406219;29686.568649292
21.2787842406549;26052.240732193
21.2817007406879;29768.960149765
21.2846172407209;27359.0271606445
21.2875337407539;29723.1096801758
21.2904502407869;26704.6086540222
21.2933667408198;32236.0787811279
21.2962832408528;29747.4065551758
21.2991997408858;33902.3965415955
21.3021162409188;34533.4671669006
21.3050327409518;25169.4851455688
21.3079492409848;36517.6747589111
21.3108657410177;23858.5636444092
21.3137822410507;29197.6474990845
21.3166987410837;21583.8949642181
21.3196152411167;27310.1490764618
21.3225317411497;24059.0334968567
21.3254482411827;27643.3411254883
21.3283647412157;16843.3113250732
21.3312812412486;36211.0234146118
21.3341977412816;29248.8117446899
21.3371142413146;29524.1769714355
21.3400307413476;25017.9525146484
21.3429472413806;22535.4381484985
21.3458637414136;23647.5529136658
21.3487802414465;16397.6855812073
21.3516967414795;29682.612651825
21.3546132415125;25179.1069984436
21.3575297415455;24954.6826858521
21.3604462415785;25754.0073318481
21.3633627416115;36153.0096130371
21.3662792416444;25602.9505691528
21.3691957416774;25348.2928848267
21.3721122417104;20305.43957901
21.3750287417434;39628.8036155701
21.3779452417764;27075.6064968109
21.3808617418094;39808.290802002
21.3837782418424;50344.623046875
21.3866947418753;91722.2095413208
21.3896112419083;97321.9610900879
21.3925277419413;145605.613897324
21.3954442419743;202004.203727722
21.3983607420073;261288.295150757
21.4012772420403;367255.021549225
21.4041937420733;491296.260097504
21.4071102421062;659504.725822449
21.4100267421392;789743.520015717
21.4129432421722;838541.400892258
21.4158597422052;1009997.8834095
21.4187762422382;1006793.81172562
21.4216927422712;1069098.00470161
21.4246092423041;1071002.96735001
21.4275257423371;996004.127532959
21.4304422423701;941165.0835495
21.4333587424031;868199.027524948
21.4362752424361;673571.731527328
21.4391917424691;576683.689990997
21.442108242502;497133.040225983
21.445024742535;381052.991327286
21.447941242568;312900.772850037
21.450857742601;256357.315410614
21.453774242634;208246.850776672
21.456690742667;156281.614917755
21.4596072427;137064.390434265
21.4625237427329;112389.591217041
21.4654402427659;94291.5380401611
21.4683567427989;70773.673915863
21.4712732428319;55989.4748687744
21.4741897428649;48832.7331161499
21.4771062428979;57416.9493865967
21.4800227429308;67588.0793075562
21.4829392429638;48394.0694732666
21.4858557429968;55092.0986785889
21.4887722430298;49573.3663482666
21.4916887430628;52338.7252082825
21.4946052430958;43646.6261558533
21.4975217431288;33756.9342460632
21.5004382431617;28443.0720596313
21.5033547431947;39034.3353786469
21.5062712432277;32797.3011875153
21.5091877432607;50315.024520874
21.5121042432937;35708.4997673035
21.5150207433267;35695.165977478
21.5179372433596;40144.6252250671
21.5208537433926;47968.5779075623
21.5237702434256;51247.0035610199
21.5266867434586;63039.2925338745
21.5296032434916;63751.434009552
21.5325197435246;93500.174407959
21.5354362435576;96937.2856712341
21.5383527435905;106563.544120789
21.5412692436235;144253.619880676
21.5441857436565;169544.090642929
21.5471022436895;219349.903835297
21.5500187437225;227605.107761383
21.5529352437555;307779.676528931
21.5558517437884;330378.634185791
21.5587682438214;426840.307388306
21.5616847438544;486278.051101685
21.5646012438874;493811.876422882
21.5675177439204;481551.081274033
21.5704342439534;584847.698738098
21.5733507439863;597246.36917305
21.5762672440193;622325.890586853
21.5791837440523;637930.414859772
21.5821002440853;649737.524259567
21.5850167441183;544757.345085144
21.5879332441513;520447.00909996
21.5908497441843;533568.754653931
21.5937662442172;466947.755031586
21.5966827442502;483596.868291855
21.5995992442832;364533.645636559
21.6025157443162;363231.028432846
21.6054322443492;291882.746772766
21.6083487443822;304570.818313599
21.6112652444151;243223.851028442
21.6141817444481;221521.677055359
21.6170982444811;189143.139015198
21.6200147445141;153792.672376633
21.6229312445471;147872.845466614
21.6258477445801;129048.412359238
21.6287642446131;116794.433576584
21.631680744646;118421.97555542
21.634597244679;98875.1167945862
21.637513744712;90621.0580043793
21.640430244745;85311.4191894531
21.643346744778;78701.9365997314
21.646263244811;71497.4789772034
21.6491797448439;69130.6723022461
21.6520962448769;46175.5279769897
21.6550127449099;55566.9577884674
21.6579292449429;58731.8830413818
21.6608457449759;62619.4531936646
21.6637622450089;33792.9544296265
21.6666787450419;53686.3797035217
21.6695952450748;59357.879486084
21.6725117451078;48930.5626239777
21.6754282451408;58425.4017982483
21.6783447451738;39280.288433075
21.6812612452068;40546.8618469238
21.6841777452398;44074.2592048645
21.6870942452727;41862.5505981445
21.6900107453057;40991.3946723938
21.6929272453387;37628.2239608765
21.6958437453717;45528.7208194733
21.6987602454047;56997.2578048706
21.7016767454377;40650.7985401154
21.7045932454707;47194.9306488037
21.7075097455036;45416.8539772034
21.7104262455366;37281.2098922729
21.7133427455696;38830.9981460571
21.7162592456026;35888.0367889404
21.7191757456356;33011.8028335571
21.7220922456686;34989.2032852173
21.7250087457015;34008.5889968872
21.7279252457345;34296.913312912
21.7308417457675;40954.0000457764
21.7337582458005;38790.8229522705
21.7366747458335;34151.0536804199
21.7395912458665;45241.7248840332
21.7425077458995;22874.1474609375
21.7454242459324;28012.5343437195
21.7483407459654;36898.0955257416
21.7512572459984;41471.8684654236
21.7541737460314;19184.5916175842
21.7570902460644;29987.6373291016
21.7600067460974;29536.6501617432
21.7629232461303;40232.7180595398
21.7658397461633;39298.7066402435
21.7687562461963;23655.5143089294
21.7716727462293;22394.2974510193
21.7745892462623;47838.7329177856
21.7775057462953;40409.7772369385
21.7804222463283;29964.5887451172
21.7833387463612;23694.6610717773
21.7862552463942;30703.3359222412
21.7891717464272;33010.8738765717
21.7920882464602;24310.2427177429
21.7950047464932;29184.6730880737
21.7979212465262;24767.3211269379
21.8008377465591;29108.8152065277
21.8037542465921;31181.996421814
21.8066707466251;30190.0978088379
21.8095872466581;31050.9260635376
21.8125037466911;20982.1128158569
21.8154202467241;29729.6177406311
21.818336746757;28233.8937778473
21.82125324679;38647.2566680908
21.824169746823;35634.8318939209
21.827086246856;27256.6867198944
21.830002746889;26376.8510055542
21.832919246922;42570.0943603516
21.835835746955;32521.9281730652
21.8387522469879;30843.9673309326
21.8416687470209;30941.9776420593
21.8445852470539;49021.4675769806
21.8475017470869;64244.8358078003
21.8504182471199;90757.7048778534
21.8533347471529;185524.034980774
21.8562512471858;312121.372451782
21.8591677472188;488237.45085144
21.8620842472518;785614.109395981
21.8650007472848;1363656.64313698
21.8679172473178;2019951.65242195
21.8708337473508;2899933.11822891
21.8737502473838;3903454.97677231
21.8766667474167;5428786.34494781
21.8795832474497;6982531.88106918
21.8824997474827;8893415.36413574
21.8854162475157;11095947.3069496
21.8883327475487;13944172.1284332
21.8912492475817;16195046.021534
21.8941657476146;19118223.3418865
21.8970822476476;21735417.5481644
21.8999987476806;22965161.236969
21.9029152477136;24413709.6406364
21.9058317477466;25234042.2930985
21.9087482477796;24168651.7613144
21.9116647478126;22127205.4449234
21.9145812478455;19567313.1727448
21.9174977478785;16282789.5773621
21.9204142479115;12549949.6591949
21.9233307479445;9322759.99023819
21.9262472479775;6770968.68310165
21.9291637480105;4549548.02796745
21.9320802480434;3242281.24936867
21.9349967480764;2217855.7076149
21.9379132481094;1547431.9230938
21.9408297481424;1158412.41265297
21.9437462481754;890323.910549164
21.9466627482084;724236.392875671
21.9495792482413;596294.722854614
21.9524957482743;519266.479045868
21.9554122483073;482132.402494431
21.9583287483403;409986.109134674
21.9612452483733;335346.474479675
21.9641617484063;331730.070098877
21.9670782484393;295305.433553696
21.9699947484722;289338.525943756
21.9729112485052;238581.241157532
21.9758277485382;230189.650604248
21.9787442485712;237209.640235901
21.9816607486042;179736.317466736
21.9845772486372;174691.693454742
21.9874937486702;211680.47077179
21.9904102487031;165864.90712738
21.9933267487361;158582.267345428
21.9962432487691;154469.230110168
21.9991597488021;157318.782506943
22.0020762488351;166165.299453735
22.0049927488681;125322.629314423
22.007909248901;133779.522087097
22.010825748934;121879.443008423
22.013742248967;120422.489156723
22.016658749;112797.904783249
22.019575249033;114534.674860001
22.022491749066;126852.815296173
22.0254082490989;97887.9959259033
22.0283247491319;91821.3178844452
22.0312412491649;108566.993484497
22.0341577491979;110422.138875961
22.0370742492309;99039.1109008789
22.0399907492639;95122.0200614929
22.0429072492969;74343.8192806244
22.0458237493298;73741.8343734741
22.0487402493628;76295.3711090088
22.0516567493958;68130.9763946533
22.0545732494288;89356.4969387054
22.0574897494618;89763.3938560486
22.0604062494948;101125.491016388
22.0633227495277;73119.8164291382
22.0662392495607;70781.2121639252
22.0691557495937;87870.1091995239
22.0720722496267;86212.3559341431
22.0749887496597;82817.724855423
22.0779052496927;62665.8647594452
22.0808217497257;96365.4468002319
22.0837382497586;91667.5257034302
22.0866547497916;81846.6095409393
22.0895712498246;88519.4040222168
22.0924877498576;94513.3677082062
22.0954042498906;116873.063457489
22.0983207499236;105908.723438263
22.1012372499565;121840.055049896
22.1041537499895;139841.193153381
22.1070702500225;172283.566932678
22.1099867500555;136025.827249527
22.1129032500885;148262.898159027
22.1158197501215;136289.940883636
22.1187362501545;143418.101959229
22.1216527501874;143126.168996811
22.1245692502204;148290.081520081
22.1274857502534;160476.754434586
22.1304022502864;127184.07427597
22.1333187503194;143244.211439133
22.1362352503524;144436.057357788
22.1391517503853;207511.977087021
22.1420682504183;288096.867973328
22.1449847504513;373886.42890358
22.1479012504843;540040.486427307
22.1508177505173;729382.361450195
22.1537342505503;989548.508724213
22.1566507505833;1337919.41759109
22.1595672506162;1781073.76384354
22.1624837506492;2151061.09487915
22.1654002506822;2802465.20935059
22.1683167507152;3119233.79802513
22.1712332507482;3493878.10030365
22.1741497507812;3880387.30344772
22.1770662508141;4024083.22872925
22.1799827508471;4038581.49933434
22.1828992508801;3921208.28588867
22.1858157509131;3886006.3349514
22.1887322509461;3560694.99342346
22.1916487509791;3173339.04939461
22.194565251012;2715816.82427788
22.197481751045;2308667.48974991
22.200398251078;1953672.81422234
22.203314751111;1680652.48204422
22.206231251144;1410857.76475906
22.209147751177;1142655.06218719
22.21206425121;910750.610033035
22.2149807512429;856303.396400452
22.2178972512759;726800.662979126
22.2208137513089;596869.452606201
22.2237302513419;536823.438575745
22.2266467513749;476375.827663422
22.2295632514079;405461.602893829
22.2324797514408;363692.20941925
22.2353962514738;297481.087375641
22.2383127515068;334881.790798187
22.2412292515398;292767.153076172
22.2441457515728;273391.983602524
22.2470622516058;248307.783672333
22.2499787516388;235296.282096863
22.2528952516717;212306.646877289
22.2558117517047;222945.969327927
22.2587282517377;170691.059879303
22.2616447517707;179747.732372284
22.2645612518037;158798.40228653
22.2674777518367;164427.049016953
22.2703942518696;155925.333641052
22.2733107519026;135617.625850677
22.2762272519356;120544.135471344
22.2791437519686;129047.711841583
22.2820602520016;113196.178916931
22.2849767520346;124561.045711517
22.2878932520676;117573.687503815
22.2908097521005;111341.673833847
22.2937262521335;99006.2463092804
22.2966427521665;100630.252679825
22.2995592521995;94069.3221893311
22.3024757522325;92855.6716766357
22.3053922522655;96933.2831497192
22.3083087522984;92809.3566112518
22.3112252523314;77124.9096336365
22.3141417523644;82377.0464096069
22.3170582523974;69937.5417442322
22.3199747524304;83800.606672287
22.3228912524634;83816.6108570099
22.3258077524964;65151.2187576294
22.3287242525293;61077.6788597107
22.3316407525623;61649.0718421936
22.3345572525953;58244.3174247742
22.3374737526283;54657.0435333252
22.3403902526613;62917.6420078278
22.3433067526943;52491.18309021
22.3462232527272;68164.6420249939
22.3491397527602;60933.8101043701
22.3520562527932;54596.2719421387
22.3549727528262;64633.2509040833
22.3578892528592;52545.5876541138
22.3608057528922;79621.3993377686
22.3637222529252;59149.3655548096
22.3666387529581;62364.6982421875
22.3695552529911;74682.9787902832
22.3724717530241;63254.5633811951
22.3753882530571;68716.0998191834
22.3783047530901;51218.4335899353
22.3812212531231;55540.0635566711
22.384137753156;53113.7966918945
22.387054253189;55672.8267860413
22.389970753222;47963.5400218964
22.392887253255;47125.5189590454
22.395803753288;42742.243522644
22.398720253321;49804.9175872803
22.4016367533539;45246.6632061005
22.4045532533869;56497.3910675049
22.4074697534199;34205.6293029785
22.4103862534529;47138.2654266357
22.4133027534859;45121.7874832153
22.4162192535189;31138.9833526611
22.4191357535519;34965.4140281677
22.4220522535848;44266.6374340057
22.4249687536178;32654.631726265
22.4278852536508;41815.457901001
22.4308017536838;34679.0212097168
22.4337182537168;31028.1578216553
22.4366347537498;31667.7527046204
22.4395512537827;52921.4051971436
22.4424677538157;29216.6390190125
22.4453842538487;38272.423666954
22.4483007538817;43256.3028640747
22.4512172539147;32750.7184562683
22.4541337539477;36336.4973487854
22.4570502539807;42596.1990356445
22.4599667540136;43852.4915485382
22.4628832540466;32849.8651046753
22.4657997540796;27090.203458786
22.4687162541126;45617.0413742065
22.4716327541456;34367.5978279114
22.4745492541786;38345.6748485565
22.4774657542115;42800.5005760193
22.4803822542445;30918.9502105713
22.4832987542775;39250.7230186462
22.4862152543105;38557.4653663635
22.4891317543435;54332.9825897217
22.4920482543765;37375.1278648376
22.4949647544095;41905.2703819275
22.4978812544424;44299.0766963959
22.5007977544754;23504.9260025024
22.5037142545084;44176.0628204346
22.5066307545414;37281.70362854
22.5095472545744;45424.7723197937
22.5124637546074;41327.9617233276
22.5153802546403;34338.4924545288
22.5182967546733;30911.2815475464
22.5212132547063;32075.6222457886
22.5241297547393;34299.7520523071
22.5270462547723;31982.4104137421
22.5299627548053;34756.3327865601
22.5328792548382;31194.9416561127
22.5357957548712;25831.8640899658
22.5387122549042;35688.2898826599
22.5416287549372;35876.657119751
22.5445452549702;32376.2255630493
22.5474617550032;28217.8266601563
22.5503782550362;29798.0490970612
22.5532947550691;24040.6604385376
22.5562112551021;15982.7831878662
22.5591277551351;31312.7903518677
22.5620442551681;26421.6671257019
22.5649607552011;29282.1826248169
22.5678772552341;31887.0735015869
22.570793755267;20366.2566413879
22.5737102553;26768.6478881836
22.576626755333;39427.7548828125
22.579543255366;25310.8339214325
22.582459755399;14483.278213501
22.585376255432;29043.015296936
22.588292755465;26180.5361404419
22.5912092554979;36290.6819038391
22.5941257555309;42077.5096893311
22.5970422555639;38772.1671981812
22.5999587555969;53672.5552215576
22.6028752556299;45628.0931892395
22.6057917556629;47184.3189373016
22.6087082556958;111879.946979523
22.6116247557288;107663.432958603
22.6145412557618;186047.460166931
22.6174577557948;233868.460927963
22.6203742558278;322836.425041199
22.6232907558608;460378.539972305
22.6262072558938;537692.800498962
22.6291237559267;628613.984714508
22.6320402559597;837831.966537476
22.6349567559927;871230.376155853
22.6378732560257;907047.518539429
22.6407897560587;915896.905437469
22.6437062560917;954308.33597374
22.6466227561246;907874.43689537
22.6495392561576;788440.326601028
22.6524557561906;663999.393257141
22.6553722562236;575964.602958679
22.6582887562566;451129.066043854
22.6612052562896;341629.510267258
22.6641217563226;273561.8204422
22.6670382563555;220222.081459045
22.6699547563885;181530.169113159
22.6728712564215;133129.122663498
22.6757877564545;118598.785913467
22.6787042564875;95061.4047889709
22.6816207565205;96152.1165466309
22.6845372565534;68376.8742685318
22.6874537565864;77333.2939224243
22.6903702566194;74786.7336444855
22.6932867566524;65208.2125511169
22.6962032566854;70007.8940086365
22.6991197567184;37960.5652694702
22.7020362567514;54383.9684638977
22.7049527567843;51720.1306438446
22.7078692568173;37602.7609863281
22.7107857568503;54488.8986167908
22.7137022568833;50794.9080696106
22.7166187569163;51981.9327812195
22.7195352569493;46098.2614135742
22.7224517569822;42072.5694885254
22.7253682570152;40138.0684547424
22.7282847570482;41142.4868240356
22.7312012570812;45305.8606185913
22.7341177571142;33025.2521362305
22.7370342571472;30162.7913131714
22.7399507571802;31699.5358505249
22.7428672572131;42501.5134887695
22.7457837572461;36975.9102954865
22.7487002572791;33800.2364120483
22.7516167573121;38831.0418128967
22.7545332573451;31883.5752754211
22.7574497573781;38630.9591674805
22.760366257411;38251.7572460175
22.763282757444;24694.884803772
22.766199257477;31837.5133571625
22.76911575751;35219.1405563354
22.772032257543;40745.4408340454
22.774948757576;41792.2441482544
22.7778652576089;34959.230266571
22.7807817576419;36616.5051116943
22.7836982576749;39745.021987915
22.7866147577079;25064.4095973969
22.7895312577409;34264.899066925
22.7924477577739;42604.5573596954
22.7953642578069;27411.9039764404
22.7982807578398;30579.7701416016
22.8011972578728;23317.6403656006
22.8041137579058;39903.4366436005
22.8070302579388;29193.3162155151
22.8099467579718;22636.8057384491
22.8128632580048;25200.7872009277
22.8157797580377;34016.7130432129
22.8186962580707;41492.6713142395
22.8216127581037;30612.162361145
22.8245292581367;31475.5468215942
22.8274457581697;34599.9518890381
22.8303622582027;25121.9275588989
22.8332787582357;30587.8977508545
22.8361952582686;16591.7222290039
22.8391117583016;34635.2291259766
22.8420282583346;35548.5462341309
22.8449447583676;38144.533290863
22.8478612584006;25411.4892616272
22.8507777584336;25823.9034576416
22.8536942584665;22464.3059196472
22.8566107584995;29664.3940010071
22.8595272585325;25721.6645565033
22.8624437585655;26449.9522514343
22.8653602585985;22574.0839767456
22.8682767586315;25727.527015686
22.8711932586645;33309.673324585
22.8741097586974;34193.6340560913
22.8770262587304;22883.3643188477
22.8799427587634;26133.0431213379
22.8828592587964;29583.9283065796
22.8857757588294;27988.0862731934
22.8886922588624;18618.6092300415
22.8916087588953;28687.1561527252
22.8945252589283;30397.0190887451
22.8974417589613;37998.6440963745
22.9003582589943;28812.585149765
22.9032747590273;23611.4331169128
22.9061912590603;36377.9755249023
22.9091077590932;32132.0862731934
22.9120242591262;23922.975402832
22.9149407591592;27268.0135002136
22.9178572591922;32028.4192085266
22.9207737592252;24986.6195373535
22.9236902592582;17826.4627590179
22.9266067592912;25539.2271957397
22.9295232593241;23708.7339611053
22.9324397593571;34518.8161830902
22.9353562593901;27362.9880523682
22.9382727594231;33085.0002708435
22.9411892594561;26664.7307739258
22.9441057594891;33137.0356903076
22.9470222595221;27152.9292297363
22.949938759555;36539.3228397369
22.952855259588;25766.9570999146
22.955771759621;29327.4110107422
22.958688259654;19910.6277160645
22.961604759687;36874.5876312256
22.96452125972;26974.5935020447
22.9674377597529;24019.6158905029
22.9703542597859;20807.8307037354
22.9732707598189;31673.7556495667
22.9761872598519;28315.3274459839
22.9791037598849;20789.0869750977
22.9820202599179;29113.6992988586
22.9849367599508;25465.6859893799
22.9878532599838;26914.7913894653
22.9907697600168;30694.2700805664
22.9936862600498;21947.5025482178
22.9966027600828;24825.2824764252
22.9995192601158;25563.7367019653
23.0024357601488;28221.6116085052
23.0053522601817;19893.5420227051
23.0082687602147;26513.3483982086
23.0111852602477;26951.7764968872
23.0141017602807;9720.41662979126
23.0170182603137;23951.3529891968
23.0199347603467;24928.0961380005
23.0228512603796;19503.8976211548
23.0257677604126;27198.77734375
23.0286842604456;26599.2421264648
23.0316007604786;23182.4749832153
23.0345172605116;21062.2930030823
23.0374337605446;25729.1479263306
23.0403502605776;15554.3750228882
23.0432667606105;29298.3767051697
23.0461832606435;23797.070400238
23.0490997606765;29814.4284896851
23.0520162607095;20227.6485958099
23.0549327607425;20527.44764328
23.0578492607755;28281.4646224976
23.0607657608084;20935.6251678467
23.0636822608414;29579.5300292969
23.0665987608744;20984.2647018433
23.0695152609074;17127.4883422852
23.0724317609404;19822.4742927551
23.0753482609734;19869.8568229675
23.0782647610064;30664.7455062866
23.0811812610393;32878.9130172729
23.0840977610723;19024.7868423462
23.0870142611053;30732.9445800781
23.0899307611383;40106.5456085205
23.0928472611713;31526.1923522949
23.0957637612043;23480.0361022949
23.0986802612372;24544.9501495361
23.1015967612702;44845.1110458374
23.1045132613032;32814.7437591553
23.1074297613362;38748.0293045044
23.1103462613692;45663.1427154541
23.1132627614022;64570.614074707
23.1161792614352;54096.2575492859
23.1190957614681;77467.3743400574
23.1220122615011;60749.1377735138
23.1249287615341;66733.9552135468
23.1278452615671;74862.0188827515
23.1307617616001;92881.3091583252
23.1336782616331;78775.8042984009
23.136594761666;103551.388824463
23.139511261699;113450.257797241
23.142427761732;113452.394454956
23.145344261765;124556.135707855
23.148260761798;120229.336593628
23.151177261831;112958.098415375
23.1540937618639;112527.894046783
23.1570102618969;100163.897918701
23.1599267619299;128715.159362793
23.1628432619629;112564.599386215
23.1657597619959;104134.994434357
23.1686762620289;109443.644140244
23.1715927620619;91037.9607696533
23.1745092620948;86826.2960338593
23.1774257621278;81671.212064743
23.1803422621608;86109.2742595673
23.1832587621938;68973.1885967255
23.1861752622268;70333.4713668823
23.1890917622598;55434.791885376
23.1920082622927;93380.3473815918
23.1949247623257;59397.3429946899
23.1978412623587;61429.3019332886
23.2007577623917;52705.2277946472
23.2036742624247;43242.4974212646
23.2065907624577;35892.8205947876
23.2095072624907;53713.9492340088
23.2124237625236;56119.7637786865
23.2153402625566;56905.7516174316
23.2182567625896;59658.8461723328
23.2211732626226;52653.0284881592
23.2240897626556;47476.9969558716
23.2270062626886;38708.7367744446
23.2299227627215;61629.8983306885
23.2328392627545;48243.2491149902
23.2357557627875;52277.9727554321
23.2386722628205;40946.7999076843
23.2415887628535;18880.1359329224
23.2445052628865;29383.9251708984
23.2474217629195;28659.4904251099
23.2503382629524;33631.8288421631
23.2532547629854;26649.6502876282
23.2561712630184;38228.9894256592
23.2590877630514;30797.4926834106
23.2620042630844;27032.9210090637
23.2649207631174;26491.0962600708
23.2678372631503;33768.2479076386
23.2707537631833;25144.8710289001
23.2736702632163;12670.3980941772
23.2765867632493;28210.5326690674
23.2795032632823;38677.5914306641
23.2824197633153;20602.5003585815
23.2853362633483;32501.1944122314
23.2882527633812;28956.2293548584
23.2911692634142;33495.5351486206
23.2940857634472;30211.0992050171
23.2970022634802;30856.6901397705
23.2999187635132;27102.7089767456
23.3028352635462;27843.1076812744
23.3057517635791;35462.2555999756
23.3086682636121;32009.1069412231
23.3115847636451;30259.5959472656
23.3145012636781;37849.2868499756
23.3174177637111;31606.085609436
23.3203342637441;33532.3162384033
23.3232507637771;33418.7683315277
23.32616726381;31024.4620571136
23.329083763843;38278.8716659546
23.332000263876;22251.0416259766
23.334916763909;49421.387386322
23.337833263942;26006.1287307739
23.340749763975;21438.4128112793
23.3436662640079;27929.7061538696
23.3465827640409;43220.8336029053
23.3494992640739;27470.005355835
23.3524157641069;26808.3801269531
23.3553322641399;21381.5198135376
23.3582487641729;28998.958316803
23.3611652642058;24818.0727729797
23.3640817642388;35969.7983703613
23.3669982642718;35579.3090362549
23.3699147643048;34666.5573177338
23.3728312643378;34199.8911132813
23.3757477643708;24638.4694385529
23.3786642644038;24944.1915550232
23.3815807644367;22797.7093067169
23.3844972644697;33439.8789291382
23.3874137645027;24463.4108867645
23.3903302645357;23563.3309020996
23.3932467645687;25247.9806289673
23.3961632646017;18147.4951934814
23.3990797646346;22526.3704147339
23.4019962646676;20815.6156311035
23.4049127647006;17723.9597549438
23.4078292647336;23634.8154449463
23.4107457647666;29752.6694641113
23.4136622647996;25377.2919540405
23.4165787648326;35756.3365840912
23.4194952648655;27492.3012161255
23.4224117648985;26964.321231842
23.4253282649315;32033.9651908875
23.4282447649645;25562.9043884277
23.4311612649975;22935.695602417
23.4340777650305;14221.8749275208
23.4369942650634;27869.5234146118
23.4399107650964;22384.2834625244
23.4428272651294;32717.1004104614
23.4457437651624;16871.6744403839
23.4486602651954;19411.6621170044
23.4515767652284;34452.0623321533
23.4544932652614;38056.07188797
23.4574097652943;20827.9273605347
23.4603262653273;19386.9608764648
23.4632427653603;28049.7997217178
23.4661592653933;29529.6855621338
23.4690757654263;21434.1380901337
23.4719922654593;26502.3805351257
23.4749087654922;27576.3158111572
23.4778252655252;24879.3709011078
23.4807417655582;30524.0779418945
23.4836582655912;30659.139251709
23.4865747656242;19688.6048583984
23.4894912656572;27180.5666885376
23.4924077656902;23182.8873672485
23.4953242657231;28362.4936027527
23.4982407657561;23590.7984466553
23.5011572657891;20541.3475646973
23.5040737658221;19254.4115142822
23.5069902658551;23008.0289306641
23.5099067658881;33502.1697387695
23.512823265921;20312.760591507
23.515739765954;28925.3768310547
23.518656265987;21549.1977310181
23.52157276602;37466.3905906677
23.524489266053;23311.842300415
23.527405766086;31937.5162410736
23.530322266119;22426.5632171631
23.5332387661519;34981.7073364258
23.5361552661849;34083.2158164978
23.5390717662179;30596.1008605957
23.5419882662509;39286.9048614502
23.5449047662839;24608.3502883911
23.5478212663169;28835.8897857666
23.5507377663498;23754.672203064
23.5536542663828;31315.5183792114
23.5565707664158;36242.4037742615
23.5594872664488;25480.7771282196
23.5624037664818;26264.7224082947
23.5653202665148;40961.5749969482
23.5682367665477;21621.4854888916
23.5711532665807;40077.8623199463
23.5740697666137;37540.997095108
23.5769862666467;36115.7817115784
23.5799027666797;19885.4977645874
23.5828192667127;29857.1244716644
23.5857357667457;17932.027431488
23.5886522667786;27026.6785430908
23.5915687668116;21202.8907375336
23.5944852668446;25448.1027698517
23.5974017668776;21620.9691257477
23.6003182669106;25479.4431915283
23.6032347669436;29304.1939697266
23.6061512669765;17087.2366695404
23.6090677670095;27871.8561820984
23.6119842670425;24244.0238342285
23.6149007670755;18427.2529983521
23.6178172671085;29622.3246841431
23.6207337671415;34904.453289032
23.6236502671745;24693.9641723633
23.6265667672074;24646.6965332031
23.6294832672404;22178.1819839478
23.6323997672734;28979.6115722656
23.6353162673064;29246.7581691742
23.6382327673394;22148.5417404175
23.6411492673724;35446.4599323273
23.6440657674053;27766.2510662079
23.6469822674383;32844.832824707
23.6498987674713;33427.1831512451
23.6528152675043;27683.4883308411
23.6557317675373;23569.3417434692
23.6586482675703;27329.0567798615
23.6615647676033;21909.3782215118
23.6644812676362;38617.383687973
23.6673977676692;31335.5172996521
23.6703142677022;20047.2916755676
23.6732307677352;33520.7874717712
23.6761472677682;27139.2844009399
23.6790637678012;34780.7919311523
23.6819802678341;31993.6872329712
23.6848967678671;29016.4410209656
23.6878132679001;23442.5087509155
23.6907297679331;43196.8161430359
23.6936462679661;28019.1483726501
23.6965627679991;30003.2278137207
23.6994792680321;28734.1676177979
23.702395768065;19471.852098465
23.705312268098;22331.0676269531
23.708228768131;35131.2713050842
23.711145268164;29668.0750007629
23.714061768197;24940.6771392822
23.71697826823;18305.741727829
23.7198947682629;25992.5987567902
23.7228112682959;19381.0483970642
23.7257277683289;22518.3528347015
23.7286442683619;26561.8822937012
23.7315607683949;25696.6273498535
23.7344772684279;29618.8561134338
23.7373937684608;19850.3343353271
23.7403102684938;23638.6017150879
23.7432267685268;28557.3764648438
23.7461432685598;29382.0898208618
23.7490597685928;20797.8840866089
23.7519762686258;23397.0092697144
23.7548927686588;29000.8055381775
23.7578092686917;43078.2126159668
23.7607257687247;18145.8888607025
23.7636422687577;24853.4585037231
23.7665587687907;22383.7969970703
23.7694752688237;26659.0213012695
23.7723917688567;22078.466802597
23.7753082688896;22182.7186279297
23.7782247689226;35471.3374404907
23.7811412689556;24783.5784816742
23.7840577689886;21455.299949646
23.7869742690216;32987.8740005493
23.7898907690546;26730.5867538452
23.7928072690876;25556.4061431885
23.7957237691205;22780.6248893738
23.7986402691535;28079.4423503876
23.8015567691865;22473.4795799255
23.8044732692195;29621.2291812897
23.8073897692525;19369.8920516968
23.8103062692855;20090.0038871765
23.8132227693184;23422.0507507324
23.8161392693514;22878.2098808289
23.8190557693844;20676.6551055908
23.8219722694174;25421.9995651245
23.8248887694504;23942.3220367432
23.8278052694834;23975.6855373383
23.8307217695164;26514.140838623
23.8336382695493;27871.8259124756
23.8365547695823;29648.5840415955
23.8394712696153;18341.0062885284
23.8423877696483;26709.1499633789
23.8453042696813;28013.8874416351
23.8482207697143;24383.4378356934
23.8511372697472;32079.9077606201
23.8540537697802;24159.2978286743
23.8569702698132;30266.1836738586
23.8598867698462;13360.1297607422
23.8628032698792;32500.8881912231
23.8657197699122;18125.9158439636
23.8686362699452;25160.1921005249
23.8715527699781;27521.6989173889
23.8744692700111;20105.4303131104
23.8773857700441;27325.0283813477
23.8803022700771;31081.7032165527
23.8832187701101;19252.9166488647
23.8861352701431;18407.2916622162
23.889051770176;21489.2665367126
23.891968270209;33765.0453033447
23.894884770242;35927.7880325317
23.897801270275;35016.4091415405
23.900717770308;32752.8783416748
23.903634270341;36592.5090408325
23.906550770374;41063.2660903931
23.9094672704069;25615.9106292725
23.9123837704399;52701.8721218109
23.9153002704729;72806.3672485352
23.9182167705059;56308.3155632019
23.9211332705389;66062.2497253418
23.9240497705719;92171.6118068695
23.9269662706048;104114.125831604
23.9298827706378;125589.520650864
23.9327992706708;104650.317602158
23.9357157707038;109824.047759056
23.9386322707368;109651.991836548
23.9415487707698;103986.427913666
23.9444652708027;86700.9613380432
23.9473817708357;88282.2426929474
23.9502982708687;69434.1006317139
23.9532147709017;81095.37566185
23.9561312709347;78601.0014038086
23.9590477709677;80306.0676631927
23.9619642710007;56777.5934047699
23.9648807710336;53619.1677207947
23.9677972710666;56881.0584106445
23.9707137710996;51287.579284668
23.9736302711326;57297.6232223511
23.9765467711656;51932.0122528076
23.9794632711986;42784.5409812927
23.9823797712315;46491.8095474243
23.9852962712645;36988.4130363464
23.9882127712975;42066.5413894653
23.9911292713305;39903.8446941376
23.9940457713635;37446.6266841888
23.9969622713965;32458.4297904968
23.9998787714295;35703.3051223755
24.0027952714624;60643.2191162109
24.0057117714954;48218.4867553711
24.0086282715284;29838.3818073273
24.0115447715614;42529.6592712402
24.0144612715944;29887.9830131531
24.0173777716274;28587.8441810608
24.0202942716603;34406.4931182861
24.0232107716933;33022.1296386719
24.0261272717263;29874.2794799805
24.0290437717593;32758.6539020538
24.0319602717923;45495.8819885254
24.0348767718253;31564.3673400879
24.0377932718583;29744.8801021576
24.0407097718912;28163.8512458801
24.0436262719242;20888.5718688965
24.0465427719572;38968.5994987488
24.0494592719902;29369.6179199219
24.0523757720232;28866.7388191223
24.0552922720562;22094.2205963135
24.0582087720891;29625.3896942139
24.0611252721221;23956.042137146
24.0640417721551;40887.4794235229
24.0669582721881;34019.4664230347
24.0698747722211;27179.5858078003
24.0727912722541;27735.347240448
24.0757077722871;15598.5105361938
24.07862427232;29443.1079711914
24.081540772353;21088.082403183
24.084457272386;21903.1462669373
24.087373772419;33742.7535762787
24.090290272452;30365.151802063
24.093206772485;18045.5433006287
24.0961232725179;35137.5014648438
24.0990397725509;20613.970703125
24.1019562725839;24123.7862758636
24.1048727726169;27849.4506225586
24.1077892726499;25650.174282074
24.1107057726829;27924.0433654785
24.1136222727159;37420.873085022
24.1165387727488;29101.4681091309
24.1194552727818;32768.9599609375
24.1223717728148;17704.2121829987
24.1252882728478;25733.6339149475
24.1282047728808;22438.9585113525
24.1311212729138;37777.6886386871
24.1340377729467;38478.7317409515
24.1369542729797;33088.6402587891
24.1398707730127;28871.1896247864
24.1427872730457;36192.4845733643
24.1457037730787;20995.4295711517
24.1486202731117;24943.0766983032
24.1515367731446;28005.4897537231
24.1544532731776;25663.5248451233
24.1573697732106;19499.2736167908
24.1602862732436;21738.5490074158
24.1632027732766;24763.3283119202
24.1661192733096;33606.7367286682
24.1690357733426;25206.4792098999
24.1719522733755;42414.9852733612
24.1748687734085;19218.7501068115
24.1777852734415;24578.8831634521
24.1807017734745;23337.4999427795
24.1836182735075;25818.8020648956
24.1865347735405;19551.8749771118
24.1894512735734;28888.6505737305
24.1923677736064;35913.9632720947
24.1952842736394;25482.3913230896
24.1982007736724;29025.8093109131
24.2011172737054;29083.4435844421
24.2040337737384;39350.431640625
24.2069502737714;31157.035774231
24.2098667738043;26310.6453437805
24.2127832738373;45472.2760696411
24.2156997738703;38341.9806632996
24.2186162739033;53522.6526470184
24.2215327739363;56759.5288848877
24.2244492739693;46260.9489250183
24.2273657740022;46407.156288147
24.2302822740352;56819.8180217743
24.2331987740682;54708.2778625488
24.2361152741012;49127.0901756287
24.2390317741342;37238.1072006226
24.2419482741672;61006.2813549042
24.2448647742002;48761.0148925781
24.2477812742331;44774.4440917969
24.2506977742661;37713.8645401001
24.2536142742991;32195.0785522461
24.2565307743321;39688.6356506348
24.2594472743651;35405.3942489624
24.2623637743981;31239.0205287933
24.265280274431;30043.4667358398
24.268196774464;33312.1134796143
24.271113274497;28823.4087791443
24.27402977453;35051.4184856415
24.276946274563;29235.2789916992
24.279862774596;25491.6497840881
24.282779274629;32493.4053497314
24.2856957746619;28356.289352417
24.2886122746949;19613.7917556763
24.2915287747279;18769.5537414551
24.2944452747609;23735.0409889221
24.2973617747939;25935.209608078
24.3002782748269;20969.7919235229
24.3031947748598;20229.9407920837
24.3061112748928;18681.9326896667
24.3090277749258;20557.9455490112
24.3119442749588;33322.2343673706
24.3148607749918;19123.7332687378
24.3177772750248;30638.9598693848
24.3206937750577;35549.6233901978
24.3236102750907;30177.7643356323
24.3265267751237;20388.9604072571
24.3294432751567;23891.1564331055
24.3323597751897;22220.1403999329
24.3352762752227;34355.4689445496
24.3381927752557;16179.2105865479
24.3411092752886;31266.100194931
24.3440257753216;28376.1525764465
24.3469422753546;26385.4432983398
24.3498587753876;35503.6000728607
24.3527752754206;26084.7886276245
24.3556917754536;18451.3987636566
24.3586082754865;31022.2021942139
24.3615247755195;30975.8020629883
24.3644412755525;17938.2204494476
24.3673577755855;20337.7165565491
24.3702742756185;31487.7800827026
24.3731907756515;37027.6532554626
24.3761072756845;23344.5068569183
24.3790237757174;39052.4664936066
24.3819402757504;30407.627456665
24.3848567757834;34106.7049770355
24.3877732758164;40488.2290496826
24.3906897758494;34796.3819084167
24.3936062758824;30754.4766273499
24.3965227759153;33107.2106323242
24.3994392759483;31793.3711166382
24.4023557759813;37924.4183483124
24.4052722760143;27764.1904125214
24.4081887760473;25282.9557857513
24.4111052760803;32554.1067943573
24.4140217761133;37330.3523826599
24.4169382761462;33746.6475372314
24.4198547761792;40085.5582962036
24.4227712762122;48036.0229072571
24.4256877762452;38828.2153282166
24.4286042762782;40575.7707977295
24.4315207763112;61847.8331432343
24.4344372763441;55284.9382381439
24.4373537763771;45839.321975708
24.4402702764101;66205.7854385376
24.4431867764431;71798.5709781647
24.4461032764761;98262.2627716064
24.4490197765091;93058.6344985962
24.4519362765421;112693.440177917
24.454852776575;128086.147918701
24.457769276608;135083.356506348
24.460685776641;149123.250404358
24.463602276674;135303.674922943
24.466518776707;134457.197132111
24.46943527674;133504.686988831
24.4723517767729;99896.4941253662
24.4752682768059;99503.9525184631
24.4781847768389;92021.7633209229
24.4811012768719;83623.4140663147
24.4840177769049;87384.69506073
24.4869342769379;59562.6762008667
24.4898507769709;67090.9862480164
24.4927672770038;52030.6755199432
24.4956837770368;57048.2972488403
24.4986002770698;51333.8340034485
24.5015167771028;49955.2969264984
24.5044332771358;55494.8522186279
24.5073497771688;46163.4905586243
24.5102662772017;38475.918346405
24.5131827772347;45531.6844558716
24.5160992772677;34568.9571285248
24.5190157773007;35065.7492332459
24.5219322773337;43558.7575492859
24.5248487773667;45023.1586837769
24.5277652773996;34862.9993801117
24.5306817774326;52936.6272888184
24.5335982774656;41112.7670917511
24.5365147774986;37881.7225875854
24.5394312775316;35682.227394104
24.5423477775646;31527.9841384888
24.5452642775976;39297.45337677
24.5481807776305;38490.9139709473
24.5510972776635;29485.2856197357
24.5540137776965;46342.3134231567
24.5569302777295;40653.4464950562
24.5598467777625;34284.7982215881
24.5627632777955;36209.5652904511
24.5656797778284;35385.3177556992
24.5685962778614;37306.8830833435
24.5715127778944;33041.5317668915
24.5744292779274;19771.3317070007
24.5773457779604;34035.4191169739
24.5802622779934;33133.8898696899
24.5831787780264;24634.169418335
24.5860952780593;34418.1905441284
24.5890117780923;47263.3855552673
24.5919282781253;26000.8331298828
24.5948447781583;29759.1694641113
24.5977612781913;33087.6465759277
24.6006777782243;26501.6636123657
24.6035942782572;46042.1087684631
24.6065107782902;28659.6091461182
24.6094272783232;35054.6791229248
24.6123437783562;27274.5697174072
24.6152602783892;26970.449962616
24.6181767784222;40670.1949310303
24.6210932784552;33444.4094696045
24.6240097784881;37196.6293487549
24.6269262785211;30375.2655792236
24.6298427785541;34110.3760452271
24.6327592785871;25941.0337123871
24.6356757786201;24090.9578094482
24.6385922786531;32970.2029838562
24.641508778686;19577.5002098084
24.644425278719;15673.3970184326
24.647341778752;18088.0457801819
24.650258278785;18712.5695838928
24.653174778818;31708.3105735779
24.656091278851;34052.7163391113
24.659007778884;22010.9627685547
24.6619242789169;29193.3866500854
24.6648407789499;26395.5302944183
24.6677572789829;33786.7608566284
24.6706737790159;31781.5823669434
24.6735902790489;25178.5112915039
24.6765067790819;29865.8191223145
24.6794232791148;34530.1074981689
24.6823397791478;26769.5885620117
24.6852562791808;20038.8028106689
24.6881727792138;43454.6184654236
24.6910892792468;34012.0280208588
24.6940057792798;28312.6830101013
24.6969222793128;31422.1659240723
24.6998387793457;25055.2818374634
24.7027552793787;27124.9378356934
24.7056717794117;37613.8497467041
24.7085882794447;25316.0364227295
24.7115047794777;25962.6426258087
24.7144212795107;21228.8835754395
24.7173377795436;28926.6335659027
24.7202542795766;25495.8827857971
24.7231707796096;39680.1280269623
24.7260872796426;27489.06224823
24.7290037796756;31202.1919593811
24.7319202797086;36326.7838497162
24.7348367797415;28823.7812232971
24.7377532797745;29329.2308769226
24.7406697798075;28684.0024776459
24.7435862798405;29794.6207046509
24.7465027798735;33434.1021347046
24.7494192799065;15940.0891647339
24.7523357799395;14674.5840454102
24.7552522799724;19645.9536743164
24.7581687800054;21577.3409805298
24.7610852800384;29506.3125572205
24.7640017800714;31399.1667938232
24.7669182801044;20380.4182052612
24.7698347801374;26871.1022872925
24.7727512801703;21955.070350647
24.7756677802033;20216.7126216888
24.7785842802363;23153.8696060181
24.7815007802693;27877.2876281738
24.7844172803023;22668.5820274353
24.7873337803353;23235.753370285
24.7902502803683;26820.5920181274
24.7931667804012;15977.8131694794
24.7960832804342;30594.7459030151
24.7989997804672;36027.1701107025
24.8019162805002;29169.4627513886
24.8048327805332;17638.5417098999
24.8077492805662;26676.9476051331
24.8106657805991;20068.1363048553
24.8135822806321;29478.0634384155
24.8164987806651;26048.1992797852
24.8194152806981;28534.4082946777
24.8223317807311;25192.0771179199
24.8252482807641;22866.8756370544
24.8281647807971;25504.6279315948
24.83108128083;26860.9071731567
24.833997780863;20756.2501182556
24.836914280896;23900.9541435242
24.839830780929;28682.592628479
24.842747280962;33803.3980770111
24.845663780995;20986.875082016
24.8485802810279;23045.4201965332
24.8514967810609;32256.4783630371
24.8544132810939;29622.8122367859
24.8573297811269;35149.7620353699
24.8602462811599;31179.8069458008
24.8631627811929;23172.4870681763
24.8660792812259;26644.0341262817
24.8689957812588;18031.4811325073
24.8719122812918;28452.455242157
24.8748287813248;25146.6757926941
24.8777452813578;32968.1087055206
24.8806617813908;21952.0836620331
24.8835782814238;31714.9772186279
24.8864947814567;29474.9789886475
24.8894112814897;21303.5207672119
24.8923277815227;20828.92993927
24.8952442815557;24950.8942337036
24.8981607815887;19824.6928329468
24.9010772816217;22862.7089385986
24.9039937816546;35669.8094215393
24.9069102816876;22427.9106044769
24.9098267817206;30143.3799743652
24.9127432817536;16109.6539268494
24.9156597817866;33997.5543174744
24.9185762818196;26983.5019226074
24.9214927818526;31852.9720039368
24.9244092818855;36587.0262737274
24.9273257819185;25654.3315315247
24.9302422819515;26515.7405776978
24.9331587819845;26101.4476470947
24.9360752820175;38103.7036972046
24.9389917820505;28146.3416175842
24.9419082820834;29450.5891723633
24.9448247821164;27345.5842227936
24.9477412821494;23951.2568702698
24.9506577821824;35061.7748451233
24.9535742822154;33301.8090591431
24.9564907822484;36840.351978302
24.9594072822814;25954.6131668091
24.9623237823143;30392.3818359375
24.9652402823473;29203.9595870972
24.9681567823803;29847.2061347961
24.9710732824133;28711.5374183655
24.9739897824463;20209.88123703
24.9769062824793;27551.4094963074
24.9798227825122;28349.8285617828
24.9827392825452;33153.4866943359
24.9856557825782;15588.3361282349
24.9885722826112;36053.35597229
24.9914887826442;29328.9152946472
24.9944052826772;32558.9939422607
24.9973217827102;24773.2513809204
25.0002382827431;22789.5886745453
25.0031547827761;35525.7204341888
25.0060712828091;25357.4342269897
25.0089877828421;26170.9002456665
25.0119042828751;34221.3773651123
25.0148207829081;26146.0349273682
25.017737282941;23549.7211914063
25.020653782974;18402.5049362183
25.023570283007;25637.4361763
25.02648678304;29109.8475494385
25.029403283073;26000.2459907532
25.032319783106;23889.1945877075
25.035236283139;24244.9524383545
25.0381527831719;19757.0262565613
25.0410692832049;19341.7088928223
25.0439857832379;35486.9700317383
25.0469022832709;26521.8788757324
25.0498187833039;26984.198425293
25.0527352833369;33016.9514961243
25.0556517833698;17801.4580688477
25.0585682834028;16126.6684989929
25.0614847834358;26892.7423915863
25.0644012834688;23947.5655899048
25.0673177835018;31060.232591629
25.0702342835348;21963.4755630493
25.0731507835678;26129.2574234009
25.0760672836007;19638.0575771332
25.0789837836337;22277.4718933105
25.0819002836667;22176.7008590698
25.0848167836997;28174.4650611877
25.0877332837327;24913.8017578125
25.0906497837657;25616.46484375
25.0935662837986;35043.0713558197
25.0964827838316;40094.6452636719
25.0993992838646;27632.7707824707
25.1023157838976;34532.1343688965
25.1052322839306;24878.0549564362
25.1081487839636;30109.0975036621
25.1110652839965;14308.2923126221
25.1139817840295;39130.9002456665
25.1168982840625;26598.2341918945
25.1198147840955;21465.2083644867
25.1227312841285;21754.8140602112
25.1256477841615;16417.7918319702
25.1285642841945;13361.5792236328
25.1314807842274;16374.375120163
25.1343972842604;36524.7958908081
25.1373137842934;27263.8180465698
25.1402302843264;29779.495759964
25.1431467843594;22208.5265769959
25.1460632843924;15187.0983181
25.1489797844253;32688.7423248291
25.1518962844583;25338.0433120728
25.1548127844913;22073.0619316101
25.1577292845243;24314.024230957
25.1606457845573;44255.6641521454
25.1635622845903;36821.3176231384
25.1664787846233;35667.8726844788
25.1693952846562;25808.3011474609
25.1723117846892;29684.5777263641
25.1752282847222;23637.4444961548
25.1781447847552;35677.1088027954
25.1810612847882;35200.5949077606
25.1839777848212;26641.7258911133
25.1868942848541;25895.8198204041
25.1898107848871;25112.9101104736
25.1927272849201;26897.26628685
25.1956437849531;21516.5230484009
25.1985602849861;39377.5305290222
25.2014767850191;23282.2023773193
25.2043932850521;30112.421245575
25.207309785085;25221.8281517029
25.210226285118;31274.0394515991
25.213142785151;26075.5639457703
25.216059285184;37668.7506580353
25.218975785217;31015.1404724121
25.22189228525;31990.052192688
25.2248087852829;27485.2143249512
25.2277252853159;31550.8972015381
25.2306417853489;33118.7219696045
25.2335582853819;21132.6430358887
25.2364747854149;26860.0210113525
25.2393912854479;29970.6183395386
25.2423077854809;39605.0624332428
25.2452242855138;20790.427406311
25.2481407855468;35196.5912189484
25.2510572855798;29735.3633270264
25.2539737856128;28164.6577682495
25.2568902856458;29767.7083740234
25.2598067856788;31160.0109710693
25.2627232857117;38708.5888252258
25.2656397857447;29453.5417480469
25.2685562857777;37688.1909637451
25.2714727858107;18664.1336746216
25.2743892858437;23332.3292884827
25.2773057858767;22823.4917144775
25.2802222859096;33196.6429176331
25.2831387859426;31613.3269958496
25.2860552859756;33066.8574638367
25.2889717860086;41792.1229553223
25.2918882860416;24679.4100036621
25.2948047860746;39476.2923049927
25.2977212861076;23249.9463806152
25.3006377861405;29482.6020298004
25.3035542861735;30115.4828338623
25.3064707862065;22056.7525939941
25.3093872862395;19047.9167709351
25.3123037862725;31650.5595245361
25.3152202863055;27192.8653488159
25.3181367863384;25033.6873550415
25.3210532863714;21211.5325279236
25.3239697864044;36606.2253227234
25.3268862864374;30179.2123718262
25.3298027864704;30646.2550430298
25.3327192865034;27635.1824436188
25.3356357865364;24596.6985778809
25.3385522865693;23619.4499053955
25.3414687866023;40287.0090103149
25.3443852866353;24152.4350414276
25.3473017866683;27095.5237197876
25.3502182867013;36447.1782684326
25.3531347867343;37069.7186660767
25.3560512867672;26244.4093818665
25.3589677868002;27150.3531341553
25.3618842868332;22962.0391273499
25.3648007868662;34581.7824668884
25.3677172868992;28592.3298416138
25.3706337869322;28066.0287361145
25.3735502869652;23002.7079467773
25.3764667869981;31022.4439296722
25.3793832870311;34084.8057193756
25.3822997870641;40755.531085968
25.3852162870971;29706.0160827637
25.3881327871301;30911.0355453491
25.3910492871631;29355.785528183
25.393965787196;35410.3846054077
25.396882287229;23277.4294509888
25.399798787262;25416.578125
25.402715287295;28993.0377788544
25.405631787328;17119.4340782166
25.408548287361;21987.5657196045
25.411464787394;32816.289604187
25.4143812874269;23161.2111740112
25.4172977874599;26230.6542034149
25.4202142874929;26485.4514083862
25.4231307875259;30948.2423324585
25.4260472875589;33954.0703887939
25.4289637875919;31809.9213790894
25.4318802876248;33225.9949951172
25.4347967876578;29771.5079650879
25.4377132876908;32424.7543640137
25.4406297877238;27081.3269710541
25.4435462877568;37538.9022254944
25.4464627877898;27022.0144863129
25.4493792878228;24747.2209396362
25.4522957878557;28654.5179672241
25.4552122878887;30062.8911819458
25.4581287879217;23879.0334014893
25.4610452879547;22779.61485672
25.4639617879877;30441.9289779663
25.4668782880207;32530.2021446228
25.4697947880536;23806.8778266907
25.4727112880866;39164.1768856049
25.4756277881196;30237.3633728027
25.4785442881526;39635.858581543
25.4814607881856;24357.5085525513
25.4843772882186;34307.755241394
25.4872937882515;28891.6402626038
25.4902102882845;33714.0739326477
25.4931267883175;45697.9245796204
25.4960432883505;26611.1613731384
25.4989597883835;27440.8722457886
25.5018762884165;38942.6516551971
25.5047927884495;31620.4195175171
25.5077092884824;34696.0115947723
25.5106257885154;34011.978302002
25.5135422885484;26069.1667251587
25.5164587885814;38975.2516326904
25.5193752886144;31770.1405639648
25.5222917886474;32035.4676265717
25.5252082886803;38935.3663063049
25.5281247887133;46479.8754577637
25.5310412887463;46285.0282287598
25.5339577887793;41856.5390472412
25.5368742888123;42721.0333862305
25.5397907888453;34973.3699684143
25.5427072888783;27624.287115097
25.5456237889112;40519.0063781738
25.5485402889442;44960.3485870361
25.5514567889772;35359.0246238709
25.5543732890102;23679.1438331604
25.5572897890432;34800.8754653931
25.5602062890762;40723.9251174927
25.5631227891091;27507.8362884521
25.5660392891421;28370.5854034424
25.5689557891751;24457.4521999359
25.5718722892081;24082.9144134521
25.5747887892411;32731.6708602905
25.5777052892741;34212.6771774292
25.5806217893071;22910.0047225952
25.58353828934;35344.6968955994
25.586454789373;35390.1978569031
25.589371289406;32727.2377319336
25.592287789439;30377.7491493225
25.595204289472;28219.8994865417
25.598120789505;25545.4455413818
25.6010372895379;35322.3061580658
25.6039537895709;35611.0538902283
25.6068702896039;28405.7574958801
25.6097867896369;29221.2659111023
25.6127032896699;28383.7165374756
25.6156197897029;27914.8013763428
25.6185362897359;29611.4595546722
25.6214527897688;34234.6940536499
25.6243692898018;36140.0876407623
25.6272857898348;39335.158908844
25.6302022898678;27342.5643844604
25.6331187899008;28452.3539123535
25.6360352899338;34031.9990158081
25.6389517899667;33429.591796875
25.6418682899997;44329.9656791687
25.6447847900327;42092.6837673187
25.6477012900657;30589.4071750641
25.6506177900987;33635.0796909332
25.6535342901317;32548.6780166626
25.6564507901647;35280.2811965942
25.6593672901976;37989.5911407471
25.6622837902306;50392.8489837646
25.6652002902636;24813.6540794373
25.6681167902966;39151.2654266357
25.6710332903296;32748.7518424988
25.6739497903626;42903.1148910522
25.6768662903955;25692.2583389282
25.6797827904285;24859.1744689941
25.6826992904615;24329.887588501
25.6856157904945;26440.5543174744
25.6885322905275;41054.4186916351
25.6914487905605;37816.0241699219
25.6943652905934;26618.4265403748
25.6972817906264;37378.3329620361
25.7001982906594;21804.4614944458
25.7031147906924;23971.7152137756
25.7060312907254;30447.2241783142
25.7089477907584;36756.7697715759
25.7118642907914;34152.9137268066
25.7147807908243;25055.2326889038
25.7176972908573;24906.1409301758
25.7206137908903;33220.132232666
25.7235302909233;26240.9124755859
25.7264467909563;37683.3362121582
25.7293632909893;28354.7305831909
25.7322797910222;29458.7220363617
25.7351962910552;27028.7713508606
25.7381127910882;30659.8834609985
25.7410292911212;19819.6364059448
25.7439457911542;28557.0243358612
25.7468622911872;26045.8458404541
25.7497787912202;27044.5480422974
25.7526952912531;38046.5155029297
25.7556117912861;23415.1987190247
25.7585282913191;28672.5473823547
25.7614447913521;30297.5254840851
25.7643612913851;42740.4842643738
25.7672777914181;40952.8501625061
25.770194291451;24470.9247646332
25.773110791484;33795.4102973938
25.776027291517;29559.476726532
25.77894379155;30407.0110435486
25.781860291583;25653.8558197021
25.784776791616;33314.3021297455
25.787693291649;33240.3807373047
25.7906097916819;28352.2861614227
25.7935262917149;35257.8329696655
25.7964427917479;31527.4190139771
25.7993592917809;24985.6682052612
25.8022757918139;29972.7584209442
25.8051922918469;29619.3438110352
25.8081087918798;24073.0178718567
25.8110252919128;34765.5304145813
25.8139417919458;31373.5416107178
25.8168582919788;34988.3217697144
25.8197747920118;36026.0149536133
25.8226912920448;27173.90650177
25.8256077920778;33232.6380081177
25.8285242921107;34800.8625946045
25.8314407921437;33020.3742237091
25.8343572921767;26187.2463531494
25.8372737922097;25657.8855438232
25.8401902922427;39520.5365447998
25.8431067922757;26137.0089550018
25.8460232923086;34898.7574234009
25.8489397923416;46183.9865074158
25.8518562923746;49981.2293930054
25.8547727924076;33338.6934814453
25.8576892924406;32856.5923042297
25.8606057924736;18104.4714126587
25.8635222925065;31880.1264343262
25.8664387925395;40681.0420837402
25.8693552925725;37594.3877105713
25.8722717926055;30273.5721740723
25.8751882926385;23805.6249332428
25.8781047926715;32506.8322944641
25.8810212927045;30790.5471801758
25.8839377927374;39134.3047847748
25.8868542927704;32072.0559120178
25.8897707928034;38497.6888504028
25.8926872928364;20389.2377929688
25.8956037928694;30114.0287017822
25.8985202929024;37613.7459564209
25.9014367929354;31493.8991241455
25.9043532929683;21858.124710083
25.9072697930013;27555.4227676392
25.9101862930343;33768.7139568329
25.9131027930673;27270.1463336945
25.9160192931003;33919.3816757202
25.9189357931333;28170.5404891968
25.9218522931662;32029.0745162964
25.9247687931992;27103.5302810669
25.9276852932322;28049.7141265869
25.9306017932652;37555.7429351807
25.9335182932982;27767.3638534546
25.9364347933312;34501.8695526123
25.9393512933641;34696.5850105286
25.9422677933971;33334.2999649048
25.9451842934301;39358.6044578552
25.9481007934631;32756.2839508057
25.9510172934961;50806.6921024323
25.9539337935291;36498.5960140228
25.9568502935621;59162.5613460541
25.959766793595;40263.5512104034
25.962683293628;52651.8799972534
25.965599793661;54091.2159156799
25.968516293694;45165.997051239
25.971432793727;46908.2946109772
25.97434929376;43039.4151611328
25.9772657937929;58369.0186138153
25.9801822938259;41920.1183891296
25.9830987938589;45081.7534179688
25.9860152938919;52324.7699165344
25.9889317939249;40618.6631317139
25.9918482939579;46509.1246566772
25.9947647939909;40938.9206352234
25.9976812940238;34338.6361274719
26.0005977940568;42519.7581825256
26.0035142940898;34217.3527984619
26.0064307941228;39099.4128913879
26.0093472941558;40477.7534065247
26.0122637941888;28224.6605548859
26.0151802942217;46504.5557384491
26.0180967942547;46300.7172737122
26.0210132942877;26759.8924007416
26.0239297943207;31970.6555786133
26.0268462943537;41735.8579063416
26.0297627943867;36103.5495452881
26.0326792944197;28966.6170024872
26.0355957944526;25236.8794212341
26.0385122944856;39547.9493770599
26.0414287945186;29185.0660858154
26.0443452945516;46141.1015434265
26.0472617945846;28328.1544933319
26.0501782946176;28496.1728630066
26.0530947946505;39431.6475906372
26.0560112946835;35124.76927948
26.0589277947165;26978.0576095581
26.0618442947495;39847.5908737183
26.0647607947825;43543.5700416565
26.0676772948155;24964.2059822083
26.0705937948484;35426.9118289948
26.0735102948814;29955.6249465942
26.0764267949144;36403.1944046021
26.0793432949474;38009.463809967
26.0822597949804;25359.5975189209
26.0851762950134;17487.6031246185
26.0880927950464;35569.939743042
26.0910092950793;26296.3248214722
26.0939257951123;28049.8306121826
26.0968422951453;35422.3930358887
26.0997587951783;41764.2414016724
26.1026752952113;38622.4554290771
26.1055917952443;32892.4475326538
26.1085082952772;33361.1311340332
26.1114247953102;24027.7083587646
26.1143412953432;31175.605255127
26.1172577953762;23668.9261684418
26.1201742954092;36663.8965587616
26.1230907954422;39370.145149231
26.1260072954752;37097.3507385254
26.1289237955081;38486.888092041
26.1318402955411;31368.8951797485
26.1347567955741;25720.8005905151
26.1376732956071;41757.2778072357
26.1405897956401;41009.0195808411
26.1435062956731;49242.1493835449
26.146422795706;35059.4691390991
26.149339295739;44125.2873497009
26.152255795772;46623.2779521942
26.155172295805;49294.2918205261
26.158088795838;72337.4722366333
26.161005295871;67714.1818656921
26.163921795904;39260.3473892212
26.1668382959369;49131.4263210297
26.1697547959699;60530.6295471191
26.1726712960029;44144.8164348602
26.1755877960359;53297.3267707825
26.1785042960689;53165.3976821899
26.1814207961019;57224.0045108795
26.1843372961348;60824.1117229462
26.1872537961678;32442.1166439056
26.1901702962008;46635.7269229889
26.1930867962338;46595.501996994
26.1960032962668;44069.9486160278
26.1989197962998;59881.4726524353
26.2018362963328;47371.4522132874
26.2047527963657;45063.486743927
26.2076692963987;59782.5926818848
26.2105857964317;29968.4155216217
26.2135022964647;45828.9683074951
26.2164187964977;40112.6399230957
26.2193352965307;42304.2939147949
26.2222517965636;39388.8327693939
26.2251682965966;35351.5701522827
26.2280847966296;37709.8793392181
26.2310012966626;28432.1473293304
26.2339177966956;27994.2207946777
26.2368342967286;32798.5465393066
26.2397507967616;40439.352432251
26.2426672967945;39708.9260559082
26.2455837968275;44655.5459747314
26.2485002968605;30097.7767086029
26.2514167968935;39958.5982570648
26.2543332969265;46946.4573974609
26.2572497969595;38927.7201595306
26.2601662969924;35085.6818237305
26.2630827970254;35914.5644721985
26.2659992970584;33185.2088661194
26.2689157970914;46866.3950080872
26.2718322971244;26595.2233581543
26.2747487971574;36528.9624252319
26.2776652971903;44825.3118782043
26.2805817972233;36570.7073898315
26.2834982972563;37604.1644439697
26.2864147972893;42026.1106643677
26.2893312973223;41386.2440032959
26.2922477973553;28363.0409088135
26.2951642973883;31653.1045589447
26.2980807974212;45167.4625511169
26.3009972974542;26357.4992752075
26.3039137974872;47532.4531784058
26.3068302975202;37358.6477012634
26.3097467975532;37296.5933227539
26.3126632975862;42861.186126709
26.3155797976191;23268.0485610962
26.3184962976521;49326.3667411804
26.3214127976851;50565.3711128235
26.3243292977181;34679.5847587585
26.3272457977511;37604.4874420166
26.3301622977841;24562.3393478394
26.3330787978171;29672.1161422729
26.33599529785;29255.2122993469
26.338911797883;38793.275604248
26.341828297916;55899.5975494385
26.344744797949;38925.3132820129
26.347661297982;33250.0094223022
26.350577798015;37520.6874809265
26.3534942980479;31945.0967407227
26.3564107980809;53820.3159179688
26.3593272981139;43673.9482841492
26.3622437981469;35313.9767456055
26.3651602981799;48239.2624816895
26.3680767982129;43722.2480163574
26.3709932982459;37987.0467433929
26.3739097982788;61913.3641281128
26.3768262983118;52171.6002502441
26.3797427983448;46129.4672393799
26.3826592983778;35951.9759216309
26.3855757984108;49573.3747406006
26.3884922984438;45360.6462402344
26.3914087984767;49900.9204711914
26.3943252985097;70006.5558586121
26.3972417985427;50493.9223098755
26.4001582985757;57232.7403106689
26.4030747986087;80580.758682251
26.4059912986417;69557.4622344971
26.4089077986747;54565.7842254639
26.4118242987076;55916.3317146301
26.4147407987406;79747.5531959534
26.4176572987736;66411.6088562012
26.4205737988066;79212.2065792084
26.4234902988396;67549.7545700073
26.4264067988726;90457.463432312
26.4293232989055;89046.1187973022
26.4322397989385;103593.543292999
26.4351562989715;68659.13022995
26.4380727990045;66946.1588973999
26.4409892990375;86937.1223678589
26.4439057990705;78915.9745941162
26.4468222991034;75010.2015724182
26.4497387991364;70813.7834739685
26.4526552991694;73315.5320415497
26.4555717992024;62706.2944393158
26.4584882992354;78242.1968727112
26.4614047992684;81658.2000255585
26.4643212993014;86257.2616863251
26.4672377993343;67162.1668128967
26.4701542993673;86660.3970718384
26.4730707994003;81926.5343818665
26.4759872994333;58086.9457168579
26.4789037994663;74522.5353431702
26.4818202994993;68336.3933944702
26.4847367995323;51460.3792648315
26.4876532995652;77098.5908660889
26.4905697995982;49561.6550178528
26.4934862996312;66083.7225570679
26.4964027996642;59802.9613189697
26.4993192996972;43361.4558181763
26.5022357997302;53451.7210159302
26.5051522997631;53886.1215133667
26.5080687997961;46248.5207843781
26.5109852998291;53117.2190322876
26.5139017998621;54621.9017486572
26.5168182998951;49537.9494380951
26.5197347999281;58114.3606491089
26.522651299961;65056.7492370605
26.525567799994;49247.6695251465
26.528484300027;66462.4498100281
26.53140080006;55685.2864704132
26.534317300093;52148.0080413818
26.537233800126;47106.3442840576
26.540150300159;54557.6240386963
26.5430668001919;36014.6963653564
26.5459833002249;37029.939163208
26.5488998002579;43992.9998016357
26.5518163002909;56707.8691253662
26.5547328003239;52339.5013885498
26.5576493003569;41413.5168685913
26.5605658003898;47423.5944595337
26.5634823004228;64221.1017570496
26.5663988004558;36122.1726989746
26.5693153004888;56101.5405197144
26.5722318005218;45042.6746292114
26.5751483005548;35486.7221679688
26.5780648005878;58692.0539932251
26.5809813006207;48953.8438644409
26.5838978006537;40796.7627334595
26.5868143006867;35782.1134109497
26.5897308007197;55999.8262786865
26.5926473007527;35464.8315811157
26.5955638007857;37979.4400463104
26.5984803008186;44076.1996688843
26.6013968008516;49185.2860126495
26.6043133008846;47261.2715415955
26.6072298009176;36520.3917236328
26.6101463009506;31036.6986980438
26.6130628009836;50175.1215400696
26.6159793010166;48862.1641731262
26.6188958010495;50789.7838973999
26.6218123010825;58479.8368148804
26.6247288011155;33283.5879364014
26.6276453011485;38493.0151977539
26.6305618011815;59138.0520591736
26.6334783012145;32295.0035095215
26.6363948012474;38731.7160568237
26.6393113012804;45920.0542583466
26.6422278013134;43862.0075149536
26.6451443013464;29086.5989189148
26.6480608013794;45442.0021209717
26.6509773014124;38689.4431533813
26.6538938014453;42507.8806190491
26.6568103014783;38393.0655517578
26.6597268015113;44237.0468273163
26.6626433015443;38940.0295066834
26.6655598015773;40482.8908920288
26.6684763016103;37977.6484146118
26.6713928016433;39237.0104370117
26.6743093016762;39952.4430599213
26.6772258017092;43005.3713493347
26.6801423017422;37807.5073375702
26.6830588017752;41036.4628829956
26.6859753018082;38341.1032066345
26.6888918018412;54495.2483959198
26.6918083018741;55700.2293243408
26.6947248019071;39074.1586990356
26.6976413019401;32551.287902832
26.7005578019731;39402.4107971191
26.7034743020061;47918.2438621521
26.7063908020391;43946.1304473877
26.7093073020721;45355.6191711426
26.712223802105;39765.1240921021
26.715140302138;36868.1756515503
26.718056802171;26069.6946182251
26.720973302204;55432.7405395508
26.723889802237;37902.9586105347
26.72680630227;31232.9509830475
26.7297228023029;35103.4075546265
26.7326393023359;39263.4371948242
26.7355558023689;52883.3417263031
26.7384723024019;55756.6791648865
26.7413888024349;50299.3704071045
26.7443053024679;35998.7700157166
26.7472218025009;41634.3271713257
26.7501383025338;36821.7713050842
26.7530548025668;30427.3577423096
26.7559713025998;41739.0063323975
26.7588878026328;27092.7025756836
26.7618043026658;46630.2973604202
26.7647208026988;42769.1590881348
26.7676373027317;46628.0601482391
26.7705538027647;49697.0162963867
26.7734703027977;35904.4085140228
26.7763868028307;37192.0543518066
26.7793033028637;40075.231262207
26.7822198028967;44457.621131897
26.7851363029297;37957.3259735107
26.7880528029626;36708.050163269
26.7909693029956;42678.6725158691
26.7938858030286;42041.5943660736
26.7968023030616;50490.3256587982
26.7997188030946;31029.3456115723
26.8026353031276;47103.5577964783
26.8055518031605;45648.6403713226
26.8084683031935;31084.7910346985
26.8113848032265;45303.7155914307
26.8143013032595;42731.0182189941
26.8172178032925;58899.8641033173
26.8201343033255;38613.8370265961
26.8230508033585;46362.7448310852
26.8259673033914;39025.3142089844
26.8288838034244;39782.4181632996
26.8318003034574;51294.6292686462
26.8347168034904;31338.3543968201
26.8376333035234;30333.2449302673
26.8405498035564;27604.2397766113
26.8434663035893;33115.8617515564
26.8463828036223;40334.0890960693
26.8492993036553;35823.9684677124
26.8522158036883;41261.9288711548
26.8551323037213;38338.2840270996
26.8580488037543;36208.4285945892
26.8609653037873;28032.2602005005
26.8638818038202;41182.5314903259
26.8667983038532;36515.5393028259
26.8697148038862;46718.8118247986
26.8726313039192;50195.7000827789
26.8755478039522;35724.1680450439
26.8784643039852;42177.1493587494
26.8813808040181;46315.0242786407
26.8842973040511;38725.132686615
26.8872138040841;34060.7050476074
26.8901303041171;36353.3089408875
26.8930468041501;51518.8708534241
26.8959633041831;46372.1521339417
26.898879804216;38748.2690925598
26.901796304249;53236.2552871704
26.904712804282;35785.6451530457
26.907629304315;48502.9453430176
26.910545804348;42715.9405784607
26.913462304381;50968.6192188263
26.916378804414;44754.4787712097
26.9192953044469;34488.3542442322
26.9222118044799;35610.5745220184
26.9251283045129;42666.5179328918
26.9280448045459;45787.9458465576
26.9309613045789;43132.1220932007
26.9338778046119;41316.6170082092
26.9367943046448;46286.185131073
26.9397108046778;47351.0053005219
26.9426273047108;52621.2163047791
26.9455438047438;48717.5320587158
26.9484603047768;37602.1603603363
26.9513768048098;30772.0884914398
26.9542933048428;38472.4656066895
26.9572098048757;39394.4464588165
26.9601263049087;30502.8154144287
26.9630428049417;51048.7244338989
26.9659593049747;29691.2824058533
26.9688758050077;34302.83527565
26.9717923050407;54373.4117736816
26.9747088050736;35595.0242462158
26.9776253051066;29184.2237701416
26.9805418051396;45617.4859542847
26.9834583051726;17202.921585083
26.9863748052056;44412.5785675049
26.9892913052386;58533.5310134888
26.9922078052716;35747.4802627563
26.9951243053045;35630.1861228943
26.9980408053375;22137.1928634644
27.0009573053705;39515.2612380981
27.0038738054035;48826.495880127
27.0067903054365;29038.9907226563
27.0097068054695;36526.9899730682
27.0126233055024;33662.7084503174
27.0155398055354;34447.0284881592
27.0184563055684;42178.0434360504
27.0213728056014;45190.4219055176
27.0242893056344;50966.3640480042
27.0272058056674;43153.1507034302
27.0301223057003;45674.2256278992
27.0330388057333;42354.6702423096
27.0359553057663;33194.2507629395
27.0388718057993;36114.3709411621
27.0417883058323;34742.3322906494
27.0447048058653;37588.1642456055
27.0476213058983;35600.3938064575
27.0505378059312;39789.7741661072
27.0534543059642;34944.5771350861
27.0563708059972;30809.434047699
27.0592873060302;43226.2814903259
27.0622038060632;39952.253616333
27.0651203060962;40546.8561782837
27.0680368061292;44533.1668548584
27.0709533061621;39060.0573730469
27.0738698061951;43986.3612785339
27.0767863062281;47446.2875289917
27.0797028062611;34843.5246658325
27.0826193062941;27559.4791564941
27.0855358063271;41085.3392944336
27.08845230636;44564.0903739929
27.091368806393;42467.8113098145
27.094285306426;27180.0066070557
27.097201806459;44005.6897964478
27.100118306492;27695.5806007385
27.103034806525;31975.5911712646
27.1059513065579;58112.8326034546
27.1088678065909;23065.1595458984
27.1117843066239;35670.5630187988
27.1147008066569;33840.0474395752
27.1176173066899;44917.6707382202
27.1205338067229;36695.0598907471
27.1234503067559;44453.3745574951
27.1263668067888;37431.9392356873
27.1292833068218;46030.8148651123
27.1321998068548;28983.0245285034
27.1351163068878;27194.8817596436
27.1380328069208;36192.5564727783
27.1409493069538;44336.1459541321
27.1438658069867;42734.8245735168
27.1467823070197;50634.7397460938
27.1496988070527;52585.0894699097
27.1526153070857;39355.2270317078
27.1555318071187;32316.974861145
27.1584483071517;50786.7862510681
27.1613648071847;44414.924041748
27.1642813072176;45768.6732215881
27.1671978072506;32681.4108581543
27.1701143072836;35136.5130529404
27.1730308073166;53091.4395179749
27.1759473073496;27792.0305728912
27.1788638073826;42746.9453125
27.1817803074155;60972.3185882568
27.1846968074485;31884.3739318848
27.1876133074815;34238.5239677429
27.1905298075145;45822.9831542969
27.1934463075475;37919.861907959
27.1963628075805;38376.6527671814
27.1992793076135;38966.7413825989
27.2021958076464;32390.0723381042
27.2051123076794;49740.8378620148
27.2080288077124;26737.9003372192
27.2109453077454;58654.7965488434
27.2138618077784;36899.7586097717
27.2167783078114;42705.6470413208
27.2196948078443;39349.1811447144
27.2226113078773;36886.1181879044
27.2255278079103;20770.1160163879
27.2284443079433;42272.611907959
27.2313608079763;36356.1653442383
27.2342773080093;36963.5445480347
27.2371938080423;49597.598323822
27.2401103080752;50073.4069442749
27.2430268081082;37628.1196250916
27.2459433081412;46444.6577301025
27.2488598081742;34918.3014278412
27.2517763082072;39803.0528869629
27.2546928082402;41270.833240509
27.2576093082731;37581.1383800507
27.2605258083061;35078.1615600586
27.2634423083391;39014.41746521
27.2663588083721;32246.5871353149
27.2692753084051;32544.2597160339
27.2721918084381;48255.8523330688
27.275108308471;32711.6180267334
27.278024808504;39371.7750415802
27.280941308537;37321.6149196625
27.28385780857;34516.4701881409
27.286774308603;42661.2995185852
27.289690808636;37570.0867538452
27.292607308669;40658.4429168701
27.2955238087019;38611.9074325562
27.2984403087349;52540.2712402344
27.3013568087679;45220.6379833221
27.3042733088009;40049.8980541229
27.3071898088339;24259.1980285645
27.3101063088669;49767.7420578003
27.3130228088998;45227.2712640762
27.3159393089328;37894.6325950623
27.3188558089658;37570.9528541565
27.3217723089988;44718.600769043
27.3246888090318;37604.0486068726
27.3276053090648;34992.3158226013
27.3305218090978;42010.8159561157
27.3334383091307;38762.950838089
27.3363548091637;52102.1069717407
27.3392713091967;31841.9532737732
27.3421878092297;41254.9932250977
27.3451043092627;27860.7012252808
27.3480208092957;52960.9012451172
27.3509373093286;34542.6820030212
27.3538538093616;29246.6677722931
27.3567703093946;35351.4641876221
27.3596868094276;45749.4561386108
27.3626033094606;38338.487033844
27.3655198094936;41254.9331207275
27.3684363095266;44248.1336593628
27.3713528095595;23542.771938324
27.3742693095925;29011.8773498535
27.3771858096255;30654.3596076965
27.3801023096585;42790.6582679749
27.3830188096915;49523.3837432861
27.3859353097245;33788.3122024536
27.3888518097574;45661.8333129883
27.3917683097904;42751.0551776886
27.3946848098234;39407.9650611877
27.3976013098564;50215.611907959
27.4005178098894;39542.2976226807
27.4034343099224;34047.0654754639
27.4063508099554;31186.0963840485
27.4092673099883;51585.7050075531
27.4121838100213;29411.6842422485
27.4151003100543;46563.2259349823
27.4180168100873;30600.2165985107
27.4209333101203;38221.7202644348
27.4238498101533;49016.8070068359
27.4267663101862;34755.5735015869
27.4296828102192;38608.0981693268
27.4325993102522;26621.907913208
27.4355158102852;41799.0492095947
27.4384323103182;39592.3503475189
27.4413488103512;39292.4880065918
27.4442653103842;34652.5880203247
27.4471818104171;30265.8440074921
27.4500983104501;40855.9218139648
27.4530148104831;43751.6894989014
27.4559313105161;31921.9232139587
27.4588478105491;40774.8069610596
27.4617643105821;44309.0879745483
27.464680810615;44490.2365646362
27.467597310648;39952.582326889
27.470513810681;43619.0154190063
27.473430310714;28055.3234214783
27.476346810747;43842.4096889496
27.47926331078;33008.7979125977
27.4821798108129;30009.0422019959
27.4850963108459;52320.5462341309
27.4880128108789;38814.0222396851
27.4909293109119;37578.9878921509
27.4938458109449;30925.8154220581
27.4967623109779;35774.8184261322
27.4996788110109;41605.1647109985
27.5025953110438;27911.6433410645
27.5055118110768;35755.6911697388
27.5084283111098;45101.9442443848
27.5113448111428;39038.0408248901
27.5142613111758;46369.8682174683
27.5171778112088;54478.9979457855
27.5200943112417;38848.1202545166
27.5230108112747;28507.4453277588
27.5259273113077;38988.128068924
27.5288438113407;39371.4224243164
27.5317603113737;35116.8092651367
27.5346768114067;40758.318157196
27.5375933114397;35929.3198165894
27.5405098114726;32176.7834529877
27.5434263115056;35843.2930660248
27.5463428115386;52267.0636444092
27.5492593115716;41538.2228317261
27.5521758116046;63619.8501758575
27.5550923116376;41629.696521759
27.5580088116705;40453.3087997437
27.5609253117035;38124.2093048096
27.5638418117365;59786.6036968231
27.5667583117695;45408.2181491852
27.5696748118025;29822.1566524506
27.5725913118355;49719.71459198
27.5755078118685;43384.1209907532
27.5784243119014;39176.409160614
27.5813408119344;39449.0745296478
27.5842573119674;37949.5442123413
27.5871738120004;47761.1516418457
27.5900903120334;35033.9157409668
27.5930068120664;35684.4177360535
27.5959233120993;56230.8460693359
27.5988398121323;32570.6046504974
27.6017563121653;28206.6739273071
27.6046728121983;37219.1112060547
27.6075893122313;33743.7412986755
27.6105058122643;39518.6006603241
27.6134223122972;33001.5818634033
27.6163388123302;39544.4333190918
27.6192553123632;39543.2196350098
27.6221718123962;52724.8072319031
27.6250883124292;50677.750120163
27.6280048124622;58157.2814617157
27.6309213124952;47142.6464767456
27.6338378125281;41779.748085022
27.6367543125611;28143.8727416992
27.6396708125941;43331.3289384842
27.6425873126271;45172.3156757355
27.6455038126601;47032.2637901306
27.6484203126931;28950.0926361084
27.651336812726;36760.4268531799
27.654253312759;44869.3216533661
27.657169812792;46958.1661682129
27.660086312825;33928.4054031372
27.663002812858;39567.9260101318
27.665919312891;35191.7831497192
27.668835812924;35349.8580856323
27.6717523129569;35635.4358444214
27.6746688129899;39155.0001564026
27.6775853130229;26927.65234375
27.6805018130559;29638.879776001
27.6834183130889;37682.2302703857
27.6863348131219;54349.7886428833
27.6892513131548;34345.4027481079
27.6921678131878;43804.1185836792
27.6950843132208;41387.1549434662
27.6980008132538;34279.4009399414
27.7009173132868;52509.7245750427
27.7038338133198;34091.5700721741
27.7067503133528;42620.6521816254
27.7096668133857;42090.6728363037
27.7125833134187;37754.7005214691
27.7154998134517;37206.0645751953
27.7184163134847;42690.69140625
27.7213328135177;27571.20652771
27.7242493135507;28500.480682373
27.7271658135836;53329.3846893311
27.7300823136166;41062.0073280334
27.7329988136496;28363.3429012299
27.7359153136826;33163.8252277374
27.7388318137156;40814.8477249146
27.7417483137486;33015.4912834167
27.7446648137816;32667.6355876923
27.7475813138145;32422.2493629456
27.7504978138475;50402.1131095886
27.7534143138805;37008.6624641418
27.7563308139135;55562.7584152222
27.7592473139465;41170.8779354095
27.7621638139795;39505.0030632019
27.7650803140124;43158.1266860962
27.7679968140454;32253.7093296051
27.7709133140784;37001.8157043457
27.7738298141114;37024.4626312256
27.7767463141444;32138.2898406982
27.7796628141774;42816.3618011475
27.7825793142104;35089.0063056946
27.7854958142433;40994.2528076172
27.7884123142763;30374.5763626099
27.7913288143093;35593.6692886353
27.7942453143423;43280.6278152466
27.7971618143753;45027.8414154053
27.8000783144083;38791.4254512787
27.8029948144412;35049.407371521
27.8059113144742;25748.3323822021
27.8088278145072;25189.3756408691
27.8117443145402;37916.802570343
27.8146608145732;31632.4410629272
27.8175773146062;36203.0771389008
27.8204938146392;47207.9519252777
27.8234103146721;74131.9694576263
27.8263268147051;55024.3886547089
27.8292433147381;58953.0089797974
27.8321598147711;58996.3674278259
27.8350763148041;85940.4738121033
27.8379928148371;84397.3468551636
27.84090931487;76011.3115386963
27.843825814903;91217.4397392273
27.846742314936;84012.5915870667
27.849658814969;81317.0389766693
27.852575315002;66290.7136917114
27.855491815035;91104.5358428955
27.8584083150679;102050.087505341
27.8613248151009;80429.6147460938
27.8642413151339;73059.7703552246
27.8671578151669;88291.1195449829
27.8700743151999;74633.4732971191
27.8729908152329;47788.0930767059
27.8759073152659;70167.2399501801
27.8788238152988;70747.8725585938
27.8817403153318;66101.836894989
27.8846568153648;65461.4540328979
27.8875733153978;64080.8032684326
27.8904898154308;59154.2017803192
27.8934063154638;62765.8263549805
27.8963228154967;33827.5434951782
27.8992393155297;49606.4288368225
27.9021558155627;52590.3073711395
27.9050723155957;50283.0605545044
27.9079888156287;39886.0062160492
27.9109053156617;41833.9169597626
27.9138218156947;54188.4095649719
27.9167383157276;42778.6479873657
27.9196548157606;34618.9863643646
27.9225713157936;42194.0909576416
27.9254878158266;58792.8801631927
27.9284043158596;45198.5741462708
27.9313208158926;56003.5037536621
27.9342373159255;41780.3033943176
27.9371538159585;26253.7749328613
27.9400703159915;44847.9930706024
27.9429868160245;52286.3262557983
27.9459033160575;42295.5394020081
27.9488198160905;50581.3210296631
27.9517363161235;46849.3480129242
27.9546528161564;40692.947845459
27.9575693161894;64365.6078052521
27.9604858162224;49264.1037521362
27.9634023162554;55250.8743057251
27.9663188162884;37386.0935783386
27.9692353163214;36286.8615493774
27.9721518163543;49158.9497375488
27.9750683163873;54734.1059703827
27.9779848164203;41553.6190299988
27.9809013164533;50644.5952606201
27.9838178164863;44624.9494247437
27.9867343165193;33729.4060573578
27.9896508165522;49064.0661773682
27.9925673165852;55581.1259765625
27.9954838166182;43823.559223175
27.9984003166512;45081.8729476929
28.0013168166842;49332.3536987305
28.0042333167172;44161.84907341
28.0071498167502;49169.2798519135
28.0100663167831;44702.392539978
28.0129828168161;50240.2082366943
28.0158993168491;31819.7531051636
28.0188158168821;47520.861328125
28.0217323169151;49034.9891738892
28.0246488169481;33019.0436553955
28.0275653169811;55940.875289917
28.030481817014;51273.7182807922
28.033398317047;41367.860332489
28.03631481708;47002.3687858582
28.039231317113;36609.0987873077
28.042147817146;51170.3198280334
28.045064317179;36805.0875015259
28.0479808172119;63060.3116912842
28.0508973172449;50679.0848731995
28.0538138172779;40780.8482589722
28.0567303173109;42379.2218666077
28.0596468173439;46883.7659645081
28.0625633173769;35235.6233024597
28.0654798174098;60428.8951721191
28.0683963174428;41444.9503231049
28.0713128174758;52003.4227905273
28.0742293175088;45502.887090683
28.0771458175418;51004.9660949707
28.0800623175748;50993.5193920136
28.0829788176078;36107.7561531067
28.0858953176407;36022.6309661865
28.0888118176737;51531.1131134033
28.0917283177067;44944.6970214844
28.0946448177397;46041.560459137
28.0975613177727;48635.8575668335
28.1004778178057;42159.6798019409
28.1033943178386;44100.8286552429
28.1063108178716;38929.667596817
28.1092273179046;39741.9091453552
28.1121438179376;38812.4155426025
28.1150603179706;45826.3790245056
28.1179768180036;54711.086151123
28.1208933180366;34850.2550411224
28.1238098180695;45409.2940559387
28.1267263181025;41791.5468902588
28.1296428181355;44867.635219574
28.1325593181685;49891.4801158905
28.1354758182015;39696.3944091797
28.1383923182345;35099.8976478577
28.1413088182674;46969.2270622253
28.1442253183004;40386.8124008179
28.1471418183334;47802.6319408417
28.1500583183664;42419.0519599915
28.1529748183994;28888.8743152618
28.1558913184324;48012.8115005493
28.1588078184654;54004.7030906677
28.1617243184983;36272.0522346497
28.1646408185313;40724.119430542
28.1675573185643;53910.4505615234
28.1704738185973;36108.1067352295
28.1733903186303;50993.1719512939
28.1763068186633;42593.4706115723
28.1792233186962;45499.5295372009
28.1821398187292;48458.1258811951
28.1850563187622;41045.5825614929
28.1879728187952;42071.173084259
28.1908893188282;44925.1636734009
28.1938058188612;46349.1610870361
28.1967223188942;49065.7600860596
28.1996388189271;45573.6935939789
28.2025553189601;34016.1265411377
28.2054718189931;39896.5090942383
28.2083883190261;47681.4007606506
28.2113048190591;39764.3251132965
28.2142213190921;47057.5537185669
28.217137819125;44034.0648002625
28.220054319158;47993.6456375122
28.222970819191;41132.2719917297
28.225887319224;38413.8433609009
28.228803819257;40262.5493850708
28.23172031929;37580.2359390259
28.2346368193229;39201.47265625
28.2375533193559;43134.9140892029
28.2404698193889;40209.485244751
28.2433863194219;49475.9596862793
28.2463028194549;55240.6809196472
28.2492193194879;47767.1932983398
28.2521358195209;42534.4445419312
28.2550523195538;43853.9378795624
28.2579688195868;35534.3856201172
28.2608853196198;55970.0352935791
28.2638018196528;52113.6625404358
28.2667183196858;42383.6077346802
28.2696348197188;38552.5492248535
28.2725513197517;49236.5986595154
28.2754678197847;42068.736618042
28.2783843198177;45489.3287773132
28.2813008198507;63663.1299362183
28.2842173198837;36641.709564209
28.2871338199167;46245.4295806885
28.2900503199497;50299.7578010559
28.2929668199826;32302.0445804596
28.2958833200156;43255.5730609894
28.2987998200486;37169.528213501
28.3017163200816;48656.6486968994
28.3046328201146;36928.0729789734
28.3075493201476;46510.4205856323
28.3104658201805;53579.9765396118
28.3133823202135;69896.5938835144
28.3162988202465;46065.4367485046
28.3192153202795;54165.4867858887
28.3221318203125;49810.0845775604
28.3250483203455;41493.7341003418
28.3279648203785;56127.9843444824
28.3308813204114;42003.4984054565
28.3337978204444;42688.7660827637
28.3367143204774;55018.6697311401
28.3396308205104;52128.3610839844
28.3425473205434;51739.5634994507
28.3454638205764;37327.3143539429
28.3483803206093;50045.2694015503
28.3512968206423;43781.8750267029
28.3542133206753;39784.9245185852
28.3571298207083;51671.1574630737
28.3600463207413;52387.4524440765
28.3629628207743;43410.209569931
28.3658793208073;49653.1931533813
28.3687958208402;45092.9546661377
28.3717123208732;53623.9261837006
28.3746288209062;43072.5728588104
28.3775453209392;44782.0858917236
28.3804618209722;51527.9914627075
28.3833783210052;34077.8903083801
28.3862948210381;48835.6442184448
28.3892113210711;41953.2247085571
28.3921278211041;52633.6638183594
28.3950443211371;40153.97423172
28.3979608211701;47922.2985229492
28.4008773212031;40837.3396282196
28.4037938212361;49023.0481109619
28.406710321269;48726.3418273926
28.409626821302;53703.017036438
28.412543321335;47928.0452804565
28.415459821368;48054.9580516815
28.418376321401;51247.1044082642
28.421292821434;48227.1260967255
28.4242093214669;50523.658367157
28.4271258214999;50263.6036376953
28.4300423215329;53980.1944694519
28.4329588215659;38240.0284767151
28.4358753215989;59966.6754760742
28.4387918216319;46903.4571228027
28.4417083216648;51226.6003761292
28.4446248216978;34344.6833457947
28.4475413217308;48633.7752456665
28.4504578217638;43592.7250385284
28.4533743217968;53514.1246547699
28.4562908218298;49992.5605621338
28.4592073218628;45559.806602478
28.4621238218957;46171.6887588501
28.4650403219287;50228.5742492676
28.4679568219617;29741.7462234497
28.4708733219947;51932.5999507904
28.4737898220277;57018.4135627747
28.4767063220607;45788.1567316055
28.4796228220936;55108.6700153351
28.4825393221266;50432.6552391052
28.4854558221596;41080.3027877808
28.4883723221926;39921.2172889709
28.4912888222256;40185.7782897949
28.4942053222586;54728.9751796722
28.4971218222916;38642.0284461975
28.5000383223245;42587.3727855682
28.5029548223575;50283.1766815186
28.5058713223905;44229.745716095
28.5087878224235;49697.4307174683
28.5117043224565;49640.4427719116
28.5146208224895;40579.7579917908
28.5175373225224;54968.530921936
28.5204538225554;52696.7901077271
28.5233703225884;32655.4545822144
28.5262868226214;42981.6188659668
28.5292033226544;50987.4097595215
28.5321198226874;32966.0795574188
28.5350363227204;42969.4369850159
28.5379528227533;50079.9182395935
28.5408693227863;44034.7208938599
28.5437858228193;36491.3748321533
28.5467023228523;44372.5872497559
28.5496188228853;47155.3599452972
28.5525353229183;37923.5103263855
28.5554518229512;41220.801486969
28.5583683229842;46104.569026947
28.5612848230172;49770.061340332
28.5642013230502;36366.9547634125
28.5671178230832;48157.330242157
28.5700343231162;57106.4130096436
28.5729508231491;29056.1418628693
28.5758673231821;38362.9704551697
28.5787838232151;49317.2150115967
28.5817003232481;49878.3965053558
28.5846168232811;53174.1658630371
28.5875333233141;55115.090549469
28.5904498233471;41476.3768157959
28.59336632338;57413.7405452728
28.596282823413;40570.6961288452
28.599199323446;49406.6454467773
28.602115823479;40222.37342453
28.605032323512;37870.5490264893
28.607948823545;51223.093170166
28.610865323578;41672.8263626099
28.6137818236109;28704.4125747681
28.6166983236439;42023.1159248352
28.6196148236769;46466.1857223511
28.6225313237099;32894.9605560303
28.6254478237429;56140.2041473389
28.6283643237759;35237.7705917358
28.6312808238088;33796.8089141846
28.6341973238418;49070.6529159546
28.6371138238748;44661.7454986572
28.6400303239078;49348.6331748962
28.6429468239408;43385.1799201965
28.6458633239738;39847.1443214417
28.6487798240067;43018.775177002
28.6516963240397;57178.7930679321
28.6546128240727;52623.7041702271
28.6575293241057;32745.8255348206
28.6604458241387;48205.6362838745
28.6633623241717;51443.8688926697
28.6662788242047;61433.4736061096
28.6691953242376;53563.1900844574
28.6721118242706;37323.7080001831
28.6750283243036;56510.7667427063
28.6779448243366;52592.2089004517
28.6808613243696;57078.3629283905
28.6837778244026;66360.3797836304
28.6866943244355;39841.6716537476
28.6896108244685;60257.8449020386
28.6925273245015;56070.4161453247
28.6954438245345;65549.7999267578
28.6983603245675;49251.235502243
28.7012768246005;53526.4123096466
28.7041933246335;46936.5611991882
28.7071098246664;61557.8714179993
28.7100263246994;64947.3989467621
28.7129428247324;65249.8875732422
28.7158593247654;34020.5362129211
28.7187758247984;44561.9034023285
28.7216923248314;42750.222454071
28.7246088248643;58431.9547481537
28.7275253248973;55273.7087574005
28.7304418249303;63127.9179267883
28.7333583249633;44972.4777145386
28.7362748249963;47648.0502548218
28.7391913250293;44723.160905838
28.7421078250623;49724.8426685333
28.7450243250952;46933.2386684418
28.7479408251282;45276.6230888367
28.7508573251612;47623.6110610962
28.7537738251942;51086.3936519623
28.7566903252272;47611.9220752716
28.7596068252602;55695.5124053955
28.7625233252931;63196.3892250061
28.7654398253261;66475.1148033142
28.7683563253591;55208.6371536255
28.7712728253921;39785.1457519531
28.7741893254251;47239.4098434448
28.7771058254581;55942.2678947449
28.7800223254911;49192.8436527252
28.782938825524;43785.7825622559
28.785855325557;56549.5065307617
28.78877182559;53007.9865608215
28.791688325623;58256.1077919006
28.794604825656;56122.6602363586
28.797521325689;49340.346113205
28.8004378257219;37868.6630630493
28.8033543257549;29639.6821670532
28.8062708257879;53702.7505493164
28.8091873258209;36123.1078872681
28.8121038258539;53482.2290420532
28.8150203258869;32530.2460861206
28.8179368259198;59359.407497406
28.8208533259528;46928.7828807831
28.8237698259858;48548.3689575195
28.8266863260188;47298.8492717743
28.8296028260518;39679.0217971802
28.8325193260848;40825.1979751587
28.8354358261178;40610.0604324341
28.8383523261507;35517.1028671265
28.8412688261837;58312.9016189575
28.8441853262167;30213.4727096558
28.8471018262497;48566.4032611847
28.8500183262827;57982.3745651245
28.8529348263157;48548.6379547119
28.8558513263486;48681.6604156494
28.8587678263816;52503.0052719116
28.8616843264146;37482.891418457
28.8646008264476;62832.8256530762
28.8675173264806;35928.6496734619
28.8704338265136;52393.7104873657
28.8733503265466;36100.298500061
28.8762668265795;39665.5742797852
28.8791833266125;51025.1019573212
28.8820998266455;44370.5804042816
28.8850163266785;38474.3054122925
28.8879328267115;59734.5516014099
28.8908493267445;44411.5518875122
28.8937658267774;36209.2104473114
28.8966823268104;44202.1795749664
28.8995988268434;44885.8434352875
28.9025153268764;39702.1714401245
28.9054318269094;58522.4701690674
28.9083483269424;47691.8708572388
28.9112648269754;66893.3417358398
28.9141813270083;36092.7771110535
28.9170978270413;47536.0209465027
28.9200143270743;49790.0296535492
28.9229308271073;45667.7911224365
28.9258473271403;38330.8070068359
28.9287638271733;48342.7776317596
28.9316803272062;33730.6346035004
28.9345968272392;44949.9517860413
28.9375133272722;47507.1652450562
28.9404298273052;32655.0189666748
28.9433463273382;34526.3352203369
28.9462628273712;40794.4902191162
28.9491793274042;44329.0235519409
28.9520958274371;32254.4206314087
28.9550123274701;48540.4710464478
28.9579288275031;44299.065990448
28.9608453275361;44339.5663414001
28.9637618275691;45552.056219101
28.9666783276021;42612.9773597717
28.969594827635;41676.4054946899
28.972511327668;35093.8541259766
28.975427827701;45705.7745666504
28.978344327734;45311.6595878601
28.981260827767;47032.5672607422
28.9841773278;45672.523223877
28.987093827833;46661.036857605
28.9900103278659;36095.0559043884
28.9929268278989;35952.6126995087
28.9958433279319;41418.2757949829
28.9987598279649;49592.9224014282
29.0016763279979;39988.2457962036
29.0045928280309;56205.3680438995
29.0075093280638;42201.6604614258
29.0104258280968;41307.018989563
29.0133423281298;41016.5127868652
29.0162588281628;26572.9885368347
29.0191753281958;52909.5789260864
29.0220918282288;32099.3599452972
29.0250083282617;28031.2838668823
29.0279248282947;46002.5078659058
29.0308413283277;51995.8067951202
29.0337578283607;40240.9057617188
29.0366743283937;34840.0791778564
29.0395908284267;34098.5741043091
29.0425073284597;43124.9365653992
29.0454238284926;57433.2828540802
29.0483403285256;46082.8539657593
29.0512568285586;53828.2840938568
29.0541733285916;49056.5886898041
29.0570898286246;48074.9508247375
29.0600063286576;33868.7318477631
29.0629228286905;53773.8184661865
29.0658393287235;46656.0482559204
29.0687558287565;61403.5180339813
29.0716723287895;42964.9066009521
29.0745888288225;54184.6057815552
29.0775053288555;44482.4816207886
29.0804218288885;51601.5621242523
29.0833383289214;53797.3201599121
29.0862548289544;40175.7841949463
29.0891713289874;34552.8398628235
29.0920878290204;43072.6962966919
29.0950043290534;35431.667678833
29.0979208290864;46741.8325824738
29.1008373291193;42730.7642593384
29.1037538291523;38929.485616684
29.1066703291853;32438.4694061279
29.1095868292183;51512.8796768188
29.1125033292513;50203.8558731079
29.1154198292843;42613.4331665039
29.1183363293173;34557.9320793152
29.1212528293502;41519.6249198914
29.1241693293832;34532.535987854
29.1270858294162;56603.1956233978
29.1300023294492;35085.9311294556
29.1329188294822;42008.3686981201
29.1358353295152;49481.2389640808
29.1387518295481;30632.7911491394
29.1416683295811;33806.3687171936
29.1445848296141;24928.3302688599
29.1475013296471;37226.4132385254
29.1504178296801;48534.7508525848
29.1533343297131;45801.0177688599
29.1562508297461;51311.4307403564
29.159167329779;45762.9187221527
29.162083829812;30639.5231590271
29.165000329845;43468.5930786133
29.167916829878;48713.2470855713
29.170833329911;40815.5170955658
29.173749829944;39425.1508159637
29.1766663299769;33151.2514419556
29.1795828300099;43971.6144523621
29.1824993300429;36178.2494392395
29.1854158300759;37607.3262462616
29.1883323301089;31226.6035346985
29.1912488301419;54485.1344547272
29.1941653301749;39540.0608253479
29.1970818302078;60839.3260250092
29.1999983302408;27054.3066253662
29.2029148302738;50596.8329315186
29.2058313303068;44410.3530845642
29.2087478303398;48864.7238311768
29.2116643303728;41687.143907547
29.2145808304057;35458.9943389893
29.2174973304387;44529.1839141846
29.2204138304717;35941.5894908905
29.2233303305047;42074.3624629974
29.2262468305377;38199.781955719
29.2291633305707;53109.1913204193
29.2320798306036;53872.272190094
29.2349963306366;59421.5484848022
29.2379128306696;33760.3391494751
29.2408293307026;30220.4372520447
29.2437458307356;41169.8387489319
29.2466623307686;43446.9120159149
29.2495788308016;56254.8703460693
29.2524953308345;53986.0501403809
29.2554118308675;37445.0311775208
29.2583283309005;49838.8765220642
29.2612448309335;37833.9147567749
29.2641613309665;58847.8809566498
29.2670778309995;55929.7974643707
29.2699943310324;45225.3280887604
29.2729108310654;39860.3965835571
29.2758273310984;47650.6923274994
29.2787438311314;53449.0856399536
29.2816603311644;41362.4415645599
29.2845768311974;51574.3333492279
29.2874933312304;48282.6263656616
29.2904098312633;42861.1774291992
29.2933263312963;36859.4417610168
29.2962428313293;43360.3850631714
29.2991593313623;49841.1848640442
29.3020758313953;42329.1062812805
29.3049923314283;43354.8115234375
29.3079088314612;40020.9327545166
29.3108253314942;41657.9156341553
29.3137418315272;41155.2409973145
29.3166583315602;46321.6330108643
29.3195748315932;36003.7292804718
29.3224913316262;35669.6478881836
29.3254078316592;45195.939956665
29.3283243316921;39938.149269104
29.3312408317251;44252.1764297485
29.3341573317581;42288.1715621948
29.3370738317911;37053.1620845795
29.3399903318241;44750.1235141754
29.3429068318571;53426.8660068512
29.34582333189;41968.90625
29.348739831923;54655.711479187
29.351656331956;65651.9794654846
29.354572831989;53761.7511329651
29.357489332022;52603.6231994629
29.360405832055;48771.0161437988
29.363322332088;53227.0930099487
29.3662388321209;46225.2242546082
29.3691553321539;56681.0593662262
29.3720718321869;62016.7637500763
29.3749883322199;65308.7941761017
29.3779048322529;55120.7153358459
29.3808213322859;59152.7563228607
29.3837378323188;65871.5588989258
29.3866543323518;44969.0496044159
29.3895708323848;49921.8555450439
29.3924873324178;67659.0380134583
29.3954038324508;59559.1723251343
29.3983203324838;77470.6094055176
29.4012368325167;61683.1925563812
29.4041533325497;74495.3394680023
29.4070698325827;62359.8066177368
29.4099863326157;52883.8134899139
29.4129028326487;63804.6379165649
29.4158193326817;62659.1984405518
29.4187358327147;65579.4443283081
29.4216523327476;59177.6884078979
29.4245688327806;67938.0973167419
29.4274853328136;69730.3007087708
29.4304018328466;69905.9062767029
29.4333183328796;71889.2728252411
29.4362348329126;65803.109249115
29.4391513329455;67271.1060180664
29.4420678329785;69386.627204895
29.4449843330115;80270.6017837524
29.4479008330445;74826.6726341248
29.4508173330775;50995.0627288818
29.4537338331105;90342.1089019775
29.4566503331435;61697.4280567169
29.4595668331764;66590.2262115479
29.4624833332094;73257.0643615723
29.4653998332424;68982.6516342163
29.4683163332754;61766.5899353027
29.4712328333084;54267.7699871063
29.4741493333414;61447.5481262207
29.4770658333743;70267.1570186615
29.4799823334073;42248.8535232544
29.4828988334403;64422.7736587524
29.4858153334733;74729.5901641846
29.4887318335063;44323.3382873535
29.4916483335393;56220.1751461029
29.4945648335723;61319.5053863525
29.4974813336052;59038.2916259766
29.5003978336382;55345.2178936005
29.5033143336712;67013.6967277527
29.5062308337042;73688.751947403
29.5091473337372;58340.5425548553
29.5120638337702;55795.2956142426
29.5149803338031;67950.4236297607
29.5178968338361;57429.5787887573
29.5208133338691;45003.5288085938
29.5237298339021;57372.6406345367
29.5266463339351;74643.1801280975
29.5295628339681;58843.8957843781
29.5324793340011;63188.8349990845
29.535395834034;45798.7030677795
29.538312334067;65415.7529945374
29.5412288341;46615.1379013062
29.544145334133;52639.5510482788
29.547061834166;50770.9920005798
29.549978334199;51759.3341445923
29.5528948342319;70815.832572937
29.5558113342649;50129.1739807129
29.5587278342979;44796.1256141663
29.5616443343309;36687.8803787231
29.5645608343639;54688.0682754517
29.5674773343969;51436.4112968445
29.5703938344299;57156.4124183655
29.5733103344628;55299.9815406799
29.5762268344958;37682.4804916382
29.5791433345288;32104.6329498291
29.5820598345618;39721.6126747131
29.5849763345948;46832.4639091492
29.5878928346278;62367.5847473145
29.5908093346607;44504.4376029968
29.5937258346937;57995.1564750671
29.5966423347267;48634.2942504883
29.5995588347597;47163.9250240326
29.6024753347927;51112.8778991699
29.6053918348257;49026.1030464172
29.6083083348586;55700.2409992218
29.6112248348916;54256.5499076843
29.6141413349246;48328.8259658813
29.6170578349576;49888.6190567017
29.6199743349906;38977.7905502319
29.6228908350236;44429.89635849
29.6258073350566;39866.9784088135
29.6287238350895;37938.899061203
29.6316403351225;52433.3659744263
29.6345568351555;61822.3917999268
29.6374733351885;53315.5632781982
29.6403898352215;49490.8094749451
29.6433063352545;58659.317155838
29.6462228352874;56734.2795391083
29.6491393353204;41334.3547649384
29.6520558353534;42333.271194458
29.6549723353864;53025.2757911682
29.6578888354194;50530.2263336182
29.6608053354524;38125.4612731934
29.6637218354854;42297.1774177551
29.6666383355183;63225.1573200226
29.6695548355513;50387.5320129395
29.6724713355843;47739.4599761963
29.6753878356173;71391.0541687012
29.6783043356503;48425.4215087891
29.6812208356833;45912.9540157318
29.6841373357162;45019.8510856628
29.6870538357492;55574.5534248352
29.6899703357822;58587.4803466797
29.6928868358152;51031.1851272583
29.6958033358482;54734.9281044006
29.6987198358812;52246.9359016418
29.7016363359142;44588.1126976013
29.7045528359471;58404.4453048706
29.7074693359801;72215.4286270142
29.7103858360131;53783.2538833618
29.7133023360461;40472.0529212952
29.7162188360791;36411.1403198242
29.7191353361121;53365.0122375488
29.722051836145;46271.140083313
29.724968336178;43434.6770782471
29.727884836211;62018.6001586914
29.730801336244;53401.9677791595
29.733717836277;54950.0129394531
29.73663433631;55597.6226806641
29.739550836343;51730.8986110687
29.7424673363759;45734.9336681366
29.7453838364089;37619.2154464722
29.7483003364419;55270.8321304321
29.7512168364749;53703.5736236572
29.7541333365079;49186.4618530273
29.7570498365409;64877.7715606689
29.7599663365738;43145.1633529663
29.7628828366068;48291.1954421997
29.7657993366398;47954.2792320251
29.7687158366728;37323.5833702087
29.7716323367058;65695.6169872284
29.7745488367388;51392.3716926575
29.7774653367718;52534.8629341125
29.7803818368047;52096.6122245789
29.7832983368377;49759.7675743103
29.7862148368707;45719.9832420349
29.7891313369037;43434.3491821289
29.7920478369367;40995.7262268066
29.7949643369697;52291.8754405975
29.7978808370026;58201.7856063843
29.8007973370356;49635.188867569
29.8037138370686;51809.3715248108
29.8066303371016;37879.4380722046
29.8095468371346;46528.3772697449
29.8124633371676;43813.0217666626
29.8153798372005;45220.8319969177
29.8182963372335;43627.2822036743
29.8212128372665;51620.9878578186
29.8241293372995;50700.6114768982
29.8270458373325;53898.894903183
29.8299623373655;47893.925113678
29.8328788373985;40859.758939743
29.8357953374314;41639.3976516724
29.8387118374644;52748.3421077728
29.8416283374974;45825.6706848145
29.8445448375304;46790.2630786896
29.8474613375634;55329.9082546234
29.8503778375964;34443.7369289398
29.8532943376293;59540.1267547607
29.8562108376623;36940.3808021545
29.8591273376953;52241.3190021515
29.8620438377283;55868.1207733154
29.8649603377613;47111.9152526855
29.8678768377943;64582.5498352051
29.8707933378273;50956.659614563
29.8737098378602;40827.6501426697
29.8766263378932;58340.4643783569
29.8795428379262;39873.348405838
29.8824593379592;42810.7505187988
29.8853758379922;42091.1159439087
29.8882923380252;44514.1702346802
29.8912088380581;53610.1634407043
29.8941253380911;54651.1936035156
29.8970418381241;41608.3151779175
29.8999583381571;72452.8701667786
29.9028748381901;67429.704246521
29.9057913382231;60047.2183685303
29.9087078382561;85411.2339420319
29.911624338289;94266.4631118774
29.914540838322;95645.565870285
29.917457338355;109737.477241516
29.920373838388;130355.464599609
29.923290338421;127338.707092285
29.926206838454;123039.707166672
29.9291233384869;180597.719921112
29.9320398385199;168020.177217484
29.9349563385529;189402.784439087
29.9378728385859;209130.75769043
29.9407893386189;206618.984420776
29.9437058386519;220462.76304245
29.9466223386849;202260.579097748
29.9495388387178;218220.656814575
29.9524553387508;239107.789604187
29.9553718387838;218046.301277161
29.9582883388168;173556.335950851
29.9612048388498;179008.566595078
29.9641213388828;181346.71005249
29.9670378389157;187759.088371277
29.9699543389487;145871.032058716
29.9728708389817;156919.572853088
29.9757873390147;139841.893884659
29.9787038390477;121488.137320518
29.9816203390807;118773.729167938
29.9845368391136;102982.991394043
29.9874533391466;122367.057907104
29.9903698391796;109118.025104523
29.9932863392126;103678.190746307
29.9962028392456;100861.31798172
29.9991193392786;89735.9435424805
30.0020358393116;97677.8762283325
30.0049523393445;120653.039794922
30.0078688393775;84656.529718399
30.0107853394105;79796.1864929199
30.0137018394435;98436.3745956421
30.0166183394765;80791.1858558655
30.0195348395095;82083.9861068726
30.0224513395424;83767.8957901001
30.0253678395754;63762.0266914368
30.0282843396084;82846.1971969604
30.0312008396414;80010.7437267303
30.0341173396744;84162.4230384827
30.0370338397074;101776.413223267
30.0399503397404;68216.349445343
30.0428668397733;79938.9213943481
30.0457833398063;59388.5198116302
30.0486998398393;77289.8647422791
30.0516163398723;76272.9799118042
30.0545328399053;76464.4959030151
30.0574493399383;51720.0817184448
30.0603658399712;71132.2329711914
30.0632823400042;64443.5171089172
30.0661988400372;84892.3922119141
30.0691153400702;95215.0765075684
30.0720318401032;53769.3112659454
30.0749483401362;47986.708978653
30.0778648401692;81868.2086639404
30.0807813402021;86525.674779892
30.0836978402351;54894.5189323425
30.0866143402681;77711.996131897
30.0895308403011;72908.5585594177
30.0924473403341;71609.3813285828
30.0953638403671;75655.480266571
30.0982803404;56057.1385269165
30.101196840433;62249.9173469543
30.104113340466;46997.0937671661
30.107029840499;56320.6186237335
30.109946340532;55359.4176330566
30.112862840565;72236.253862381
30.115779340598;84861.4275588989
30.1186958406309;58004.1759262085
30.1216123406639;65250.7228393555
30.1245288406969;57083.7383117676
30.1274453407299;80449.9417953491
30.1303618407629;46696.9259567261
30.1332783407959;58992.0447692871
30.1361948408288;70342.9718818665
30.1391113408618;71756.3577003479
30.1420278408948;47126.9308490753
30.1449443409278;62052.4455337524
30.1478608409608;49447.7836914063
30.1507773409938;57777.0911865234
30.1536938410268;61871.7451992035
30.1566103410597;63365.4753646851
30.1595268410927;53330.9104881287
30.1624433411257;53675.6494255066
30.1653598411587;55220.595954895
30.1682763411917;57433.5297641754
30.1711928412247;66465.1154289246
30.1741093412576;80420.9556503296
30.1770258412906;51464.8416023254
30.1799423413236;62516.01587677
30.1828588413566;63162.6296253204
30.1857753413896;63622.7841796875
30.1886918414226;58392.1418762207
30.1916083414555;78020.3829307556
30.1945248414885;63104.6870059967
30.1974413415215;48066.4158859253
30.2003578415545;50456.1862983704
30.2032743415875;67512.9402427673
30.2061908416205;64979.1067180634
30.2091073416535;62222.9875240326
30.2120238416864;68952.1094589233
30.2149403417194;69674.3820018768
30.2178568417524;74775.5648803711
30.2207733417854;81153.3964767456
30.2236898418184;62547.8532485962
30.2266063418514;73096.7284660339
30.2295228418843;61221.0036621094
30.2324393419173;69308.1832027435
30.2353558419503;77257.8906326294
30.2382723419833;78311.4133377075
30.2411888420163;73789.159450531
30.2441053420493;82065.0530548096
30.2470218420823;86593.5174846649
30.2499383421152;61059.8041133881
30.2528548421482;43559.0163230896
30.2557713421812;87928.1072998047
30.2586878422142;58102.8840713501
30.2616043422472;66487.2802658081
30.2645208422802;71506.351852417
30.2674373423131;49161.4873466492
30.2703538423461;61908.3264312744
30.2732703423791;69436.3779067993
30.2761868424121;50385.9316558838
30.2791033424451;51517.8312454224
30.2820198424781;62675.2002391815
30.2849363425111;55879.3130607605
30.287852842544;62494.6342067719
30.290769342577;58715.2198810577
30.29368584261;56408.4424037933
30.296602342643;66805.8893814087
30.299518842676;64261.3767127991
30.302435342709;65154.5399055481
30.3053518427419;57547.2487564087
30.3082683427749;60234.4872283936
30.3111848428079;68638.721534729
30.3141013428409;50785.2400932312
30.3170178428739;64108.4911499023
30.3199343429069;72457.5355548859
30.3228508429399;58918.8929824829
30.3257673429728;66462.7334213257
30.3286838430058;56470.2073478699
30.3316003430388;55851.9199562073
30.3345168430718;46603.2282543182
30.3374333431048;53681.0149612427
30.3403498431378;58285.5464744568
30.3432663431707;67086.8149871826
30.3461828432037;54596.4419441223
30.3490993432367;52082.4237060547
30.3520158432697;57181.6990966797
30.3549323433027;67584.1232643127
30.3578488433357;46773.7258625031
30.3607653433686;63127.3237304688
30.3636818434016;44591.572479248
30.3665983434346;52346.5495758057
30.3695148434676;59779.5366134644
30.3724313435006;40242.6296081543
30.3753478435336;50018.2663326263
30.3782643435666;57250.9660434723
30.3811808435995;56327.5476646423
30.3840973436325;43995.8754997253
30.3870138436655;70130.6714096069
30.3899303436985;59492.8578186035
30.3928468437315;73714.1913776398
30.3957633437645;43581.5687255859
30.3986798437974;39180.6298942566
30.4015963438304;70052.5028762817
30.4045128438634;48008.9483184814
30.4074293438964;44149.8619995117
30.4103458439294;44106.7102069855
30.4132623439624;42195.7141799927
30.4161788439954;51342.8800430298
30.4190953440283;48720.0731735229
30.4220118440613;55406.742980957
30.4249283440943;58935.6494216919
30.4278448441273;67565.9489803314
30.4307613441603;41574.6549606323
30.4336778441933;63480.8468780518
30.4365943442262;49499.6331157684
30.4395108442592;60551.3269958496
30.4424273442922;53195.8117809296
30.4453438443252;56670.4162445068
30.4482603443582;47278.3766441345
30.4511768443912;62100.6271095276
30.4540933444242;59567.3889160156
30.4570098444571;56491.8690547943
30.4599263444901;69681.6705055237
30.4628428445231;63280.3876495361
30.4657593445561;52015.2852058411
30.4686758445891;63102.0252151489
30.4715923446221;47688.4665641785
30.474508844655;55522.2222251892
30.477425344688;68006.2057571411
30.480341844721;58151.5197067261
30.483258344754;47628.7623138428
30.486174844787;59767.5213260651
30.48909134482;63486.235824585
30.492007844853;54244.4861755371
30.4949243448859;41975.7634792328
30.4978408449189;51615.739151001
30.5007573449519;53065.7379798889
30.5036738449849;50866.1737442017
30.5065903450179;46383.5911178589
30.5095068450509;60018.3614196777
30.5124233450838;60184.1315765381
30.5153398451168;61732.929769516
30.5182563451498;48828.3687419891
30.5211728451828;52869.2871665955
30.5240893452158;57478.2297267914
30.5270058452488;55542.4163780212
30.5299223452818;57909.7466926575
30.5328388453147;52755.9985809326
30.5357553453477;45770.6889953613
30.5386718453807;62277.6190490723
30.5415883454137;69262.5689239502
30.5445048454467;63640.3180389404
30.5474213454797;35712.2966537476
30.5503378455126;50846.8115577698
30.5532543455456;61679.3662033081
30.5561708455786;45718.1067867279
30.5590873456116;55678.2215423584
30.5620038456446;56084.1614151001
30.5649203456776;49242.6048698425
30.5678368457105;58177.7751655579
30.5707533457435;50280.3798446655
30.5736698457765;47315.4231643677
30.5765863458095;47063.035282135
30.5795028458425;40173.6728305817
30.5824193458755;55050.9389858246
30.5853358459085;48129.847442627
30.5882523459414;40924.0503387451
30.5911688459744;45264.4192256927
30.5940853460074;76347.9770431519
30.5970018460404;43600.0346908569
30.5999183460734;61201.7502365112
30.6028348461064;60784.206111908
30.6057513461393;59989.2330513
30.6086678461723;58974.3787307739
30.6115843462053;50716.6509361267
30.6145008462383;54246.1038532257
30.6174173462713;55355.9989852905
30.6203338463043;59173.7932662964
30.6232503463373;54303.6241607666
30.6261668463702;57431.2482204437
30.6290833464032;47750.6724395752
30.6319998464362;59505.2913284302
30.6349163464692;50469.2845211029
30.6378328465022;48852.6022396088
30.6407493465352;49956.2072067261
30.6436658465681;47769.395198822
30.6465823466011;51352.5771865845
30.6494988466341;29982.6637268066
30.6524153466671;58852.6884613037
30.6553318467001;50162.771156311
30.6582483467331;49466.8878936768
30.6611648467661;61870.2435684204
30.664081346799;46080.9923362732
30.666997846832;47755.1574230194
30.669914346865;42789.9328155518
30.672830846898;42080.8180732727
30.675747346931;44468.8408432007
30.678663846964;44648.9554328918
30.6815803469969;57663.4834976196
30.6844968470299;53578.2248687744
30.6874133470629;43155.503993988
30.6903298470959;47081.4181900024
30.6932463471289;65744.360748291
30.6961628471619;58550.481590271
30.6990793471949;56593.0057411194
30.7019958472278;54886.0766143799
30.7049123472608;55644.2657699585
30.7078288472938;45091.3919525146
30.7107453473268;51153.5304489136
30.7136618473598;64074.9705848694
30.7165783473928;49235.5647850037
30.7194948474257;52407.5424308777
30.7224113474587;47604.5262451172
30.7253278474917;54404.4496154785
30.7282443475247;58126.2009658813
30.7311608475577;44640.4366722107
30.7340773475907;43060.3828334808
30.7369938476237;53329.0383682251
30.7399103476566;58551.1244487762
30.7428268476896;52577.0383987427
30.7457433477226;43005.2080669403
30.7486598477556;52299.5801582336
30.7515763477886;56835.0210571289
30.7544928478216;51561.9673271179
30.7574093478545;42596.4987716675
30.7603258478875;55119.2255401611
30.7632423479205;53994.3857116699
30.7661588479535;61977.0978279114
30.7690753479865;46281.5241756439
30.7719918480195;72637.8221035004
30.7749083480524;47471.6982955933
30.7778248480854;46499.7423934937
30.7807413481184;54940.1191177368
30.7836578481514;39696.680311203
30.7865743481844;55736.3148498535
30.7894908482174;68948.8801727295
30.7924073482504;46936.2067070007
30.7953238482833;52605.1444301605
30.7982403483163;55476.7127304077
30.8011568483493;59749.2429618835
30.8040733483823;47628.8247394562
30.8069898484153;51582.0246276855
30.8099063484483;44484.6636505127
30.8128228484812;54234.8520126343
30.8157393485142;33638.2724914551
30.8186558485472;39738.5453643799
30.8215723485802;51665.8229904175
30.8244888486132;47737.6531829834
30.8274053486462;52387.7168655396
30.8303218486792;45917.3910064697
30.8332383487121;47509.7166309357
30.8361548487451;47528.3127803802
30.8390713487781;50111.8338050842
30.8419878488111;36934.9432029724
30.8449043488441;38250.2456283569
30.8478208488771;40436.9775695801
30.85073734891;47573.2664699554
30.853653848943;38822.376373291
30.856570348976;46279.0800666809
30.859486849009;54061.3711853027
30.862403349042;54723.6041870117
30.865319849075;54579.9953079224
30.868236349108;49751.415102005
30.8711528491409;40781.6896476746
30.8740693491739;65640.1251602173
30.8769858492069;53418.4761009216
30.8799023492399;43206.5792369843
30.8828188492729;30215.6258087158
30.8857353493059;45097.2713775635
30.8886518493388;43974.7822303772
30.8915683493718;48338.3257827759
30.8944848494048;52752.7126083374
30.8974013494378;59808.6397628784
30.9003178494708;41364.2681274414
30.9032343495038;48405.0237197876
30.9061508495368;46914.8759880066
30.9090673495697;37575.4900360107
30.9119838496027;54564.2359905243
30.9149003496357;54453.6436157227
30.9178168496687;45520.4941654205
30.9207333497017;46132.2583084106
30.9236498497347;45697.1527309418
30.9265663497676;45559.8489685059
30.9294828498006;45464.7375793457
30.9323993498336;38537.5884780884
30.9353158498666;61043.9024124146
30.9382323498996;52972.7334442139
30.9411488499326;42653.9115066528
30.9440653499655;55254.1877803802
30.9469818499985;50322.8468170166
30.9498983500315;51848.1367855072
30.9528148500645;49175.014793396
30.9557313500975;33750.8677330017
30.9586478501305;42448.0567703247
30.9615643501635;38705.1744289398
30.9644808501964;40192.1706237793
30.9673973502294;37832.0054683685
30.9703138502624;57298.6347522736
30.9732303502954;51427.4144325256
30.9761468503284;50029.5565872192
30.9790633503614;49452.5654754639
30.9819798503944;56355.965423584
30.9848963504273;45535.5375518799
30.9878128504603;38963.6591091156
30.9907293504933;51904.0536422729
30.9936458505263;45834.7171859741
30.9965623505593;44465.8324203491
30.9994788505923;45216.6460380554
31.0023953506252;44476.1980133057
31.0053118506582;52003.3764343262
31.0082283506912;51570.5926361084
31.0111448507242;48853.6811981201
31.0140613507572;38736.2085762024
31.0169778507902;42029.4936084747
31.0198943508231;54013.4776535034
31.0228108508561;51685.25831604
31.0257273508891;56307.5826129913
31.0286438509221;57912.7861785889
31.0315603509551;32860.8168258667
31.0344768509881;53805.0677146912
31.0373933510211;49113.0645751953
31.040309851054;49540.4813041687
31.043226351087;49988.2174339294
31.04614285112;54810.455619812
31.049059351153;64599.5114917755
31.051975851186;59315.2495918274
31.054892351219;52891.7154960632
31.0578088512519;58233.7804260254
31.0607253512849;41696.1059570313
31.0636418513179;56141.3770599365
31.0665583513509;44989.3373394012
31.0694748513839;46546.537853241
31.0723913514169;46725.8160057068
31.0753078514499;53069.3494491577
31.0782243514828;63046.8447055817
31.0811408515158;46267.3377952576
31.0840573515488;54189.4390640259
31.0869738515818;47844.7733058929
31.0898903516148;44126.7043533325
31.0928068516478;45038.5958251953
31.0957233516807;53482.8001327515
31.0986398517137;44527.6354293823
31.1015563517467;50901.5822410584
31.1044728517797;52352.4695739746
31.1073893518127;58337.7037734985
31.1103058518457;36381.9142055511
31.1132223518787;46547.3931007385
31.1161388519116;32766.6290531158
31.1190553519446;37702.9373588562
31.1219718519776;53955.1177787781
31.1248883520106;59946.6116580963
31.1278048520436;35956.0513076782
31.1307213520766;49096.5173339844
31.1336378521095;60660.9639701843
31.1365543521425;44251.9919242859
31.1394708521755;46739.2322463989
31.1423873522085;49960.1849212646
31.1453038522415;62054.0846481323
31.1482203522745;56984.8417434692
31.1511368523074;47578.3491821289
31.1540533523404;38364.277141571
31.1569698523734;54772.9491062164
31.1598863524064;24089.1034297943
31.1628028524394;67159.0309066772
31.1657193524724;41437.858379364
31.1686358525054;52012.9376373291
31.1715523525383;42514.4459934235
31.1744688525713;36982.8294754028
31.1773853526043;41380.5355033875
31.1803018526373;57028.7465286255
31.1832183526703;46943.5954589844
31.1861348527033;36670.7727127075
31.1890513527362;51294.4344482422
31.1919678527692;64927.2668457031
31.1948843528022;32833.9071388245
31.1978008528352;42332.0838775635
31.2007173528682;39418.8152256012
31.2036338529012;64333.0014724731
31.2065503529342;43215.2711410522
31.2094668529671;46704.188243866
31.2123833530001;52196.0091362
31.2152998530331;64530.4430618286
31.2182163530661;54489.1068763733
31.2211328530991;40198.898727417
31.2240493531321;45422.5985546112
31.226965853165;40865.0258541107
31.229882353198;45159.4668579102
31.232798853231;52230.6119232178
31.235715353264;48533.5380973816
31.238631853297;48628.8985786438
31.24154835333;37628.3687744141
31.244464853363;56515.3549461365
31.2473813533959;58731.2853546143
31.2502978534289;43731.4766597748
31.2532143534619;49892.9311523438
31.2561308534949;68582.6090316772
31.2590473535279;54157.8877449036
31.2619638535609;59184.4148101807
31.2648803535938;44714.2666397095
31.2677968536268;55924.4148750305
31.2707133536598;36930.0926742554
31.2736298536928;60711.6169891357
31.2765463537258;42591.8020858765
31.2794628537588;49068.9814815521
31.2823793537918;62395.6408843994
31.2852958538247;60614.266166687
31.2882123538577;42270.8868370056
31.2911288538907;55919.6239833832
31.2940453539237;46650.8033103943
31.2969618539567;38563.9751796722
31.2998783539897;57112.5863113403
31.3027948540226;37645.5347728729
31.3057113540556;42499.641708374
31.3086278540886;42879.8934631348
31.3115443541216;57543.796295166
31.3144608541546;55445.1403884888
31.3173773541876;41273.3053321838
31.3202938542206;52297.7517204285
31.3232103542535;42167.464963913
31.3261268542865;50972.6501083374
31.3290433543195;47149.0486087799
31.3319598543525;39357.3142318726
31.3348763543855;40548.8777542114
31.3377928544185;45491.9406337738
31.3407093544514;42082.1677436829
31.3436258544844;63863.8370437622
31.3465423545174;61383.1786651611
31.3494588545504;39474.2709197998
31.3523753545834;51891.5697402954
31.3552918546164;48652.6724624634
31.3582083546493;51202.2535972595
31.3611248546823;50548.2720489502
31.3640413547153;42399.8399887085
31.3669578547483;45801.1277389526
31.3698743547813;52358.4434738159
31.3727908548143;53648.5059814453
31.3757073548473;47532.869304657
31.3786238548802;50623.5086708069
31.3815403549132;43006.5707855225
31.3844568549462;56329.4479904175
31.3873733549792;38470.5424880981
31.3902898550122;36662.9819602966
31.3932063550452;44382.0230445862
31.3961228550781;38847.8813095093
31.3990393551111;45225.3743743896
31.4019558551441;65558.4506397247
31.4048723551771;61262.4286270142
31.4077888552101;55005.8750762939
31.4107053552431;56177.3530197144
31.4136218552761;70549.8220405579
31.416538355309;51538.7967529297
31.419454855342;44261.6573143005
31.422371355375;63752.4760799408
31.425287855408;49507.9594764709
31.428204355441;60488.7549057007
31.431120855474;58402.513217926
31.4340373555069;54113.838394165
31.4369538555399;49191.967206955
31.4398703555729;53718.7830352783
31.4427868556059;40702.511932373
31.4457033556389;41537.0126953125
31.4486198556719;49264.1118927002
31.4515363557049;46221.0594749451
31.4544528557378;47687.5710372925
31.4573693557708;58871.9628677368
31.4602858558038;36237.629486084
31.4632023558368;47998.0994510651
31.4661188558698;41118.9447021484
31.4690353559028;32118.7489700317
31.4719518559357;51742.6645355225
31.4748683559687;71610.6958618164
31.4777848560017;43563.471446991
31.4807013560347;42686.2063274384
31.4836178560677;34824.7949180603
31.4865343561007;53329.8954200745
31.4894508561337;50875.846282959
31.4923673561666;59467.9033889771
31.4952838561996;48401.4904174805
31.4982003562326;35064.8028869629
31.5011168562656;30261.6919517517
31.5040333562986;60724.9497299194
31.5069498563316;56184.4038143158
31.5098663563645;43196.4347839355
31.5127828563975;36126.4913330078
31.5156993564305;49786.1074142456
31.5186158564635;45581.0870246887
31.5215323564965;44591.9835395813
31.5244488565295;54283.4983119965
31.5273653565624;52519.376543045
31.5302818565954;39549.990524292
31.5331983566284;46757.3312072754
--------------------
