0;0
0.00441649994586528;0
0.00883299989173055;0
0.0132494998375958;4057.29165649414
0.0176659997834611;90324.6864271164
0.0220824997293264;102144.339689255
0.0264989996751917;118935.344228745
0.0309154996210569;102822.638331413
0.0353319995669222;120527.399181366
0.0397484995127875;103111.943929672
0.0441649994586528;95053.3919706345
0.048581499404518;90639.1578359604
0.0529979993503833;108151.117417336
0.0574144992962486;105698.342693329
0.0618309992421139;82248.6001663208
0.0662474991879791;100703.883239746
0.0706639991338444;99467.2867107391
0.0750804990797097;98836.7014942169
0.079496999025575;111148.665369034
0.0839134989714402;93770.123049736
0.0883299989173055;102510.049314499
0.0927464988631708;87853.4545593262
0.0971629988090361;86279.1089086533
0.101579498754901;96500.6756734848
0.105995998700767;77487.9701538086
0.110412498646632;97154.3478507996
0.114828998592497;89656.8704481125
0.119245498538362;114393.37664032
0.123661998484228;83704.6537017822
0.128078498430093;91707.9744949341
0.132494998375958;79157.7734069824
0.136911498321824;77677.0154457092
0.141327998267689;92674.158115387
0.145744498213554;90782.9635095596
0.150160998159419;78531.6754608154
0.154577498105285;97349.3689184189
0.15899399805115;80884.1262321472
0.163410497997015;89156.0978298187
0.16782699794288;86782.150718689
0.172243497888746;83591.4388237
0.176659997834611;92356.7194442749
0.181076497780476;81987.4662389755
0.185492997726342;77011.1625823975
0.189909497672207;74588.8495254517
0.194325997618072;75124.2064752579
0.198742497563937;79039.7937817574
0.203158997509803;75855.8333091736
0.207575497455668;77859.6826429367
0.211991997401533;81712.862279892
0.216408497347399;74223.4026794434
0.220824997293264;77176.9434051514
0.225241497239129;78123.6528167725
0.229657997184994;67819.6687583923
0.23407449713086;77942.8276405334
0.238490997076725;91268.2804698944
0.24290749702259;68680.2438907623
0.247323996968455;87517.9713134766
0.251740496914321;84731.1459617615
0.256156996860186;69820.9776382446
0.260573496806051;66403.5124082565
0.264989996751917;70963.6656723022
0.269406496697782;73108.0679569244
0.273822996643647;80025.3657903671
0.278239496589512;52665.3015022278
0.282655996535378;73327.1250667572
0.287072496481243;73481.526093483
0.291488996427108;78285.2588005066
0.295905496372973;65185.2126283646
0.300321996318839;72600.1283340454
0.304738496264704;65337.4060935974
0.309154996210569;72510.8505535126
0.313571496156435;75643.8438720703
0.3179879961023;77366.7935819626
0.322404496048165;77843.6609926224
0.32682099599403;68847.5489635468
0.331237495939896;72870.4460830688
0.335653995885761;69549.2038497925
0.340070495831626;61524.5765609741
0.344486995777491;61305.7659168243
0.348903495723357;68554.5629329681
0.353319995669222;78106.4750747681
0.357736495615087;67214.4624099731
0.362152995560953;69386.4707984924
0.366569495506818;64647.8947286606
0.370985995452683;58756.4986629486
0.375402495398548;62554.7529172897
0.379818995344414;71999.0012073517
0.384235495290279;66510.1154136658
0.388651995236144;57376.8144979477
0.39306849518201;55769.5601997375
0.397484995127875;60354.2808837891
0.40190149507374;64415.3740386963
0.406317995019605;60148.2072210312
0.410734494965471;60790.5039615631
0.415150994911336;72271.6276702881
0.419567494857201;58101.4407606125
0.423983994803066;50588.1845035553
0.428400494748932;76217.9638271332
0.432816994694797;58020.7726278305
0.437233494640662;60681.4788951874
0.441649994586528;68018.0849342346
0.446066494532393;46384.1586904526
0.450482994478258;61943.0298852921
0.454899494424123;72131.1404838562
0.459315994369989;52187.1996421814
0.463732494315854;49599.0149650574
0.468148994261719;57932.3739910126
0.472565494207584;49134.7111167908
0.47698199415345;48799.5440254211
0.481398494099315;70654.7265777588
0.48581499404518;65745.291882515
0.490231493991046;62686.8232746124
0.494647993936911;55123.8269004822
0.499064493882776;64321.5592412949
0.503480993828641;64069.5131235123
0.507897493774507;63296.3349456787
0.512313993720372;50750.3140182495
0.516730493666237;58340.5637264252
0.521146993612102;54555.2178058624
0.525563493557968;53149.7258071899
0.529979993503833;53429.2877464294
0.534396493449698;57253.3443136215
0.538812993395564;49155.1298866272
0.543229493341429;57363.150103569
0.547645993287294;59624.049282074
0.552062493233159;49585.7247200012
0.556478993179025;61292.6387710571
0.56089549312489;53507.4317855835
0.565311993070755;49101.8058776855
0.569728493016621;62130.9047765732
0.574144992962486;59431.9345731735
0.578561492908351;53202.0412921906
0.582977992854216;52732.3038549423
0.587394492800082;53527.3295879364
0.591810992745947;51952.1315841675
0.596227492691812;56994.3372497559
0.600643992637677;74492.263671875
0.605060492583543;61259.8358364105
0.609476992529408;54286.7524747849
0.613893492475273;45161.3179368973
0.618309992421139;47255.4957637787
0.622726492367004;72597.4498176575
0.627142992312869;60292.2573108673
0.631559492258734;51059.9399557114
0.6359759922046;47333.6544837952
0.640392492150465;62044.9789390564
0.64480899209633;59302.6838722229
0.649225492042195;51166.4324760437
0.653641991988061;60551.0517063141
0.658058491933926;49733.2960929871
0.662474991879791;56874.4082889557
0.666891491825657;49536.9566631317
0.671307991771522;48218.6894731522
0.675724491717387;46998.8205947876
0.680140991663252;51170.1876163483
0.684557491609118;61703.6421794891
0.688973991554983;54074.6834983826
0.693390491500848;57216.5605421066
0.697806991446714;41401.694442749
0.702223491392579;44390.7168455124
0.706639991338444;50384.8393535614
0.711056491284309;51579.5175027847
0.715472991230175;54972.7597694397
0.71988949117604;52201.9292507172
0.724305991121905;55252.1990356445
0.72872249106777;45020.4111976624
0.733138991013636;56648.1270685196
0.737555490959501;67992.659948349
0.741971990905366;59332.9275436401
0.746388490851232;54988.2404499054
0.750804990797097;60538.1619987488
0.755221490742962;66582.1477012634
0.759637990688827;60767.0080566406
0.764054490634693;63414.8434166908
0.768470990580558;51882.2053842545
0.772887490526423;60614.4758491516
0.777303990472288;40109.2417755127
0.781720490418154;48649.4273548126
0.786136990364019;55514.4803953171
0.790553490309884;53142.3160552979
0.79496999025575;60634.1622610092
0.799386490201615;57163.0855474472
0.80380299014748;55559.114153862
0.808219490093345;38428.1947937012
0.812635990039211;50540.9363908768
0.817052489985076;58733.4749331474
0.821468989930941;64296.4547958374
0.825885489876807;53450.6036643982
0.830301989822672;47955.6988964081
0.834718489768537;47113.8861694336
0.839134989714402;49544.3537254334
0.843551489660268;53860.6878175735
0.847967989606133;52842.4655590057
0.852384489551998;58457.5619735718
0.856800989497863;39991.0736246109
0.861217489443729;43036.3812274933
0.865633989389594;56552.3242759705
0.870050489335459;44686.2836074829
0.874466989281324;50558.8865127563
0.87888348922719;50716.6435565948
0.883299989173055;58436.7246294022
0.88771648911892;56081.2879524231
0.892132989064786;49785.3313713074
0.896549489010651;53574.1366090775
0.900965988956516;62910.7611036301
0.905382488902381;43760.2301292419
0.909798988848247;45550.8015928268
0.914215488794112;42260.3397521973
0.918631988739977;53109.4977378845
0.923048488685843;53446.3290920258
0.927464988631708;39313.0051994324
0.931881488577573;45623.502576828
0.936297988523438;52087.5446767807
0.940714488469304;54500.4275417328
0.945130988415169;51026.0021562576
0.949547488361034;43343.7953739166
0.9539639883069;47895.8093242645
0.958380488252765;52794.7668485641
0.96279698819863;60516.0713796616
0.967213488144495;55415.4096603394
0.971629988090361;37917.2245121002
0.976046488036226;47994.7004499435
0.980462987982091;39654.3734493256
0.984879487927956;46876.2788772583
0.989295987873822;43565.5754528046
0.993712487819687;45287.1802616119
0.998128987765552;49853.7639322281
1.00254548771142;48223.0683002472
1.00696198765728;55079.604095459
1.01137848760315;50682.7586860657
1.01579498754901;49050.9573421478
1.02021148749488;50524.5702152252
1.02462798744074;48242.9382400513
1.02904448738661;53909.893321991
1.03346098733247;49443.5726203918
1.03787748727834;46692.8729324341
1.0422939872242;49679.727848053
1.04671048717007;52160.0869750977
1.05112698711594;58186.7574195862
1.0555434870618;52186.1607866287
1.05995998700767;45479.6659526825
1.06437648695353;46465.1511278152
1.0687929868994;55133.2392168045
1.07320948684526;57342.9252090454
1.07762598679113;50014.0342674255
1.08204248673699;58297.4432029724
1.08645898668286;49698.9800691605
1.09087548662872;48716.0477809906
1.09529198657459;43058.8475942612
1.09970848652045;46163.0627098084
1.10412498646632;48881.601808548
1.10854148641218;44609.2996711731
1.11295798635805;42160.7681217194
1.11737448630391;47063.567691803
1.12179098624978;48758.9386444092
1.12620748619565;39404.8393936157
1.13062398614151;39062.3945674896
1.13504048608738;42154.753528595
1.13945698603324;52861.8937797546
1.14387348597911;50993.0709457397
1.14828998592497;50125.4793653488
1.15270648587084;48547.273815155
1.1571229858167;42693.4088459015
1.16153948576257;44021.6923933029
1.16595598570843;39107.2842082977
1.1703724856543;61482.1681890488
1.17478898560016;50082.8312721252
1.17920548554603;53460.142780304
1.18362198549189;56905.4076538086
1.18803848543776;65834.2836713791
1.19245498538362;44459.6579036713
1.19687148532949;36611.7639923096
1.20128798527535;39251.6065759659
1.20570448522122;44729.1075553894
1.21012098516709;53733.2392120361
1.21453748511295;37248.1567306519
1.21895398505882;34157.6641874313
1.22337048500468;41970.2995862961
1.22778698495055;50773.1927223206
1.23220348489641;48873.602350235
1.23661998484228;47919.6274690628
1.24103648478814;59734.5617227554
1.24545298473401;50568.7491340637
1.24986948467987;46823.2694511414
1.25428598462574;42643.9993658066
1.2587024845716;42998.6278791428
1.26311898451747;50377.1371650696
1.26753548446333;48184.7700548172
1.2719519844092;37744.7950572968
1.27636848435506;44696.8998756409
1.28078498430093;41782.1359128952
1.2852014842468;49793.1177186966
1.28961798419266;48187.0832118988
1.29403448413853;45813.8305587769
1.29845098408439;52343.5355072021
1.30286748403026;41178.3456573486
1.30728398397612;51476.8603820801
1.31170048392199;45954.6621551514
1.31611698386785;50444.7525081635
1.32053348381372;48457.1869068146
1.32494998375958;49201.0697669983
1.32936648370545;39046.9793195724
1.33378298365131;40273.5467662811
1.33819948359718;33993.7584867477
1.34261598354304;47084.9004974365
1.34703248348891;41024.1470594406
1.35144898343477;48268.0893096924
1.35586548338064;46614.752872467
1.3602819833265;55312.1613817215
1.36469848327237;51228.6584911346
1.36911498321824;51209.5628013611
1.3735314831641;39264.5241127014
1.37794798310997;40098.5556678772
1.38236448305583;52470.6274108887
1.3867809830017;47667.1375837326
1.39119748294756;48053.4589014053
1.39561398289343;48079.128241539
1.40003048283929;38410.4768133163
1.40444698278516;42932.3845968246
1.40886348273102;46193.4158439636
1.41327998267689;41353.7940807343
1.41769648262275;42054.3605365753
1.42211298256862;45873.2569465637
1.42652948251448;50859.1589431763
1.43094598246035;48407.5427017212
1.43536248240621;45138.8851537704
1.43977898235208;45587.5534496307
1.44419548229795;42440.8730211258
1.44861198224381;42813.9198884964
1.45302848218968;36616.7805747986
1.45744498213554;39382.6238803864
1.46186148208141;54547.5615119934
1.46627798202727;37167.5930948257
1.47069448197314;38900.799079895
1.475110981919;47680.7793388367
1.47952748186487;46390.4757118225
1.48394398181073;42247.4620161057
1.4883604817566;45191.7098722458
1.49277698170246;34048.3832969666
1.49719348164833;46361.0180454254
1.50160998159419;51353.170589447
1.50602648154006;54167.6077136993
1.51044298148592;53044.571105957
1.51485948143179;53290.9030628204
1.51927598137765;43476.152803421
1.52369248132352;41899.786233902
1.52810898126939;47066.9525918961
1.53252548121525;46572.2391929626
1.53694198116112;44538.6737594604
1.54135848110698;46765.8067407608
1.54577498105285;53231.9756422043
1.55019148099871;56416.6599903107
1.55460798094458;47544.126493454
1.55902448089044;45030.8903579712
1.56344098083631;41698.495906353
1.56785748078217;40441.185090065
1.57227398072804;43014.3060827255
1.5766904806739;44604.7221412659
1.58110698061977;43496.3596458435
1.58552348056563;46382.6981916428
1.5899399805115;55872.271774292
1.59435648045736;49544.5026426315
1.59877298040323;43423.0718212128
1.60318948034909;45023.3175373077
1.60760598029496;48295.7204036713
1.61202248024083;38574.6604709625
1.61643898018669;43814.9301071167
1.62085548013256;43481.8561973572
1.62527198007842;42955.7280654907
1.62968848002429;47748.7022733688
1.63410497997015;40247.0719890594
1.63852147991602;45774.1028957367
1.64293797986188;47876.445608139
1.64735447980775;51280.0919237137
1.65177097975361;44307.3287725449
1.65618747969948;46913.0116348267
1.66060397964534;52359.8034133911
1.66502047959121;49902.8184213638
1.66943697953707;39520.5745000839
1.67385347948294;46253.2638492584
1.6782699794288;39784.6569700241
1.68268647937467;42430.9438657761
1.68710297932054;45105.4644031525
1.6915194792664;46501.7383832932
1.69593597921227;43352.4493341446
1.70035247915813;40905.0362186432
1.704768979104;37655.7935037613
1.70918547904986;45889.940738678
1.71360197899573;45258.756690979
1.71801847894159;43674.5723838806
1.72243497888746;47980.0288715363
1.72685147883332;51066.4537534714
1.73126797877919;47023.8419799805
1.73568447872505;52775.3368434906
1.74010097867092;52136.2937641144
1.74451747861678;55122.3069229126
1.74893397856265;37775.3220052719
1.75335047850851;49825.9017543793
1.75776697845438;33905.5069446564
1.76218347840024;54155.2740783691
1.76659997834611;49945.9004325867
1.77101647829198;54241.4140996933
1.77543297823784;46625.4550924301
1.77984947818371;39778.3764438629
1.78426597812957;34746.9740333557
1.78868247807544;42646.6429653168
1.7930989780213;50520.1304130554
1.79751547796717;48020.2408266068
1.80193197791303;46869.1374855042
1.8063484778589;50534.295463562
1.81076497780476;42996.5818076134
1.81518147775063;43776.8794679642
1.81959797769649;45651.9390716553
1.82401447764236;49316.7334737778
1.82843097758822;41404.6025495529
1.83284747753409;51813.1871385574
1.83726397747995;39806.0285263062
1.84168047742582;41654.8716583252
1.84609697737169;44654.3402633667
1.85051347731755;48528.5210075378
1.85492997726342;45392.9086894989
1.85934647720928;45493.2538642883
1.86376297715515;39270.4148426056
1.86817947710101;41170.5668354034
1.87259597704688;43892.7888317108
1.87701247699274;30792.630774498
1.88142897693861;38527.7348117828
1.88584547688447;47573.8559131622
1.89026197683034;35328.5304698944
1.8946784767762;45380.0870571136
1.89909497672207;42506.7276363373
1.90351147666793;46043.7676753998
1.9079279766138;42515.4679517746
1.91234447655966;48221.9815073013
1.91676097650553;47864.051738739
1.92117747645139;40097.4709129334
1.92559397639726;39809.3452949524
1.93001047634313;39786.1003322601
1.93442697628899;47131.4607934952
1.93884347623486;34685.6393566132
1.94325997618072;52098.6310939789
1.94767647612659;44681.22813797
1.95209297607245;41158.3051252365
1.95650947601832;36140.0292034149
1.96092597596418;46611.7823514938
1.96534247591005;46447.9453392029
1.96975897585591;48108.0425930023
1.97417547580178;51835.332244873
1.97859197574764;43137.3210582733
1.98300847569351;38269.9833469391
1.98742497563937;37984.1417207718
1.99184147558524;38255.2559309006
1.9962579755311;46543.0746479034
2.00067447547697;42880.8273305893
2.00509097542284;46671.9846830368
2.0095074753687;56011.8451557159
2.01392397531457;35455.4517621994
2.01834047526043;41677.0060224533
2.0227569752063;47092.3622093201
2.02717347515216;42794.3165111542
2.03158997509803;47639.0304508209
2.03600647504389;42937.9052658081
2.04042297498976;34999.7706212997
2.04483947493562;35821.5211296082
2.04925597488149;40187.5250968933
2.05367247482735;43528.3880367279
2.05808897477322;36245.9638366699
2.06250547471908;51714.7179498672
2.06692197466495;49564.7368946075
2.07133847461081;32986.5579462051
2.07575497455668;49298.9483528137
2.08017147450254;52372.3146481514
2.08458797444841;47981.1725020409
2.08900447439428;42085.9948539734
2.09342097434014;49604.2510509491
2.09783747428601;49515.7059812546
2.10225397423187;48308.289185524
2.10667047417774;58087.8408508301
2.1110869741236;52780.9352722168
2.11550347406947;42000.0319070816
2.11991997401533;40883.5869283676
2.1243364739612;41916.4826393127
2.12875297390706;43524.3870697021
2.13316947385293;36585.8553228378
2.13758597379879;42229.4941396713
2.14200247374466;42798.2522306442
2.14641897369052;47310.0805397034
2.15083547363639;42731.3609991074
2.15525197358225;44127.6662912369
2.15966847352812;43369.2542610168
2.16408497347398;49286.5077352524
2.16850147341985;50650.4316196442
2.17291797336572;37383.9321155548
2.17733447331158;53135.4482040405
2.18175097325745;38686.3236541748
2.18616747320331;51346.4134407043
2.19058397314918;48689.4906988144
2.19500047309504;40140.5345153809
2.19941697304091;40788.3833312988
2.20383347298677;41848.6046619415
2.20824997293264;43924.676361084
2.2126664728785;46532.6122169495
2.21708297282437;52282.1890058517
2.22149947277023;35693.2444038391
2.2259159727161;43196.7482538223
2.23033247266196;37347.1158781052
2.23474897260783;47884.723695755
2.23916547255369;51435.1644010544
2.24358197249956;38559.9570884705
2.24799847244543;39626.1311979294
2.25241497239129;46050.2739372253
2.25683147233716;44666.9993495941
2.26124797228302;46787.8055744171
2.26566447222889;41714.4211502075
2.27008097217475;33687.5462532043
2.27449747212062;43457.7981948853
2.27891397206648;37387.6487426758
2.28333047201235;49169.0265855789
2.28774697195821;41091.9880027771
2.29216347190408;42822.4594306946
2.29657997184994;41308.9236326218
2.30099647179581;37823.3421535492
2.30541297174167;36653.1188926697
2.30982947168754;31879.4516563416
2.3142459716334;44458.7317371368
2.31866247157927;47076.3717560768
2.32307897152513;47359.7824487686
2.327495471471;43558.1405420303
2.33191197141687;47779.2522106171
2.33632847136273;37325.2649106979
2.3407449713086;38870.2693309784
2.34516147125446;37142.3979511261
2.34957797120033;47936.4806280136
2.35399447114619;35924.6531839371
2.35841097109206;41872.7839212418
2.36282747103792;42178.0095214844
2.36724397098379;42553.3516292572
2.37166047092965;29713.3643045425
2.37607697087552;29121.1574287415
2.38049347082138;44417.0967750549
2.38490997076725;44379.1521492004
2.38932647071311;48083.0346794128
2.39374297065898;37584.1049528122
2.39815947060484;45494.4355421066
2.40257597055071;42635.7812948227
2.40699247049658;42133.73853302
2.41140897044244;32062.9443349838
2.41582547038831;45221.4555873871
2.42024197033417;49441.2960939407
2.42465847028004;37826.1276302338
2.4290749702259;35953.486951828
2.43349147017177;38539.4417076111
2.43790797011763;43951.2533054352
2.4423244700635;40833.3772611618
2.44674097000936;51296.6266937256
2.45115746995523;36469.0750112534
2.45557396990109;37191.9849920273
2.45999046984696;39012.792755127
2.46440696979282;48445.2439260483
2.46882346973869;52706.2183380127
2.47323996968455;26423.619758606
2.47765646963042;37590.7763881683
2.48207296957628;45963.934967041
2.48648946952215;44639.6082649231
2.49090596946802;47761.0739850998
2.49532246941388;42419.195567131
2.49973896935975;49504.1145610809
2.50415546930561;46353.6807765961
2.50857196925148;37337.3850851059
2.51298846919734;33788.7737178802
2.51740496914321;39529.5999488831
2.52182146908907;38999.3945217133
2.52623796903494;44343.5389943123
2.5306544689808;50608.8331832886
2.53507096892667;40907.4673233032
2.53948746887253;50070.0057525635
2.5439039688184;39831.3238162994
2.54832046876426;37267.385969162
2.55273696871013;43901.1800479889
2.55715346865599;33596.1244668961
2.56156996860186;40959.7185897827
2.56598646854773;39648.517364502
2.57040296849359;31990.866106987
2.57481946843946;36095.4268989563
2.57923596838532;34982.3212356567
2.58365246833119;49324.3414154053
2.58806896827705;39669.977812767
2.59248546822292;40574.0354299545
2.59690196816878;42134.7009658813
2.60131846811465;40338.4197425842
2.60573496806051;45755.0763731003
2.61015146800638;45114.6416969299
2.61456796795224;47040.7585020065
2.61898446789811;41154.9147186279
2.62340096784397;40389.8917770386
2.62781746778984;36372.9253730774
2.6322339677357;46186.7672843933
2.63665046768157;45992.865275383
2.64106696762743;37063.0455541611
2.6454834675733;39170.6623191834
2.64989996751917;37915.4107894897
2.65431646746503;37233.1813011169
2.6587329674109;50755.2322072983
2.66314946735676;45379.1073074341
2.66756596730263;41899.7149362564
2.67198246724849;38265.8362445831
2.67639896719436;46031.9425668716
2.68081546714022;44630.3368701935
2.68523196708609;46357.1373605728
2.68964846703195;45963.3749427795
2.69406496697782;43595.9731559753
2.69848146692368;40751.6498298645
2.70289796686955;42494.2903175354
2.70731446681541;34971.6337985992
2.71173096676128;41139.8461332321
2.71614746670714;37246.7234020233
2.72056396665301;46031.7220592499
2.72498046659888;48900.0398540497
2.72939696654474;45240.5956430435
2.73381346649061;37458.5112142563
2.73822996643647;41894.9991121292
2.74264646638234;41033.1226558685
2.7470629663282;55424.8048171997
2.75147946627407;57626.0566387177
2.75589596621993;47692.5142974854
2.7603124661658;57069.4853773117
2.76472896611166;45750.2099342346
2.76914546605753;42910.4956941605
2.77356196600339;44151.8386726379
2.77797846594926;40176.9664344788
2.78239496589512;37271.6289291382
2.78681146584099;51852.1088638306
2.79122796578685;39514.2829313278
2.79564446573272;48032.145108223
2.80006096567858;41690.2863454819
2.80447746562445;41463.2794265747
2.80889396557032;38449.0968952179
2.81331046551618;40294.2526454926
2.81772696546205;40386.9274168015
2.82214346540791;42383.287361145
2.82655996535378;39653.7400741577
2.83097646529964;34032.6191015244
2.83539296524551;37509.0894823074
2.83980946519137;39465.0763692856
2.84422596513724;53010.8383579254
2.8486424650831;47158.9982051849
2.85305896502897;33635.4191131592
2.85747546497483;42992.9416723251
2.8618919649207;46623.0509872437
2.86630846486656;48125.0261421204
2.87072496481243;39723.1118507385
2.87514146475829;35295.9798355103
2.87955796470416;39581.6262569427
2.88397446465002;39739.8861732483
2.88839096459589;41925.5896949768
2.89280746454176;38628.7732305527
2.89722396448762;42797.514251709
2.90164046443349;38223.0844087601
2.90605696437935;51346.6991634369
2.91047346432522;48505.2814311981
2.91488996427108;37244.6024112701
2.91930646421695;40632.9034786224
2.92372296416281;58349.9592456818
2.92813946410868;41275.2819852829
2.93255596405454;46923.3468198776
2.93697246400041;37202.8739461899
2.94138896394627;41171.4344854355
2.94580546389214;33023.1410284042
2.950221963838;37177.8535957336
2.95463846378387;37855.864730835
2.95905496372973;49670.8552007675
2.9634714636756;40199.9395141602
2.96788796362147;49250.5986404419
2.97230446356733;49254.0236434937
2.9767209635132;51583.7076921463
2.98113746345906;43215.2248363495
2.98555396340493;44811.1014127731
2.98997046335079;49321.609577179
2.99438696329666;37019.1827201843
2.99880346324252;43923.7860937119
3.00321996318839;53142.1904010773
3.00763646313425;45692.9088306427
3.01205296308012;44333.7062606812
3.01646946302598;49861.763838768
3.02088596297185;37847.1816186905
3.02530246291771;39387.841550827
3.02971896286358;41246.3389892578
3.03413546280944;40702.2597694397
3.03855196275531;46380.9614372253
3.04296846270117;47535.267411232
3.04738496264704;35736.7438344955
3.05180146259291;41614.9135732651
3.05621796253877;39524.9217796326
3.06063446248464;50964.810464859
3.0650509624305;44908.6818761826
3.06946746237637;53805.7942123413
3.07388396232223;48004.5545043945
3.0783004622681;50907.0463905334
3.08271696221396;35630.9661626816
3.08713346215983;30629.3335227966
3.09154996210569;34191.5946025848
3.09596646205156;45958.8101844788
3.10038296199742;44533.1244726181
3.10479946194329;42163.1975288391
3.10921596188915;48208.6796207428
3.11363246183502;39626.7555122375
3.11804896178088;34830.9164924622
3.12246546172675;39153.9825744629
3.12688196167261;44408.7352390289
3.13129846161848;44217.8027868271
3.13571496156435;43629.2559680939
3.14013146151021;40279.9980735779
3.14454796145608;51218.4598808289
3.14896446140194;43818.1439819336
3.15338096134781;43328.4399280548
3.15779746129367;49602.5763092041
3.16221396123954;37177.7209854126
3.1666304611854;47207.7519197464
3.17104696113127;30840.4825925827
3.17546346107713;41707.7936592102
3.179879961023;49448.4061927795
3.18429646096886;37535.5253944397
3.18871296091473;49869.4361114502
3.19312946086059;31178.676607132
3.19754596080646;46332.2491340637
3.20196246075232;33287.5722351074
3.20637896069819;37040.8674793243
3.21079546064406;39739.653960228
3.21521196058992;45471.714214325
3.21962846053579;49755.6856622696
3.22404496048165;52136.0243558884
3.22846146042752;39781.6210365295
3.23287796037338;43965.3352155685
3.23729446031925;36217.520617485
3.24171096026511;40569.6913604736
3.24612746021098;38432.7461442947
3.25054396015684;46760.6407604218
3.25496046010271;37681.6429653168
3.25937696004857;37413.8037118912
3.26379345999444;43792.540058136
3.2682099599403;54559.958029747
3.27262645988617;40760.7007637024
3.27704295983203;37201.5511817932
3.2814594597779;39810.9139490128
3.28587595972376;45779.9209480286
3.29029245966963;47814.8453655243
3.2947089596155;41526.6680488586
3.29912545956136;43954.481139183
3.30354195950723;40182.9235143662
3.30795845945309;38520.3274841309
3.31237495939896;39080.2910003662
3.31679145934482;45414.7205967903
3.32120795929069;51384.6824102402
3.32562445923655;48888.949051857
3.33004095918242;43586.3071746826
3.33445745912828;35037.7503852844
3.33887395907415;40938.3055791855
3.34329045902001;39371.2259626389
3.34770695896588;39537.2022094727
3.35212345891174;44292.9923210144
3.35653995885761;55222.412147522
3.36095645880347;49418.4521942139
3.36537295874934;43054.5299406052
3.36978945869521;43130.6245727539
3.37420595864107;41864.1697568893
3.37862245858694;48774.9658555985
3.3830389585328;45888.1403369904
3.38745545847867;48048.0977783203
3.39187195842453;39814.7761745453
3.3962884583704;36192.0092277527
3.40070495831626;49334.0292100906
3.40512145826213;37875.9643697739
3.40953795820799;43204.1906547546
3.41395445815386;35231.41664505
3.41837095809972;43330.1643466949
3.42278745804559;44970.0449781418
3.42720395799145;41515.5953578949
3.43162045793732;37661.9462909698
3.43603695788318;45089.7525100708
3.44045345782905;45326.8041477203
3.44486995777491;44001.4495124817
3.44928645772078;41596.497756958
3.45370295766665;42122.7508888245
3.45811945761251;37037.0423460007
3.46253595755838;38815.7731285095
3.46695245750424;37319.8451805115
3.47136895745011;40174.5975627899
3.47578545739597;48246.4061079025
3.48020195734184;43559.7174434662
3.4846184572877;41137.0495176315
3.48903495723357;47189.4078903198
3.49345145717943;48503.49492836
3.4978679571253;39651.7815532684
3.50228445707116;37446.68064785
3.50670095701703;47157.4613666534
3.51111745696289;37099.6347522736
3.51553395690876;43615.2261419296
3.51995045685462;39537.4562149048
3.52436695680049;40468.7292327881
3.52878345674636;41634.154504776
3.53319995669222;47128.7374448776
3.53761645663809;37252.6944389343
3.54203295658395;37641.5767402649
3.54644945652982;38098.6340484619
3.55086595647568;36732.1649703979
3.55528245642155;52165.4498023987
3.55969895636741;36375.1429138184
3.56411545631328;40126.2631072998
3.56853195625914;42520.2677650452
3.57294845620501;43880.370642662
3.57736495615087;42179.6969718933
3.58178145609674;27841.2432470322
3.5861979560426;42728.1247396469
3.59061445598847;38586.1492538452
3.59503095593433;41992.3040370941
3.5994474558802;42665.3404426575
3.60386395582606;51476.6779212952
3.60828045577193;39986.6035223007
3.6126969557178;42558.2757873535
3.61711345566366;40934.8446311951
3.62152995560953;46168.3468513489
3.62594645555539;40742.0913715363
3.63036295550126;42342.0995101929
3.63477945544712;50539.7965774536
3.63919595539299;42182.0737991333
3.64361245533885;36310.6459321976
3.64802895528472;37604.8188009262
3.65244545523058;29663.9895248413
3.65686195517645;43307.9120159149
3.66127845512231;37324.7186641693
3.66569495506818;37152.2029190063
3.67011145501404;44580.564573288
3.67452795495991;53308.0822486877
3.67894445490577;45436.2039384842
3.68336095485164;33484.4745044708
3.68777745479751;40953.727391243
3.69219395474337;35231.3604469299
3.69661045468924;38413.5612974167
3.7010269546351;33064.51308918
3.70544345458097;49609.3515338898
3.70985995452683;45030.5825042725
3.7142764544727;37148.6819887161
3.71869295441856;41444.4480819702
3.72310945436443;43102.7452278137
3.72752595431029;40185.6929836273
3.73194245425616;41317.8001289368
3.73635895420202;46170.9441251755
3.74077545414789;42287.051692009
3.74519195409375;34903.25989151
3.74960845403962;40596.4354486465
3.75402495398548;28137.3845214844
3.75844145393135;40671.8477582932
3.76285795387721;36876.998336792
3.76727445382308;34524.4232063293
3.77169095376895;43599.0062408447
3.77610745371481;46192.5348911285
3.78052395366068;41823.760093689
3.78494045360654;41857.0712890625
3.78935695355241;43608.769733429
3.79377345349827;37128.0682430267
3.79818995344414;45070.5060825348
3.80260645339;37324.6441049576
3.80702295333587;40813.1275749207
3.81143945328173;38153.089931488
3.8158559532276;39056.5836257935
3.82027245317346;33409.0340890884
3.82468895311933;46176.4139127731
3.82910545306519;40724.1265859604
3.83352195301106;47139.1231613159
3.83793845295692;40759.8274850845
3.84235495290279;40164.4237747192
3.84677145284866;47460.8056678772
3.85118795279452;32713.6861581802
3.85560445274039;40321.5735301971
3.86002095268625;43554.7753362656
3.86443745263212;26192.3933544159
3.86885395257798;40407.037651062
3.87327045252385;47200.788687706
3.87768695246971;51476.2455244064
3.88210345241558;33256.6136107445
3.88651995236144;51199.0015563965
3.89093645230731;48191.5019330978
3.89535295225317;47918.4313497543
3.89976945219904;36261.3610420227
3.9041859521449;38370.2631568909
3.90860245209077;47670.0791130066
3.91301895203663;48309.4116640091
3.9174354519825;38356.9647607803
3.92185195192836;50189.1877574921
3.92626845187423;50007.4223999977
3.9306849518201;49032.0323591232
3.93510145176596;48366.8300819397
3.93951795171183;39503.5176382065
3.94393445165769;45433.2165603638
3.94835095160356;41227.5751266479
3.95276745154942;45488.4674015045
3.95718395149529;42673.7449808121
3.96160045144115;43285.5528888702
3.96601695138702;41093.2478942871
3.97043345133288;48369.8937988281
3.97484995127875;43419.144197464
3.97926645122461;30830.1688232422
3.98368295117048;40919.3936748505
3.98809945111634;43058.606010437
3.99251595106221;47523.3783435822
3.99693245100807;32307.711812973
4.00134895095394;42047.0583267212
4.0057654508998;37255.8990936279
4.01018195084567;43244.7684583664
4.01459845079154;44772.3869667053
4.0190149507374;33307.9436836243
4.02343145068327;42553.7538051605
4.02784795062913;41374.4528312683
4.032264450575;45723.1973590851
4.03668095052086;40260.7962245941
4.04109745046673;43142.7520589828
4.04551395041259;46750.4613599777
4.04993045035846;44097.3455371857
4.05434695030432;37022.5950078964
4.05876345025019;50274.3725204468
4.06317995019605;38850.674659729
4.06759645014192;48622.3332290649
4.07201295008778;39104.5879249573
4.07642945003365;51275.1064062119
4.08084594997951;36386.8403482437
4.08526244992538;39416.1805286407
4.08967894987124;44827.5110616684
4.09409544981711;35337.8264169693
4.09851194976298;36367.2810707092
4.10292844970884;35059.0582523346
4.10734494965471;44982.2425441742
4.11176144960057;41079.6000041962
4.11617794954644;50754.8149280548
4.1205944494923;32024.5790262222
4.12501094943817;42338.7483730316
4.12942744938403;42438.1345252991
4.1338439493299;32607.9989585876
4.13826044927576;55516.8176631927
4.14267694922163;41477.4078102112
4.14709344916749;46148.7491149902
4.15150994911336;36575.3163356781
4.15592644905922;50175.8601837158
4.16034294900509;42786.6463041306
4.16475944895095;39772.9386787415
4.16917594889682;44455.3409938812
4.17359244884269;48911.5974664688
4.17800894878855;55677.4284858704
4.18242544873442;52783.3407535553
4.18684194868028;45581.6882181168
4.19125844862615;42435.3702135086
4.19567494857201;46863.8420944214
4.20009144851788;35568.1027345657
4.20450794846374;44256.8311862946
4.20892444840961;36350.0264968872
4.21334094835547;39486.4519462585
4.21775744830134;40779.4503202438
4.2221739482472;48525.6104545593
4.22659044819307;45035.2037277222
4.23100694813893;34583.1733064651
4.2354234480848;47369.4093456268
4.23983994803066;43752.9238367081
4.24425644797653;34543.1309185028
4.24867294792239;41563.7946052551
4.25308944786826;36033.9244947433
4.25750594781413;55669.1050262451
4.26192244775999;38273.4667644501
4.26633894770586;38900.7914390564
4.27075544765172;38645.5986785889
4.27517194759759;41685.759979248
4.27958844754345;44193.0405654907
4.28400494748932;29720.943148613
4.28842144743518;40222.5589485168
4.29283794738105;39852.7414035797
4.29725444732691;40606.0948028564
4.30167094727278;44896.1491498947
4.30608744721864;42567.6315097809
4.31050394716451;43017.5961227417
4.31492044711037;43397.7671051025
4.31933694705624;38477.3262767792
4.3237534470021;33513.8766431808
4.32816994694797;47020.046081543
4.33258644689383;46021.6632728577
4.3370029468397;43795.441696167
4.34141944678557;45816.4078712463
4.34583594673143;37467.5951356888
4.3502524466773;44595.939997673
4.35466894662316;37330.9975967407
4.35908544656903;42453.8510169983
4.36350194651489;45718.4058017731
4.36791844646076;34476.869802475
4.37233494640662;40193.0570497513
4.37675144635249;43353.8336191177
4.38116794629835;37220.228729248
4.38558444624422;49722.6116247177
4.39000094619008;43463.1203374863
4.39441744613595;37992.5254745483
4.39883394608181;44656.1651554108
4.40325044602768;40730.0679340363
4.40766694597354;45797.0867834091
4.41208344591941;39528.4873800278
4.41649994586528;51808.7092618942
4.42091644581114;39244.4838905334
4.42533294575701;38208.8049125671
4.42974944570287;43267.0231761932
4.43416594564874;45095.4609956741
4.4385824455946;38237.5970916748
4.44299894554047;46468.6547393799
4.44741544548633;51224.3787689209
4.4518319454322;37709.3247842789
4.45624844537806;40336.285905838
4.46066494532393;42181.9603767395
4.46508144526979;39556.2371377945
4.46949794521566;37764.9137153625
4.47391444516152;39085.0702342987
4.47833094510739;30591.3184280396
4.48274744505325;40923.4680128098
4.48716394499912;45627.6484975815
4.49158044494498;37486.5067033768
4.49599694489085;41719.86876297
4.50041344483672;41197.9598121643
4.50482994478258;45657.3166160584
4.50924644472845;45538.5246477127
4.51366294467431;38842.044552803
4.51807944462018;54529.3014173508
4.52249594456604;41954.1864852905
4.52691244451191;32045.890335083
4.53132894445777;35059.9626846313
4.53574544440364;36556.4702072144
4.5401619443495;48487.8149375916
4.54457844429537;41667.7311344147
4.54899494424123;42495.2878046036
4.5534114441871;38184.6151542664
4.55782794413296;41476.2222480774
4.56224444407883;42072.1862545013
4.56666094402469;39204.1418790817
4.57107744397056;46626.352435112
4.57549394391643;32963.6045227051
4.57991044386229;41055.2270421982
4.58432694380816;43072.3730335236
4.58874344375402;41813.8118400574
4.59315994369989;44440.1380252838
4.59757644364575;45137.0659828186
4.60199294359162;43982.9132852554
4.60640944353748;33236.0867414474
4.61082594348335;48877.4087181091
4.61524244342921;38719.0749454498
4.61965894337508;36959.721912384
4.62407544332094;51111.3126678467
4.62849194326681;55043.6719503403
4.63290844321267;35505.0529823303
4.63732494315854;40133.7168712616
4.6417414431044;43435.9312744141
4.64615794305027;47962.6408805847
4.65057444299613;47344.8032674789
4.654990942942;47169.1685600281
4.65940744288787;34814.4405517578
4.66382394283373;45296.2274169922
4.6682404427796;42319.5282821655
4.67265694272546;44044.2878875732
4.67707344267133;41240.4741563797
4.68148994261719;31631.7909431458
4.68590644256306;46219.0694637299
4.69032294250892;43694.7964725494
4.69473944245479;38858.781047821
4.69915594240065;41638.12449646
4.70357244234652;34277.5667171478
4.70798894229238;34170.4434518814
4.71240544223825;42687.6827926636
4.71682194218411;46018.4221668243
4.72123844212998;40136.1932106018
4.72565494207584;43838.3320951462
4.73007144202171;42823.2174711227
4.73448794196758;45145.8594560623
4.73890444191344;41284.5219526291
4.74332094185931;42372.6282615662
4.74773744180517;36340.541809082
4.75215394175104;52619.3762512207
4.7565704416969;40261.3747062683
4.76098694164277;41254.0232143402
4.76540344158863;56485.6142349243
4.7698199415345;36314.4565315247
4.77423644148036;38473.1800880432
4.77865294142623;52424.4218330383
4.78306944137209;54519.9743156433
4.78748594131796;45458.3915519714
4.79190244126382;42785.4672737122
4.79631894120969;40442.8476219177
4.80073544115555;37296.3145132065
4.80515194110142;41938.2607021332
4.80956844104728;36514.4027671814
4.81398494099315;42671.3216304779
4.81840144093902;42698.4948673248
4.82281794088488;28197.5875072479
4.82723444083075;42370.7922897339
4.83165094077661;44400.3268995285
4.83606744072248;38217.4705753326
4.84048394066834;37149.0776262283
4.84490044061421;48902.4603271484
4.84931694056007;43277.5516281128
4.85373344050594;47588.530500412
4.8581499404518;42182.9041471481
4.86256644039767;43437.0592651367
4.86698294034353;34650.7975969315
4.8713994402894;41506.1333913803
4.87581594023526;51684.1280660629
4.88023244018113;43366.9681282043
4.88464894012699;45784.5611419678
4.88906544007286;37120.6308135986
4.89348194001873;44987.1329679489
4.89789843996459;38424.6478004456
4.90231493991046;38891.5465507507
4.90673143985632;37350.3278579712
4.91114793980219;43107.8936862946
4.91556443974805;43148.8415269852
4.91998093969392;46155.015586853
4.92439743963978;42619.7220029831
4.92881393958565;46238.4638700485
4.93323043953151;48677.8269615173
4.93764693947738;44295.2836523056
4.94206343942324;41018.5623502731
4.94647993936911;42573.9683799744
4.95089643931497;46320.7373609543
4.95531293926084;41729.8234124184
4.9597294392067;41823.8575906754
4.96414593915257;35730.648314476
4.96856243909844;39765.1235618591
4.9729789390443;38460.6738166809
4.97739543899017;38018.9468355179
4.98181193893603;40139.8974256516
4.9862284388819;43210.1474256516
4.99064493882776;33726.6339426041
4.99506143877363;36030.2696533203
4.99947793871949;34279.2531356812
5.00389443866536;44548.0726318359
5.00831093861122;39870.0601387024
5.01272743855709;43732.2901706696
5.01714393850295;41714.2826280594
5.02156043844882;45460.3595676422
5.02597693839468;41896.9082565308
5.03039343834055;43433.3127975464
5.03480993828641;36352.9741792679
5.03922643823228;45047.4921216965
5.04364293817814;40452.0630607605
5.04805943812401;43348.3132247925
5.05247593806988;46317.2041711807
5.05689243801574;49419.6417808533
5.06130893796161;34903.5103940964
5.06572543790747;35382.0667438507
5.07014193785334;34311.2296085358
5.0745584377992;47275.9655780792
5.07897493774507;41461.8570699692
5.08339143769093;50344.1680984497
5.0878079376368;40626.8841438293
5.09222443758266;38683.3591766357
5.09664093752853;38093.5155153275
5.10105743747439;43629.2912359238
5.10547393742026;47005.8758621216
5.10989043736612;43972.4787626266
5.11430693731199;43620.8627996445
5.11872343725785;43530.8630619049
5.12313993720372;33789.0591802597
5.12755643714959;47956.5245933533
5.13197293709545;39888.723991394
5.13638943704132;35004.885881424
5.14080593698718;38979.1379776001
5.14522243693305;45425.0930538177
5.14963893687891;37826.0341053009
5.15405543682478;39730.9995918274
5.15847193677064;37165.2799797058
5.16288843671651;37696.722694397
5.16730493666237;40929.8657417297
5.17172143660824;44797.762087822
5.1761379365541;47696.5604629517
5.18055443649997;24804.5663537979
5.18497093644583;39455.7820625305
5.1893874363917;39410.8380718231
5.19380393633756;33919.8869476318
5.19822043628343;47265.6668872833
5.20263693622929;44806.721206665
5.20705343617516;39197.8262557983
5.21146993612103;36290.8770027161
5.21588643606689;42141.2651977539
5.22030293601276;50223.3807487488
5.22471943595862;41055.0017337799
5.22913593590449;36204.497800827
5.23355243585035;47799.8135223389
5.23796893579622;39240.5034599304
5.24238543574208;36117.2700576782
5.24680193568795;35828.7246952057
5.25121843563381;35696.1274404526
5.25563493557968;53542.7275915146
5.26005143552554;42173.4534482956
5.26446793547141;42958.6589765549
5.26888443541727;38731.6223516464
5.27330093536314;46761.7486877441
5.277717435309;39337.5886917114
5.28213393525487;43779.4995088577
5.28655043520074;36739.8361625671
5.2909669351466;38002.3361339569
5.29538343509247;37190.259812355
5.29979993503833;36505.1812849045
5.3042164349842;32376.7227268219
5.30863293493006;40448.0319900513
5.31304943487593;41582.2056217194
5.31746593482179;39011.9681129456
5.32188243476766;48507.7983999252
5.32629893471352;40334.7742500305
5.33071543465939;36518.1092338562
5.33513193460525;42602.3313484192
5.33954843455112;36344.7868938446
5.34396493449698;34830.0555257797
5.34838143444285;44340.9399299622
5.35279793438871;47406.4322242737
5.35721443433458;40355.2701911926
5.36163093428044;33286.5501718521
5.36604743422631;38700.8155441284
5.37046393417218;45353.8513069153
5.37488043411804;48210.6269702911
5.37929693406391;28856.2388076782
5.38371343400977;40963.1902704239
5.38812993395564;38664.564242363
5.3925464339015;31683.6436271667
5.39696293384737;41265.0450439453
5.40137943379323;38474.0345878601
5.4057959337391;42374.0374488831
5.41021243368496;44403.5742378235
5.41462893363083;51843.4030380249
5.41904543357669;46876.1087036133
5.42346193352256;36544.1513557434
5.42787843346842;38166.0936603546
5.43229493341429;43866.2091970444
5.43671143336015;49046.9934844971
5.44112793330602;39971.5012283325
5.44554443325189;36516.4472961426
5.44996093319775;32894.3065662384
5.45437743314362;53278.4127388
5.45879393308948;40767.1566267014
5.46321043303535;43824.3963088989
5.46762693298121;44061.2836914063
5.47204343292708;37343.2765312195
5.47645993287294;40049.5972957611
5.48087643281881;34134.452791214
5.48529293276467;42797.5838413239
5.48970943271054;40244.7389907837
5.4941259326564;34950.2397851944
5.49854243260227;40188.2059707642
5.50295893254813;46798.1947727203
5.507375432494;41561.2962551117
5.51179193243986;36375.2754869461
5.51620843238573;41881.2871847153
5.52062493233159;38961.8828697205
5.52504143227746;44986.9564085007
5.52945793222333;42659.4103317261
5.53387443216919;40322.2503147125
5.53829093211506;35881.1834888458
5.54270743206092;41803.9871883392
5.54712393200679;37540.6792984009
5.55154043195265;38436.3088207245
5.55595693189852;41770.5008354187
5.56037343184438;36568.5294418335
5.56478993179025;40701.3545742035
5.56920643173611;32100.1103315353
5.57362293168198;35444.1178331375
5.57803943162784;43222.5449876785
5.58245593157371;45641.2823476791
5.58687243151957;30861.7285394669
5.59128893146544;31781.4027023315
5.5957054314113;41464.5293273926
5.60012193135717;37046.3529214859
5.60453843130303;42946.2833461761
5.6089549312489;42215.9520702362
5.61337143119477;34985.1410474777
5.61778793114063;39529.7363843918
5.6222044310865;46755.3963327408
5.62662093103236;46287.4959831238
5.63103743097823;38551.985168457
5.63545393092409;41086.9291124344
5.63987043086996;44101.4911527634
5.64428693081582;36842.4562225342
5.64870343076169;36295.0847921371
5.65311993070755;36736.3365812302
5.65753643065342;40494.7973136902
5.66195293059928;44917.9704971313
5.66636943054515;33698.6496553421
5.67078593049101;38319.7227783203
5.67520243043688;46123.4795970917
5.67961893038274;35768.4730348587
5.68403543032861;40644.7626438141
5.68845193027447;36932.0234451294
5.69286843022034;39263.1241168976
5.69728493016621;39906.5782756805
5.70170143011207;38413.6835727692
5.70611793005794;40254.829870224
5.7105344300038;41927.7132606506
5.71495092994967;40536.8371047974
5.71936742989553;40958.1425418854
5.7237839298414;35280.6710882187
5.72820042978726;42854.8960933685
5.73261692973313;37427.12317276
5.73703342967899;35447.1842060089
5.74144992962486;43837.1956224442
5.74586642957072;45268.3132772446
5.75028292951659;44001.1061210632
5.75469942946245;41695.2853507996
5.75911592940832;40766.6529102325
5.76353242935418;43304.4562568665
5.76794892930005;42318.6695747375
5.77236542924592;26871.4573554993
5.77678192919178;43315.5977945328
5.78119842913765;41272.5403747559
5.78561492908351;39475.3637037277
5.79003142902938;37073.1519536972
5.79444792897524;37533.8486661911
5.79886442892111;45627.9322052002
5.80328092886697;41650.1575393677
5.80769742881284;34659.015203476
5.8121139287587;35754.24858284
5.81653042870457;41374.7215719223
5.82094692865043;40176.6856918335
5.8253634285963;45354.3019924164
5.82977992854216;37804.5811758041
5.83419642848803;37690.8418121338
5.83861292843389;46058.0428562164
5.84302942837976;33493.0240030289
5.84744592832562;34256.9021148682
5.85186242827149;41873.3419761658
5.85627892821736;36127.0470132828
5.86069542816322;38249.3670387268
5.86511192810909;50457.1190004349
5.86952842805495;34115.771478653
5.87394492800082;55385.7885551453
5.87836142794668;35954.2852935791
5.88277792789255;40368.3482666016
5.88719442783841;41938.7074251175
5.89161092778428;35714.4757347107
5.89602742773014;38640.6949615479
5.90044392767601;37567.5424613953
5.90486042762187;29875.1820039749
5.90927692756774;38365.4345846176
5.9136934275136;45574.182888031
5.91810992745947;34286.6543798447
5.92252642740533;44271.4124946594
5.9269429273512;40112.8319854736
5.93135942729706;41455.7858314514
5.93577592724293;34871.9405813217
5.9401924271888;38159.0295705795
5.94460892713466;40657.3973217011
5.94902542708053;39599.4564666748
5.95344192702639;41372.9472818375
5.95785842697226;42444.5098648071
5.96227492691812;38574.8945388794
5.96669142686399;34120.2832403183
5.97110792680985;36354.1615839005
5.97552442675572;37241.4413557053
5.97994092670158;51746.174577713
5.98435742664745;36225.145526886
5.98877392659331;32062.2494812012
5.99319042653918;37995.4319400787
5.99760692648504;43680.0339994431
6.00202342643091;38770.3265762329
6.00643992637677;32802.4290428162
6.01085642632264;41365.8473434448
6.01527292626851;47446.6030483246
6.01968942621437;41126.9330406189
6.02410592616024;45990.479850769
6.0285224261061;38717.6119995117
6.03293892605197;42425.2802619934
6.03735542599783;41378.1366157532
6.0417719259437;32646.4448299408
6.04618842588956;51806.7450523376
6.05060492583543;41676.6669301987
6.05502142578129;41351.0259799957
6.05943792572716;36840.9239025116
6.06385442567302;41215.4448184967
6.06827092561889;45255.8149557114
6.07268742556475;35588.5789833069
6.07710392551062;23136.5047454834
6.08152042545648;42451.8056468964
6.08593692540235;32008.0399169922
6.09035342534821;40654.9851036072
6.09476992529408;39908.9966659546
6.09918642523995;40775.4616203308
6.10360292518581;44888.1531600952
6.10801942513168;40157.6189546585
6.11243592507754;33661.1685371399
6.11685242502341;48734.6318492889
6.12126892496927;32078.1277704239
6.12568542491514;47448.4433670044
6.130101924861;41001.4369850159
6.13451842480687;49427.402097702
6.13893492475273;45772.3433904648
6.1433514246986;42495.910990715
6.14776792464446;39676.2672204971
6.15218442459033;35855.8644523621
6.15660092453619;40245.8141355515
6.16101742448206;42598.2331008911
6.16543392442792;43113.7508239746
6.16985042437379;44227.6310005188
6.17426692431965;41706.9596452713
6.17868342426552;43349.0750427246
6.18309992421139;35737.6903820038
6.18751642415725;45529.0911102295
6.19193292410312;33758.5911083221
6.19634942404898;38689.4951953888
6.20076592399485;47657.1715307236
6.20518242394071;37543.7562828064
6.20959892388658;42906.9333229065
6.21401542383244;37911.6388711929
6.21843192377831;37379.2491054535
6.22284842372417;38901.0519294739
6.22726492367004;38262.7248477936
6.2316814236159;45695.5937318802
6.23609792356177;32292.4466400146
6.24051442350763;45710.2098674774
6.2449309234535;45200.6660270691
6.24934742339936;41171.2325363159
6.25376392334523;37029.6502189636
6.25818042329109;35250.9462051392
6.26259692323696;37943.8476953506
6.26701342318283;39512.63463974
6.27142992312869;38507.5224733353
6.27584642307456;30763.0529174805
6.28026292302042;33744.7414836884
6.28467942296629;40753.6081199646
6.28909592291215;32613.8038139343
6.29351242285802;48778.6477985382
6.29792892280388;38847.2783966064
6.30234542274975;42362.8984680176
6.30676192269561;32513.5201931
6.31117842264148;34924.3264341354
6.31559492258734;39722.6841840744
6.32001142253321;34397.0037384033
6.32442792247907;34893.8477134705
6.32884442242494;51043.5598640442
6.3332609223708;34028.2166309357
6.33767742231667;35653.3198852539
6.34209392226254;44643.033946991
6.3465104222084;44356.2762107849
6.35092692215427;41253.4344320297
6.35534342210013;36681.7409572601
6.359759922046;33681.9979763031
6.36417642199186;38011.9429359436
6.36859292193773;38047.0310659409
6.37300942188359;39830.3347415924
6.37742592182946;37232.3435630798
6.38184242177532;38223.6077041626
6.38625892172119;30308.413848877
6.39067542166705;42431.9096755981
6.39509192161292;41673.8036956787
6.39950842155878;44973.7450780869
6.40392492150465;36585.9052820206
6.40834142145051;39315.8982925415
6.41275792139638;34130.0673589706
6.41717442134224;34630.0063095093
6.42159092128811;34589.6212024689
6.42600742123398;38155.1915283203
6.43042392117984;38095.184012413
6.43484042112571;32855.9549884796
6.43925692107157;34664.9993391037
6.44367342101744;35267.908993721
6.4480899209633;36327.6573286057
6.45250642090917;31082.0935297012
6.45692292085503;39229.2479639053
6.4613394208009;39689.3941659927
6.46575592074676;34301.8185243607
6.47017242069263;35016.9082641602
6.47458892063849;43465.4917106628
6.47900542058436;37084.4035558701
6.48342192053022;46755.2200546265
6.48783842047609;37257.8259191513
6.49225492042195;37766.1170597076
6.49667142036782;35091.2288856506
6.50108792031369;38182.4823513031
6.50550442025955;38169.3154888153
6.50992092020542;36741.4625854492
6.51433742015128;36357.9236116409
6.51875392009715;37179.5056629181
6.52317042004301;35929.2088546753
6.52758691998888;59721.1880474091
6.53200341993474;38297.1957616806
6.53641991988061;37264.9692268372
6.54083641982647;41884.357085228
6.54525291977234;37521.1395740509
6.5496694197182;28095.6323328018
6.55408591966407;39077.3540878296
6.55850241960993;39398.1054649353
6.5629189195558;33384.218208313
6.56733541950166;41912.005739212
6.57175191944753;40259.0658340454
6.5761684193934;34037.4583625793
6.58058491933926;43015.0324773788
6.58500141928513;33343.2026100159
6.58941791923099;30889.7851104736
6.59383441917686;32345.3412628174
6.59825091912272;34777.5782270432
6.60266741906859;35306.672542572
6.60708391901445;34412.4132423401
6.61150041896032;42560.2074928284
6.61591691890618;35147.2639436722
6.62033341885205;35641.5062007904
6.62474991879791;52328.1941719055
6.62916641874378;35791.9036636353
6.63358291868964;40732.0264816284
6.63799941863551;36737.3242301941
6.64241591858137;34529.327123642
6.64683241852724;34835.2262268066
6.6512489184731;44041.1773481369
6.65566541841897;30301.4791660309
6.66008191836484;37649.2077274323
6.6644984183107;32862.8829011917
6.66891491825657;39545.7084550858
6.67333141820243;36261.0484933853
6.6777479181483;41712.386847496
6.68216441809416;39753.6538000107
6.68658091804003;34609.2676048279
6.69099741798589;36978.4789924622
6.69541391793176;38583.8746242523
6.69983041787762;48937.8330154419
6.70424691782349;39678.687166214
6.70866341776935;32321.8851394653
6.71307991771522;37152.3553886414
6.71749641766108;40775.3992147446
6.72191291760695;43854.5489063263
6.72632941755281;34548.0085124969
6.73074591749868;37374.5597133636
6.73516241744455;46356.5116710663
6.73957891739041;43832.8712568283
6.74399541733628;41320.3992118835
6.74841191728214;39665.0059833527
6.75282841722801;44907.5203685761
6.75724491717387;40149.4942703247
6.76166141711974;32299.793598175
6.7660779170656;46378.5377616882
6.77049441701147;41737.8265829086
6.77491091695733;38222.3738527298
6.7793274169032;42752.9409427643
6.78374391684906;45160.104637146
6.78816041679493;37577.8484516144
6.79257691674079;38875.9755744934
6.79699341668666;33070.9279918671
6.80140991663252;42144.6317520142
6.80582641657839;42401.5012140274
6.81024291652425;35015.8237810135
6.81465941647012;41040.9713010788
6.81907591641599;33959.4743862152
6.82349241636185;41832.3036355972
6.82790891630772;41690.3134541512
6.83232541625358;33239.6772155762
6.83674191619945;42415.2092666626
6.84115841614531;36624.1310358047
6.84557491609118;31474.2189083099
6.84999141603704;32505.2246923447
6.85440791598291;27966.5917396545
6.85882441592877;38866.2444000244
6.86324091587464;43275.882598877
6.8676574158205;33939.9277620316
6.87207391576637;40286.0357866287
6.87649041571223;38379.5047836304
6.8809069156581;36730.7058820724
6.88532341560396;33734.7833881378
6.88973991554983;37752.3824186325
6.8941564154957;31041.4765014648
6.89857291544156;41231.9131126404
6.90298941538743;38388.9756441116
6.90740591533329;33928.0876121521
6.91182241527916;47007.1773500443
6.91623891522502;37387.9456329346
6.92065541517089;34786.4174671173
6.92507191511675;43353.2185020447
6.92948841506262;41776.0226840973
6.93390491500848;39661.8607416153
6.93832141495435;35539.7494659424
6.94273791490021;43181.7724494934
6.94715441484608;42878.2484531403
6.95157091479194;34881.6872425079
6.95598741473781;36641.0250501633
6.96040391468367;29129.3263473511
6.96482041462954;47857.7142038345
6.9692369145754;41892.4427843094
6.97365341452127;37588.5671777725
6.97806991446714;43079.4691543579
6.982486414413;43151.9033575058
6.98690291435887;45263.3122901917
6.99131941430473;44872.1787319183
6.9957359142506;56014.558506012
7.00015241419646;55589.5429773331
7.00456891414233;49459.5358734131
7.00898541408819;55709.5213527679
7.01340191403406;46043.1915960312
7.01781841397992;44166.8598833084
7.02223491392579;44593.9065847397
7.02665141387165;39397.4370861053
7.03106791381752;39313.7776145935
7.03548441376338;34339.3522920609
7.03990091370925;31253.4279136658
7.04431741365511;39851.3173942566
7.04873391360098;26783.5876312256
7.05315041354685;35998.1364021301
7.05756691349271;39117.60846138
7.06198341343858;40379.9647274017
7.06639991338444;34304.0554676056
7.07081641333031;40917.4326057434
7.07523291327617;35796.338558197
7.07964941322204;42344.7352523804
7.0840659131679;35543.2887954712
7.08848241311377;34946.3868427277
7.09289891305963;36847.4652738571
7.0973154130055;43312.1842460632
7.10173191295136;39525.2633666992
7.10614841289723;50299.0192461014
7.11056491284309;44227.9020195007
7.11498141278896;42656.2652511597
7.11939791273482;41803.1818199158
7.12381441268069;36499.5773868561
7.12823091262655;35591.0379419327
7.13264741257242;35222.0846471787
7.13706391251829;27254.7252998352
7.14148041246415;34999.3044319153
7.14589691241002;31149.9121789932
7.15031341235588;38888.2959947586
7.15472991230175;41760.8364849091
7.15914641224761;44155.6623649597
7.16356291219348;41980.0476779938
7.16797941213934;37169.2538795471
7.17239591208521;33559.8933410645
7.17681241203107;42306.348531723
7.18122891197694;36889.1016387939
7.1856454119228;32314.4165763855
7.19006191186867;37021.6253356934
7.19447841181453;28883.539059639
7.1988949117604;44497.8357725143
7.20331141170626;29672.7357788086
7.20772791165213;45222.9490432739
7.212144411598;37556.7031421661
7.21656091154386;29272.0946044922
7.22097741148973;31292.2256803513
7.22539391143559;30272.0244789124
7.22981041138146;29441.3110332489
7.23422691132732;42819.8621463776
7.23864341127319;40784.202837944
7.24305991121905;39278.8442554474
7.24747641116492;49004.5049667358
7.25189291111078;41916.7081890106
7.25630941105665;44456.2126960754
7.26072591100251;32772.4685945511
7.26514241094838;34899.4592781067
7.26955891089424;44797.9028568268
7.27397541084011;34609.5249099731
7.27839191078597;43800.9643630981
7.28280841073184;38537.5044384003
7.2872249106777;26017.9193487167
7.29164141062357;47283.3623533249
7.29605791056944;29711.5957202911
7.3004744105153;41148.5378293991
7.30489091046117;24103.0380134583
7.30930741040703;34322.1196660995
7.3137239103529;40674.4103469849
7.31814041029876;31960.4569482803
7.32255691024463;36777.7956085205
7.32697341019049;43212.3114004135
7.33138991013636;28857.2507705688
7.33580641008222;38824.5324354172
7.34022291002809;38360.1118545532
7.34463940997395;35070.5395431519
7.34905590991982;37438.6970186234
7.35347240986568;44487.8633384705
7.35788890981155;32225.5603485107
7.36230540975741;39986.2085933685
7.36672190970328;39723.7660388947
7.37113840964915;34484.331120491
7.37555490959501;38875.6714839935
7.37997140954088;33784.0555620193
7.38438790948674;37794.3410787582
7.38880440943261;37354.2873458862
7.39322090937847;45373.0878372192
7.39763740932434;44469.0104532242
7.4020539092702;39622.8021373749
7.40647040921607;30057.8935613632
7.41088690916193;25009.1428346634
7.4153034091078;35395.5951442719
7.41971990905366;37304.8293075562
7.42413640899953;32379.9702949524
7.42855290894539;38632.6401815414
7.43296940889126;52242.3330497742
7.43738590883712;39814.4705114365
7.44180240878299;35825.6209850311
7.44621890872885;34740.7522506714
7.45063540867472;32413.8114490509
7.45505190862059;33034.0191135406
7.45946840856645;33777.88534832
7.46388490851232;33620.9560260773
7.46830140845818;36957.3996658325
7.47271790840405;28728.3247337341
7.47713440834991;41411.1640758514
7.48155090829578;30464.3984546661
7.48596740824164;48880.3468046188
7.49038390818751;43035.2088546753
7.49480040813337;37839.5360450745
7.49921690807924;34773.6113500595
7.5036334080251;34096.9139213562
7.50804990797097;33564.7242164612
7.51246640791683;37428.0314760208
7.5168829078627;41482.7461624146
7.52129940780856;30406.6369781494
7.52571590775443;42285.318854332
7.53013240770029;40569.6831512451
7.53454890764616;32099.0252847672
7.53896540759203;43433.5545921326
7.54338190753789;33214.4589004517
7.54779840748376;38257.4910850525
7.55221490742962;42329.8475646973
7.55663140737549;40759.1538896561
7.56104790732135;39922.497303009
7.56546440726722;39410.392991066
7.56988090721308;32333.7606840134
7.57429740715895;39880.9996137619
7.57871390710481;35383.7080011368
7.58313040705068;44596.9336776733
7.58754690699654;31674.3460617065
7.59196340694241;41698.3370294571
7.59637990688827;40334.7077789307
7.60079640683414;29002.0176544189
7.60521290678;36886.2909965515
7.60962940672587;44034.9688396454
7.61404590667174;34315.9781341553
7.6184624066176;28993.4895324707
7.62287890656347;31098.9065799713
7.62729540650933;37426.9142227173
7.6317119064552;28999.1713008881
7.63612840640106;31354.5650596619
7.64054490634693;33935.2831325531
7.64496140629279;37749.6640968323
7.64937790623866;36979.1736564636
7.65379440618452;39581.7449054718
7.65821090613039;29176.5688686371
7.66262740607625;46797.7044639587
7.66704390602212;39108.8407144547
7.67146040596798;35664.1643295288
7.67587690591385;38978.0719032288
7.68029340585971;34374.6129961014
7.68470990580558;35450.8282575607
7.68912640575144;37120.8844442368
7.69354290569731;35347.8753147125
7.69795940564318;40768.5912618637
7.70237590558904;39665.7379264832
7.70679240553491;34098.2781982422
7.71120890548077;29259.9764499664
7.71562540542664;37269.4411468506
7.7200419053725;31772.4720563889
7.72445840531837;43639.3406524658
7.72887490526423;39785.1921682358
7.7332914052101;31427.2266283035
7.73770790515596;41533.1252555847
7.74212440510183;38148.7306785584
7.74654090504769;44080.0950536728
7.75095740499356;43817.2397575378
7.75537390493942;31797.5555114746
7.75979040488529;24083.3150463104
7.76420690483115;40420.2674674988
7.76862340477702;35673.3150892258
7.77303990472288;34490.5443754196
7.77745640466875;41018.7418680191
7.78187290461462;29163.0132465363
7.78628940456048;30253.9795656204
7.79070590450635;37692.7706308365
7.79512240445221;35925.2232160568
7.79953890439808;42307.9413862228
7.80395540434394;35423.5122518539
7.80837190428981;42636.2549152374
7.81278840423567;36867.2678108215
7.81720490418154;23916.3790187836
7.8216214041274;45203.9012966156
7.82603790407327;46013.7896146774
7.83045440401913;36725.4265556335
7.834870903965;36370.470946312
7.83928740391086;39406.0962657928
7.84370390385673;43945.3190307617
7.84812040380259;39056.7023477554
7.85253690374846;39190.1633529663
7.85695340369432;34248.1648998261
7.86136990364019;35018.4558124542
7.86578640358606;26892.2860279083
7.87020290353192;36833.6985054016
7.87461940347779;33464.9686021805
7.87903590342365;43045.3767776489
7.88345240336952;37920.7603607178
7.88786890331538;35488.9700527191
7.89228540326125;44033.5745010376
7.89670190320711;34668.088180542
7.90111840315298;31609.6972732544
7.90553490309884;30659.428393364
7.90995140304471;32822.3283348084
7.91436790299057;40551.4651145935
7.91878440293644;39821.6575984955
7.9232009028823;42427.3071603775
7.92761740282817;45123.285697937
7.93203390277403;27922.8778238297
7.9364504027199;35994.5862197876
7.94086690266577;43830.4023008347
7.94528340261163;34811.8165855408
7.9496999025575;36511.4624938965
7.95411640250336;49591.0804748535
7.95853290244923;45766.9404850006
7.96294940239509;49000.2804203033
7.96736590234096;31420.9788036346
7.97178240228682;39872.3836708069
7.97619890223269;30660.9291372299
7.98061540217855;38244.5008182526
7.98503190212442;30275.971113205
7.98944840207028;32563.9926490784
7.99386490201615;41236.8708076477
7.99828140196201;30680.1471576691
8.00269790190788;32576.6806583405
8.00711440185374;48344.9200611115
8.01153090179961;35178.9366188049
8.01594740174547;31343.1101016998
8.02036390169134;36140.5885133743
8.02478040163721;32245.927939415
8.02919690158307;36840.0433311462
8.03361340152894;26367.498544693
8.0380299014748;31148.483672142
8.04244640142067;32998.8229560852
8.04686290136653;32919.2102050781
8.0512794013124;31633.0639505386
8.05569590125826;34415.2175893784
8.06011240120413;27776.8485975266
8.06452890114999;28284.8343877792
8.06894540109586;35072.1833934784
8.07336190104172;38391.2247390747
8.07777840098759;35892.9497509003
8.08219490093345;28944.1742105484
8.08661140087932;37739.5894470215
8.09102790082518;38013.3429431915
8.09544440077105;32449.6151256561
8.09986090071692;39526.9920806885
8.10427740066278;41140.384221077
8.10869390060865;36368.8244552612
8.11311040055451;37081.8636302948
8.11752690050038;34438.2320404053
8.12194340044624;35645.4602088928
8.12635990039211;40153.6197385788
8.13077640033797;44052.0652809143
8.13519290028384;43043.3259811401
8.1396094002297;29777.8407287598
8.14402590017557;34018.6347503662
8.14844240012143;36763.9102783203
8.1528589000673;31407.3926401138
8.15727540001316;35525.572593689
8.16169189995903;42370.2588729858
8.16610839990489;36382.7756614685
8.17052489985076;39285.2995634079
8.17494139979662;34411.6832990646
8.17935789974249;43047.662191391
8.18377439968836;35590.462808609
8.18819089963422;43261.3211860657
8.19260739958009;29779.2976322174
8.19702389952595;35024.1403217316
8.20144039947182;34660.6261730194
8.20585689941768;40214.5989284515
8.21027339936355;39190.5016021729
8.21468989930941;32964.5729370117
8.21910639925528;36087.7710609436
8.22352289920114;36021.6574134827
8.22793939914701;38982.4040584564
8.23235589909287;36022.8260574341
8.23677239903874;32425.4674091339
8.2411888989846;40380.6534557343
8.24560539893047;35002.6288414001
8.25002189887634;32948.7736740112
8.2544383988222;38076.1757049561
8.25885489876807;34122.3942518234
8.26327139871393;38458.8483381271
8.2676878986598;38956.3427715302
8.27210439860566;34473.8817577362
8.27652089855153;34483.9973258972
8.28093739849739;31860.6891059875
8.28535389844326;32908.7049636841
8.28977039838912;41965.8481740952
8.29418689833499;40743.5262870789
8.29860339828085;43236.4245948792
8.30301989822672;34669.3468647003
8.30743639817258;32201.4598617554
8.31185289811845;44442.3877477646
8.31626939806431;35376.6509132385
8.32068589801018;55833.0193929672
8.32510239795604;39227.5503387451
8.32951889790191;34133.0903673172
8.33393539784777;31385.4871387482
8.33835189779364;30492.9119653702
8.3427683977395;43817.1585035324
8.34718489768537;41331.1513004303
8.35160139763124;33086.1459684372
8.3560178975771;39703.0110321045
8.36043439752297;30155.7061052322
8.36485089746883;33407.7492399216
8.3692673974147;42398.3118247986
8.37368389736056;31725.9400177002
8.37810039730643;36546.8129711151
8.38251689725229;32518.7754192352
8.38693339719816;38499.3179931641
8.39134989714402;34572.3768405914
8.39576639708989;42629.9833936691
8.40018289703575;42553.6813831329
8.40459939698162;36677.2515125275
8.40901589692749;46081.6943330765
8.41343239687335;39050.0754384995
8.41784889681922;33388.3909502029
8.42226539676508;41310.5216503143
8.42668189671095;32796.3414039612
8.43109839665681;44955.3958063126
8.43551489660268;37872.0618143082
8.43993139654854;30825.6323204041
8.44434789649441;35747.2759819031
8.44876439644027;45964.5477104187
8.45318089638614;42852.2843513489
8.457597396332;33865.1661434174
8.46201389627787;28937.5231647491
8.46643039622373;39124.4127044678
8.4708468961696;33979.3898239136
8.47526339611546;38239.091506958
8.47967989606133;31476.5271024704
8.48409639600719;34766.9372282028
8.48851289595306;41584.3211555481
8.49292939589892;49285.1065616608
8.49734589584479;36435.2997617722
8.50176239579065;30628.6567840576
8.50617889573652;35353.5014133453
8.51059539568239;46148.4102668762
8.51501189562825;48458.713300705
8.51942839557412;40611.6366167068
8.52384489551998;33152.2870740891
8.52826139546585;34955.8750305176
8.53267789541171;39018.3017959595
8.53709439535758;25143.5056495667
8.54151089530344;40310.9927148819
8.54592739524931;32943.1068582535
8.55034389519517;26472.8821659088
8.55476039514104;42380.2138500214
8.5591768950869;28896.336139679
8.56359339503277;32004.8263959885
8.56800989497864;32466.6781749725
8.5724263949245;29459.2985982895
8.57684289487037;30636.3459310532
8.58125939481623;28168.4404296875
8.5856758947621;33243.6980857849
8.59009239470796;36299.4822216034
8.59450889465383;36970.7116775513
8.59892539459969;27953.397102356
8.60334189454556;32514.0024824142
8.60775839449142;28926.3205242157
8.61217489443729;34835.4075164795
8.61659139438315;28205.8163824081
8.62100789432902;36182.8414583206
8.62542439427488;33984.7143354416
8.62984089422075;33043.3055105209
8.63425739416661;38771.7925491333
8.63867389411248;30896.3994808197
8.64309039405834;40104.6753253937
8.64750689400421;33793.059967041
8.65192339395007;30843.2125234604
8.65633989389594;41598.5602903366
8.6607563938418;33842.7983150482
8.66517289378767;38943.3798437119
8.66958939373353;35487.4812421799
8.6740058936794;37574.2316465378
8.67842239362527;24145.5237102509
8.68283889357113;45540.5351705551
8.687255393517;32246.6622419357
8.69167189346286;35134.842880249
8.69608839340873;37862.1466970444
8.70050489335459;31769.9144506454
8.70492139330046;40852.0334310532
8.70933789324632;31437.4001674652
8.71375439319219;34032.3491563797
8.71817089313805;35897.4757871628
8.72258739308392;36450.2944965363
8.72700389302979;36219.2107429504
8.73142039297565;27010.1845235825
8.73583689292152;32391.5102071762
8.74025339286738;34800.2314281464
8.74466989281325;30769.8244390488
8.74908639275911;28239.8284263611
8.75350289270498;36471.6267986298
8.75791939265084;29931.3268880844
8.76233589259671;29962.5855560303
8.76675239254257;37327.4711618423
8.77116889248844;38229.2802696228
8.7755853924343;38758.0139312744
8.78000189238017;38245.4866943359
8.78441839232603;41384.453912735
8.7888348922719;34664.0698661804
8.79325139221776;44447.6471767426
8.79766789216363;33894.9685087204
8.80208439210949;33466.5610542297
8.80650089205536;30510.5665435791
8.81091739200122;33669.4878997803
8.81533389194709;36566.0519790649
8.81975039189295;31659.875079155
8.82416689183882;33904.9763336182
8.82858339178468;42096.4420471191
8.83299989173055;32075.3729724884
8.83741639167642;43017.433265686
8.84183289162228;34087.9236087799
8.84624939156815;32178.4619216919
8.85066589151401;34347.1117124558
8.85508239145988;30684.4454832077
8.85949889140574;36672.8434171677
8.86391539135161;35393.6912879944
8.86833189129747;27251.4919929504
8.87274839124334;40766.8566865921
8.8771648911892;38283.9239196777
8.88158139113507;38649.9893684387
8.88599789108094;21526.071647644
8.8904143910268;42713.1712722778
8.89483089097267;43450.2389435768
8.89924739091853;31166.2620382309
8.9036638908644;38535.0995101929
8.90808039081026;38483.8425750732
8.91249689075613;39891.8779220581
8.91691339070199;38352.0961608887
8.92132989064786;34853.174779892
8.92574639059372;38985.9542541504
8.93016289053959;36096.2068443298
8.93457939048545;43519.0294103622
8.93899589043132;35889.8481788635
8.94341239037718;33578.5712022781
8.94782889032305;31205.5351409912
8.95224539026891;38219.0153083801
8.95666189021478;39586.8851642609
8.96107839016064;29757.0128803253
8.96549489010651;44423.0670423508
8.96991139005237;34199.2888317108
8.97432788999824;34104.6920919418
8.9787443899441;44789.451464653
8.98316088988997;27189.7482175827
8.98757738983584;32256.7447462082
8.9919938897817;37446.9540433884
8.99641038972757;34856.4497814178
9.00082688967343;32288.6088781357
9.0052433896193;44738.3796215057
9.00965988956516;39625.2729330063
9.01407638951103;35951.7542037964
9.01849288945689;31483.8613920212
9.02290938940276;34039.1085948944
9.02732588934862;41196.983663559
9.03174238929449;34955.5700979233
9.03615888924035;25883.1503400803
9.04057538918622;31900.4548845291
9.04499188913208;37250.7386512756
9.04940838907795;38522.6799697876
9.05382488902382;40583.2913007736
9.05824138896968;37183.4407119751
9.06265788891555;45420.4866046906
9.06707438886141;38922.0893621445
9.07149088880728;34981.2420482636
9.07590738875314;31845.8955802917
9.08032388869901;31353.3103218079
9.08474038864487;33299.4647922516
9.08915688859074;35848.0979166031
9.0935733885366;35018.5033369064
9.09798988848247;42880.5252466202
9.10240638842833;37268.9634590149
9.1068228883742;39414.2016019821
9.11123938832006;29720.2047557831
9.11565588826593;32893.2839231491
9.12007238821179;33034.2758293152
9.12448888815766;47495.2390995026
9.12890538810352;35752.3517513275
9.13332188804939;31376.3744430542
9.13773838799525;47697.6888313293
9.14215488794112;35521.3872528076
9.14657138788699;39387.7267951965
9.15098788783285;36481.9294509888
9.15540438777872;28140.3562393188
9.15982088772458;41625.4058818817
9.16423738767045;31441.4186782837
9.16865388761631;35006.9708709717
9.17307038756218;30593.536239624
9.17748688750804;33161.6433525085
9.18190338745391;33930.9055671692
9.18631988739977;38102.2543182373
9.19073638734564;27856.2757444382
9.1951528872915;23435.839676857
9.19956938723737;36959.7322769165
9.20398588718323;37312.6552352905
9.2084023871291;39547.9114933014
9.21281888707497;28746.1257638931
9.21723538702083;38723.0863828659
9.2216518869667;33558.3273773193
9.22606838691256;34355.3163986206
9.23048488685843;33156.2935428619
9.23490138680429;31650.3960342407
9.23931788675016;32922.9732580185
9.24373438669602;28691.9343643188
9.24815088664189;38000.6441364288
9.25256738658775;37147.641702652
9.25698388653362;28476.4647979736
9.26140038647948;31568.8647956848
9.26581688642535;33662.9834156036
9.27023338637121;34568.3129711151
9.27464988631708;36239.8361577988
9.27906638626294;36589.3092412949
9.28348288620881;36156.2561149597
9.28789938615467;38500.1896438599
9.29231588610054;31142.0271873474
9.2967323860464;38447.3016033173
9.30114888599227;39449.3279428482
9.30556538593814;45747.1248760223
9.309981885884;27762.3251419067
9.31439838582987;33074.6661462784
9.31881488577573;33336.2093172073
9.3232313857216;40411.3281784058
9.32764788566746;31514.0660934448
9.33206438561333;42512.2986660004
9.33648088555919;23733.5188884735
9.34089738550506;28321.6734256744
9.34531388545092;23862.3659992218
9.34973038539679;28549.629817009
9.35414688534265;36295.6922369003
9.35856338528852;27868.7025403976
9.36297988523438;35510.9431362152
9.36739638518025;40795.5382413864
9.37181288512611;28486.3274383545
9.37622938507198;35015.1739625931
9.38064588501785;36930.9489812851
9.38506238496371;41826.8217935562
9.38947888490958;36906.7097415924
9.39389538485544;36865.384349823
9.39831188480131;36045.4008750916
9.40272838474717;36544.2181396484
9.40714488469304;41249.2502670288
9.4115613846389;35756.9780139923
9.41597788458477;28633.7659988403
9.42039438453063;37118.2306938171
9.4248108844765;27825.3436527252
9.42922738442236;33586.3165025711
9.43364388436823;44981.4560966492
9.43806038431409;35527.0902824402
9.44247688425996;35787.4317522049
9.44689338420582;43003.3803272247
9.45130988415169;35517.8598546982
9.45572638409755;32312.230257988
9.46014288404342;46498.2448577881
9.46455938398929;43127.6183004379
9.46897588393515;38983.2179870605
9.47339238388102;38203.7414331436
9.47780888382688;31295.0136375427
9.48222538377275;31964.4348716736
9.48664188371861;30426.3986339569
9.49105838366448;37566.7147750854
9.49547488361034;34698.2110748291
9.49989138355621;26700.9774618149
9.50430788350207;35889.8166885376
9.50872438344794;42231.3839540482
9.5131408833938;26284.9724712372
9.51755738333967;25581.5813579559
9.52197388328553;38697.4536170959
9.5263903832314;31416.221408844
9.53080688317726;32473.9241275787
9.53522338312313;41559.2766304016
9.539639883069;31984.7316541672
9.54405638301486;44198.1718959808
9.54847288296073;35638.3422079086
9.55288938290659;36103.9814815521
9.55730588285246;42855.175368309
9.56172238279832;37051.6947574615
9.56613888274419;32119.7809228897
9.57055538269005;38660.2316169739
9.57497188263592;44768.8362503052
9.57938838258178;41937.5373535156
9.58380488252765;35408.8968925476
9.58822138247351;40435.5375442505
9.59263788241938;39150.72681427
9.59705438236524;38710.4146099091
9.60147088231111;40964.1905651093
9.60588738225697;46467.4045133591
9.61030388220284;39317.61277771
9.6147203821487;39994.9763069153
9.61913688209457;31225.1343698502
9.62355338204044;33601.5375747681
9.6279698819863;41314.235830307
9.63238638193217;37445.7333097458
9.63680288187803;31324.8100986481
9.6412193818239;38087.4004468918
9.64563588176976;28789.6613235474
9.65005238171563;32074.7453117371
9.65446888166149;29972.491358757
9.65888538160736;39994.782585144
9.66330188155322;40154.5042762756
9.66771838149909;33441.0609912872
9.67213488144495;31851.0595254898
9.67655138139082;40531.3233947754
9.68096788133668;42615.2821102142
9.68538438128255;35733.1745443344
9.68980088122841;39728.0831279755
9.69421738117428;33620.1235160828
9.69863388112014;31683.0724897385
9.70305038106601;39336.9765090942
9.70746688101188;33280.9148902893
9.71188338095774;35919.1116333008
9.71629988090361;40502.5061416626
9.72071638084947;42427.6541376114
9.72513288079534;36954.1364097595
9.7295493807412;40124.2225646973
9.73396588068707;34304.4022779465
9.73838238063293;39749.5138988495
9.7427988805788;36842.9904880524
9.74721538052466;28589.1805152893
9.75163188047053;31719.0871610641
9.75604838041639;37018.591375351
9.76046488036226;31794.4873886108
9.76488138030812;42161.159072876
9.76929788025399;39119.0551948547
9.77371438019985;40720.4260578156
9.77813088014572;47171.1025657654
9.78254738009159;37275.2582712173
9.78696388003745;35340.878528595
9.79138037998332;34844.9283704758
9.79579687992918;40280.1880245209
9.80021337987505;38641.1002902985
9.80462987982091;39177.5073442459
9.80904637976678;37584.7294006348
9.81346287971264;35269.3083782196
9.81787937965851;39491.9600887299
9.82229587960437;35937.21571064
9.82671237955024;45950.9196815491
9.8311288794961;39907.1952705383
9.83554537944197;33142.8204174042
9.83996187938783;31731.7154045105
9.8443783793337;43129.6072711945
9.84879487927956;34418.6175994873
9.85321137922543;27476.0837574005
9.85762787917129;37280.225892067
9.86204437911716;46346.9086647034
9.86646087906303;42422.680606842
9.87087737900889;36160.3742828369
9.87529387895476;43400.1960067749
9.87971037890062;28180.4133520126
9.88412687884649;30155.2278747559
9.88854337879235;35382.3324966431
9.89295987873822;38188.6255149841
9.89737637868408;44265.8521986008
9.90179287862995;34903.3290367126
9.90620937857581;33841.6158666611
9.91062587852168;41371.6320676804
9.91504237846754;26391.2182502747
9.91945887841341;40307.7348690033
9.92387537835927;29025.5920305252
9.92829187830514;31155.719707489
9.932708378251;35472.1827278137
9.93712487819687;36041.8015146255
9.94154137814274;43965.3271255493
9.9459578780886;34964.6463651657
9.95037437803447;44839.7826251984
9.95479087798033;42980.1112270355
9.9592073779262;29333.7758598328
9.96362387787206;29637.2160596848
9.96804037781793;32060.3276367188
9.97245687776379;38112.7551116943
9.97687337770966;39447.6014947891
9.98128987765552;36055.8279190063
9.98570637760139;36543.6368522644
9.99012287754725;32738.2258119583
9.99453937749312;39568.3153190613
9.99895587743898;26814.5753440857
10.0033723773848;39525.5440645218
10.0077888773307;37126.9219751358
10.0122053772766;31772.2232122421
10.0166218772224;33033.7815628052
10.0210383771683;34831.0340032578
10.0254548771142;37736.300236702
10.02987137706;42945.6150169373
10.0342878770059;31114.0232315063
10.0387043769518;34871.8487167358
10.0431208768976;37552.3063793182
10.0475373768435;41331.9941368103
10.0519538767894;38010.240623951
10.0563703767352;44909.9018669128
10.0607868766811;42125.588760376
10.065203376627;37026.6868400574
10.0696198765728;33441.357427597
10.0740363765187;37031.7026205063
10.0784528764646;41433.1502714157
10.0828693764104;35307.1953277588
10.0872858763563;38390.4654045105
10.0917023763022;33559.8739328384
10.096118876248;34986.2044973373
10.1005353761939;39686.0907287598
10.1049518761398;41017.3904190063
10.1093683760856;36560.704864502
10.1137848760315;30679.8366451263
10.1182013759773;37976.8887987137
10.1226178759232;46272.5277175903
10.1270343758691;37306.1099119186
10.1314508758149;32793.5515699387
10.1358673757608;39781.4982814789
10.1402838757067;44142.2284574509
10.1447003756525;36913.5387268066
10.1491168755984;41021.4989528656
10.1535333755443;37299.6936788559
10.1579498754901;41159.7858142853
10.162366375436;34173.4136133194
10.1667828753819;33746.0812721252
10.1711993753277;30912.0826873779
10.1756158752736;43603.4823074341
10.1800323752195;33270.8540344238
10.1844488751653;50740.9980278015
10.1888653751112;37800.2583618164
10.1932818750571;35343.4926919937
10.1976983750029;36107.2732772827
10.2021148749488;31342.2632350922
10.2065313748947;27128.0498886108
10.2109478748405;41733.5458755493
10.2153643747864;34178.6179237366
10.2197808747322;35984.3074321747
10.2241973746781;31944.0095176697
10.228613874624;41026.5521831512
10.2330303745698;30007.4289894104
10.2374468745157;40524.5546169281
10.2418633744616;36413.3804855347
10.2462798744074;42807.2110881805
10.2506963743533;31241.2982397079
10.2551128742992;40534.1730861664
10.259529374245;31026.4011001587
10.2639458741909;36063.8063802719
10.2683623741368;35278.5338630676
10.2727788740826;45085.6284160614
10.2771953740285;38326.7140712738
10.2816118739744;50688.1586198807
10.2860283739202;33515.1671829224
10.2904448738661;43910.2782258987
10.294861373812;40271.3184986115
10.2992778737578;36534.6230688095
10.3036943737037;40413.2089443207
10.3081108736496;36122.1940536499
10.3125273735954;27126.4172439575
10.3169438735413;33106.5192470551
10.3213603734871;34365.2713499069
10.325776873433;34318.9053268433
10.3301933733789;36436.9998054504
10.3346098733247;35899.5134143829
10.3390263732706;36688.6273193359
10.3434428732165;35899.4182624817
10.3478593731623;42331.4544906616
10.3522758731082;41252.0335865021
10.3566923730541;38156.6784992218
10.3611088729999;42835.3647518158
10.3655253729458;31223.8453674316
10.3699418728917;34325.9953947067
10.3743583728375;39624.9705438614
10.3787748727834;35561.7544059753
10.3831913727293;39411.765247345
10.3876078726751;32951.3921070099
10.392024372621;34070.7706546783
10.3964408725669;41331.4487104416
10.4008573725127;39252.1138191223
10.4052738724586;31156.8150901794
10.4096903724045;29616.787317276
10.4141068723503;35088.0418395996
10.4185233722962;32476.1610832214
10.4229398722421;42290.5824956894
10.4273563721879;44952.0499296188
10.4317728721338;40323.790725708
10.4361893720796;41114.5755844116
10.4406058720255;29808.080827713
10.4450223719714;34338.8651151657
10.4494388719172;43319.7378482819
10.4538553718631;50386.5632591248
10.458271871809;43023.7100410461
10.4626883717548;36435.9377117157
10.4671048717007;37817.917881012
10.4715213716466;29225.0304918289
10.4759378715924;36180.9860954285
10.4803543715383;28215.1168193817
10.4847708714842;44416.5872993469
10.48918737143;44312.4787025452
10.4936038713759;31872.9354743958
10.4980203713218;36883.2347488403
10.5024368712676;46424.8762836456
10.5068533712135;41153.9589042664
10.5112698711594;46128.5739898682
10.5156863711052;28010.3662834167
10.5201028710511;43002.3658666611
10.524519370997;30502.2208929062
10.5289358709428;42190.3863315582
10.5333523708887;51080.5631437302
10.5377688708345;37162.9984416962
10.5421853707804;40289.1751422882
10.5466018707263;38013.6266183853
10.5510183706721;35098.4594259262
10.555434870618;36455.3921146393
10.5598513705639;42626.0220241547
10.5642678705097;39172.9297485352
10.5686843704556;40929.2528905869
10.5731008704015;41517.3620700836
10.5775173703473;41253.3051300049
10.5819338702932;37182.8908214569
10.5863503702391;35438.937078476
10.5907668701849;36305.878326416
10.5951833701308;25451.8948879242
10.5995998700767;31992.2134284973
10.6040163700225;37805.3287315369
10.6084328699684;30160.0022621155
10.6128493699143;44085.1120548248
10.6172658698601;39485.525387764
10.621682369806;35978.5401649475
10.6260988697519;35826.4341192245
10.6305153696977;40393.7666606903
10.6349318696436;42170.3238782883
10.6393483695894;44413.5857629776
10.6437648695353;38589.2014465332
10.6481813694812;37009.7175183296
10.652597869427;32734.3013458252
10.6570143693729;37522.8734521866
10.6614308693188;44079.2053718567
10.6658473692646;47599.4273662567
10.6702638692105;30156.8752946854
10.6746803691564;40171.4335575104
10.6790968691022;44280.8240890503
10.6835133690481;35574.3852186203
10.687929868994;38751.7025127411
10.6923463689398;32600.3689212799
10.6967628688857;41184.4933805466
10.7011793688316;40941.8417282104
10.7055958687774;38000.4941711426
10.7100123687233;35145.9073705673
10.7144288686692;40483.72123909
10.718845368615;32586.1019287109
10.7232618685609;41707.3602180481
10.7276783685068;40213.7111186981
10.7320948684526;36519.7765045166
10.7365113683985;45909.2525043488
10.7409278683444;38583.665017128
10.7453443682902;40720.0385990143
10.7497608682361;37283.4390172958
10.7541773681819;35139.9099531174
10.7585938681278;42576.8162784576
10.7630103680737;35565.5852947235
10.7674268680195;40900.829284668
10.7718433679654;34886.7538137436
10.7762598679113;44599.5105066299
10.7806763678571;39671.9635219574
10.785092867803;35727.4234981537
10.7895093677489;46573.9934997559
10.7939258676947;43179.7261419296
10.7983423676406;40078.7007312775
10.8027588675865;37983.9919128418
10.8071753675323;40313.0602254868
10.8115918674782;41189.6400814056
10.8160083674241;31366.2384147644
10.8204248673699;35350.6416015625
10.8248413673158;33766.3306503296
10.8292578672617;37833.1225357056
10.8336743672075;41119.1769237518
10.8380908671534;33824.1189336777
10.8425073670993;38317.8991632462
10.8469238670451;43325.1806755066
10.851340366991;44627.2189025879
10.8557568669368;41796.9358167648
10.8601733668827;43698.674536705
10.8645898668286;32864.5574874878
10.8690063667744;34056.3633341789
10.8734228667203;28346.9706420898
10.8778393666662;39977.8764228821
10.882255866612;49908.3672437668
10.8866723665579;34455.4022359848
10.8910888665038;41306.8828868866
10.8955053664496;36646.1154251099
10.8999218663955;37535.779540062
10.9043383663414;37838.9381036758
10.9087548662872;39612.6548995972
10.9131713662331;35036.340385437
10.917587866179;23637.9371623993
10.9220043661248;38243.2495727539
10.9264208660707;33170.3469810486
10.9308373660166;49067.0690393448
10.9352538659624;32089.0907287598
10.9396703659083;32608.9584064484
10.9440868658542;48779.201207161
10.9485033658;34528.6388521194
10.9529198657459;32422.5546894073
10.9573363656917;39338.0688390732
10.9617528656376;39477.3248672485
10.9661693655835;42987.6366853714
10.9705858655293;31731.4433097839
10.9750023654752;36753.1883792877
10.9794188654211;40503.7697925568
10.9838353653669;36452.8111095428
10.9882518653128;29763.4721755981
10.9926683652587;44132.3957176209
10.9970848652045;37586.1266403198
11.0015013651504;38861.5011091232
11.0059178650963;38347.4333410263
11.0103343650421;39547.3607292175
11.014750864988;30671.3552007675
11.0191673649339;35148.1497220993
11.0235838648797;39418.3670711517
11.0280003648256;41910.8470954895
11.0324168647715;34772.2067728043
11.0368333647173;32232.0379371643
11.0412498646632;37128.2693681717
11.0456663646091;29299.3800582886
11.0500828645549;30267.9988536835
11.0544993645008;36704.3922529221
11.0589158644467;36828.9900856018
11.0633323643925;40240.2391548157
11.0677488643384;32122.6911716461
11.0721653642842;38257.8911151886
11.0765818642301;46776.6616163254
11.080998364176;40409.4549942017
11.0854148641218;31423.2888412476
11.0898313640677;40276.5522022247
11.0942478640136;32542.8247909546
11.0986643639594;31637.7535152435
11.1030808639053;25883.571223259
11.1074973638512;31572.9654283524
11.111913863797;37297.358165741
11.1163303637429;34386.3219099045
11.1207468636888;33929.5991268158
11.1251633636346;38790.5421562195
11.1295798635805;40715.9171409607
11.1339963635264;38167.2100963593
11.1384128634722;34885.9332537651
11.1428293634181;40362.3758029938
11.147245863364;39752.5299167633
11.1516623633098;33409.3379659653
11.1560788632557;46639.0480184555
11.1604953632016;41320.1956863403
11.1649118631474;27110.8925457001
11.1693283630933;33489.2622146606
11.1737448630391;39005.3437318802
11.178161362985;40213.1034450531
11.1825778629309;39162.0560455322
11.1869943628767;41171.1018381119
11.1914108628226;36057.6319942474
11.1958273627685;46033.7699813843
11.2002438627143;42512.0421743393
11.2046603626602;35931.462348938
11.2090768626061;39259.9791526794
11.2134933625519;33884.9161052704
11.2179098624978;41901.8246459961
11.2223263624437;28952.9230413437
11.2267428623895;36871.1939134598
11.2311593623354;38022.0088472366
11.2355758622813;25258.1302509308
11.2399923622271;36585.7269763947
11.244408862173;41422.7688560486
11.2488253621189;36306.2458028793
11.2532418620647;39858.8620433807
11.2576583620106;30882.9214906693
11.2620748619565;35781.3203983307
11.2664913619023;35375.6112699509
11.2709078618482;36646.8483123779
11.275324361794;28855.8322296143
11.2797408617399;35225.8434753418
11.2841573616858;29816.0090122223
11.2885738616316;39731.8159284592
11.2929903615775;31138.7146291733
11.2974068615234;32967.6442775726
11.3018233614692;47607.9183235168
11.3062398614151;34088.8820323944
11.310656361361;36564.0760784149
11.3150728613068;31196.3180532455
11.3194893612527;35804.9855508804
11.3239058611986;33824.5202026367
11.3283223611444;29650.7455425262
11.3327388610903;41481.3672885895
11.3371553610362;32480.5667953491
11.341571860982;31388.1947898865
11.3459883609279;36630.888425827
11.3504048608738;28791.7274188995
11.3548213608196;41101.7001562119
11.3592378607655;36386.8271465302
11.3636543607114;37262.9841499329
11.3680708606572;41555.1702346802
11.3724873606031;36398.2148895264
11.3769038605489;35582.6201553345
11.3813203604948;32453.8116989136
11.3857368604407;36345.280462265
11.3901533603865;36270.5794677734
11.3945698603324;46118.6553192139
11.3989863602783;35942.7770862579
11.4034028602241;37655.2187824249
11.40781936017;44774.2179832459
11.4122358601159;30357.2857322693
11.4166523600617;35015.3229579926
11.4210688600076;40944.4992465973
11.4254853599535;38797.9612884521
11.4299018598993;41248.2240571976
11.4343183598452;34424.846206665
11.4387348597911;43384.8842582703
11.4431513597369;36487.7972488403
11.4475678596828;34999.3836898804
11.4519843596287;34681.8031730652
11.4564008595745;39626.8990077972
11.4608173595204;30759.9327583313
11.4652338594663;48822.6253166199
11.4696503594121;36854.3797340393
11.474066859358;43719.5684156418
11.4784833593039;38058.4082450867
11.4828998592497;42102.6938009262
11.4873163591956;38179.3383827209
11.4917328591414;45601.2540416718
11.4961493590873;29506.2089147568
11.5005658590332;39287.4203100204
11.504982358979;34537.2436714172
11.5093988589249;33183.5478610992
11.5138153588708;35411.6820697784
11.5182318588166;35645.8189716339
11.5226483587625;38453.5295772552
11.5270648587084;46750.0532922745
11.5314813586542;32933.3056840897
11.5358978586001;37120.9447784424
11.540314358546;33908.3058271408
11.5447308584918;36410.9153442383
11.5491473584377;36865.4752230644
11.5535638583836;45108.2803153992
11.5579803583294;44692.3301305771
11.5623968582753;35378.5982723236
11.5668133582212;30599.8201665878
11.571229858167;36252.1307735443
11.5756463581129;36899.3455533981
11.5800628580588;40306.6941680908
11.5844793580046;35628.9204292297
11.5888958579505;52280.6351518631
11.5933123578963;38627.412653923
11.5977288578422;34391.296169281
11.6021453577881;39695.7481098175
11.6065618577339;35190.650270462
11.6109783576798;38798.4703636169
11.6153948576257;38164.6772861481
11.6198113575715;30219.8068361282
11.6242278575174;36063.3426589966
11.6286443574633;33888.9190015793
11.6330608574091;33590.0321855545
11.637477357355;31865.5612983704
11.6418938573009;34907.2558116913
11.6463103572467;37274.7272090912
11.6507268571926;32844.0186109543
11.6551433571385;41758.4293327332
11.6595598570843;30607.8388652802
11.6639763570302;31500.3765945435
11.6683928569761;39176.3338928223
11.6728093569219;31223.9790811539
11.6772258568678;41799.6617431641
11.6816423568137;41587.4983634949
11.6860588567595;43128.1878566742
11.6904753567054;51935.8155832291
11.6948918566512;53223.7627849579
11.6993083565971;46221.8102397919
11.703724856543;45872.686794281
11.7081413564888;49754.2182292938
11.7125578564347;41622.5538024902
11.7169743563806;40857.8956298828
11.7213908563264;46102.6494703293
11.7258073562723;43809.9943609238
11.7302238562182;35644.2395505905
11.734640356164;36705.269080162
11.7390568561099;42413.1421661377
11.7434733560558;31285.2145338058
11.7478898560016;28542.9559049606
11.7523063559475;36831.5000333786
11.7567228558934;38838.6209793091
11.7611393558392;46286.2618017197
11.7655558557851;38398.2716398239
11.769972355731;36135.4336395264
11.7743888556768;34561.9423723221
11.7788053556227;42843.5531196594
11.7832218555686;46393.4582462311
11.7876383555144;36565.0074081421
11.7920548554603;41493.1206569672
11.7964713554062;38776.7196378708
11.800887855352;30131.8452320099
11.8053043552979;49415.6262683868
11.8097208552437;34993.7846260071
11.8141373551896;40443.0225019455
11.8185538551355;39271.230966568
11.8229703550813;37190.0378017426
11.8273868550272;53731.9137296677
11.8318033549731;34809.6626634598
11.8362198549189;42400.5765943527
11.8406363548648;44122.4953975677
11.8450528548107;38172.7168426514
11.8494693547565;39978.5082168579
11.8538858547024;33326.8743991852
11.8583023546483;34056.5821647644
11.8627188545941;41725.4328527451
11.86713535454;32959.0876064301
11.8715518544859;33081.6928405762
11.8759683544317;45793.3969764709
11.8803848543776;40611.5231323242
11.8848013543235;40584.0862226486
11.8892178542693;41928.0109806061
11.8936343542152;35978.188498497
11.8980508541611;43424.7775764465
11.9024673541069;34743.8786745071
11.9068838540528;35491.1709918976
11.9113003539986;49438.1586036682
11.9157168539445;30726.2431764603
11.9201333538904;35819.6833925247
11.9245498538362;42857.7911329269
11.9289663537821;40579.6526489258
11.933382853728;37747.7707061768
11.9377993536738;37961.0220441818
11.9422158536197;39127.5786390305
11.9466323535656;41421.4392271042
11.9510488535114;39049.6209487915
11.9554653534573;33560.8844490051
11.9598818534032;28464.3826828003
11.964298353349;41983.7999849319
11.9687148532949;41274.0077133179
11.9731313532408;40232.89777565
11.9775478531866;41809.1635284424
11.9819643531325;35027.8768520355
11.9863808530784;35896.6239118576
11.9907973530242;34914.5712327957
11.9952138529701;36010.4672088623
11.999630352916;33460.6224689484
12.0040468528618;32843.4054317474
12.0084633528077;39375.9028224945
12.0128798527535;38971.0070838928
12.0172963526994;43374.7926111221
12.0217128526453;38231.2380065918
12.0261293525911;46476.4066953659
12.030545852537;33719.4262113571
12.0349623524829;40350.1098327637
12.0393788524287;50224.8223323822
12.0437953523746;39706.4803323746
12.0482118523205;41989.5123100281
12.0526283522663;41746.1357622147
12.0570448522122;34513.0763731003
12.0614613521581;39268.0871210098
12.0658778521039;33139.1693105698
12.0702943520498;41349.8894910812
12.0747108519957;42196.8759326935
12.0791273519415;40307.7905931473
12.0835438518874;36088.7429094315
12.0879603518333;42295.6738195419
12.0923768517791;38084.6044874191
12.096793351725;35408.4652633667
12.1012098516709;45904.0155801773
12.1056263516167;34194.7085371017
12.1100428515626;46667.4140281677
12.1144593515085;44403.6457471848
12.1188758514543;42248.0433073044
12.1232923514002;35867.3070106506
12.127708851346;34611.3208026886
12.1321253512919;43840.9736938477
12.1365418512378;35269.1291418076
12.1409583511836;37297.8370399475
12.1453748511295;49640.5832061768
12.1497913510754;45239.7906661034
12.1542078510212;38805.1548452377
12.1586243509671;43155.7895641327
12.163040850913;29958.5713405609
12.1674573508588;38511.907576561
12.1718738508047;38047.3773832321
12.1762903507506;47019.941031456
12.1807068506964;37958.0496253967
12.1851233506423;42689.7232122421
12.1895398505882;34499.1979198456
12.193956350534;44027.1153106689
12.1983728504799;30296.8646240234
12.2027893504258;40413.4264125824
12.2072058503716;39581.191119194
12.2116223503175;39391.9065170288
12.2160388502634;41551.523150444
12.2204553502092;34392.9165306091
12.2248718501551;43242.4880561829
12.2292883501009;34279.1954898834
12.2337048500468;36428.4951295853
12.2381213499927;36723.6391067505
12.2425378499385;31382.3443870544
12.2469543498844;30761.7790222168
12.2513708498303;49215.5584335327
12.2557873497761;38285.020647049
12.260203849722;46639.3928003311
12.2646203496679;46551.6645536423
12.2690368496137;39855.3894376755
12.2734533495596;45231.7751560211
12.2778698495055;52248.5271377563
12.2822863494513;43260.6228065491
12.2867028493972;38654.0272369385
12.2911193493431;44808.6160449982
12.2955358492889;41226.7164268494
12.2999523492348;26258.4080839157
12.3043688491807;42278.0569648743
12.3087853491265;32814.1282176971
12.3132018490724;42784.3524208069
12.3176183490183;38121.1185722351
12.3220348489641;39022.8653068542
12.32645134891;47015.3685712814
12.3308678488558;42988.9122419357
12.3352843488017;49158.6790676117
12.3397008487476;33971.0019664764
12.3441173486934;39072.2866783142
12.3485338486393;41317.4345788956
12.3529503485852;37578.3614025116
12.357366848531;38204.7119064331
12.3617833484769;40537.7006225586
12.3661998484228;42244.0284128189
12.3706163483686;45072.135008812
12.3750328483145;31660.7096824646
12.3794493482604;36745.2484474182
12.3838658482062;44111.2359371185
12.3882823481521;43588.7420873642
12.392698848098;46795.3663387299
12.3971153480438;41770.5295257568
12.4015318479897;39391.7177124023
12.4059483479356;38424.5006494522
12.4103648478814;28390.3378181458
12.4147813478273;43265.6875724792
12.4191978477732;43528.1217193604
12.423614347719;46688.7138843536
12.4280308476649;44367.3951215744
12.4324473476108;36148.0705957413
12.4368638475566;46993.3148493767
12.4412803475025;49722.0944137573
12.4456968474483;43417.6444339752
12.4501133473942;36306.678027153
12.4545298473401;45150.5030174255
12.4589463472859;39279.4629468918
12.4633628472318;44851.5465202332
12.4677793471777;39210.819026947
12.4721958471235;40988.4231719971
12.4766123470694;41668.9669952393
12.4810288470153;37935.162569046
12.4854453469611;42236.4893512726
12.489861846907;42226.1038694382
12.4942783468529;40303.2839736938
12.4986948467987;41067.3977479935
12.5031113467446;34730.3792076111
12.5075278466905;39127.2350616455
12.5119443466363;39114.8764057159
12.5163608465822;36630.1793441772
12.5207773465281;37282.7960157394
12.5251938464739;45361.4740524292
12.5296103464198;38988.9348487854
12.5340268463657;35836.7495622635
12.5384433463115;43244.0223712921
12.5428598462574;38727.2205734253
12.5472763462032;32894.533164978
12.5516928461491;44064.4919090271
12.556109346095;42113.2627391815
12.5605258460408;41318.9868841171
12.5649423459867;35536.2453536987
12.5693588459326;39702.3319625854
12.5737753458784;32779.9687843323
12.5781918458243;35283.1050720215
12.5826083457702;39108.4685783386
12.587024845716;31282.7079000473
12.5914413456619;39705.7085857391
12.5958578456078;30425.2885627747
12.6002743455536;31037.7025508881
12.6046908454995;23616.4953804016
12.6091073454454;33252.9387607574
12.6135238453912;47625.386256218
12.6179403453371;38584.9886550903
12.622356845283;33940.0904970169
12.6267733452288;39183.4495677948
12.6311898451747;39068.3439245224
12.6356063451206;46677.6091461182
12.6400228450664;51278.6180553436
12.6444393450123;34084.0865898132
12.6488558449581;49703.204287529
12.653272344904;40781.9029808044
12.6576888448499;32429.7994232178
12.6621053447957;45045.2996482849
12.6665218447416;41195.6989440918
12.6709383446875;36307.5965995789
12.6753548446333;36136.6827993393
12.6797713445792;36116.0578327179
12.6841878445251;44390.4834594727
12.6886043444709;38537.7793188095
12.6930208444168;31250.8154592514
12.6974373443627;39918.6335945129
12.7018538443085;42977.8053627014
12.7062703442544;38991.9549446106
12.7106868442003;39363.4832754135
12.7151033441461;36589.125421524
12.719519844092;35139.6341381073
12.7239363440379;34981.9604997635
12.7283528439837;35397.4496479034
12.7327693439296;39231.200135231
12.7371858438755;44972.9839515686
12.7416023438213;38979.4372024536
12.7460188437672;33083.5262908936
12.7504353437131;41712.100851059
12.7548518436589;45600.2618322372
12.7592683436048;35515.761220932
12.7636848435506;37880.8890333176
12.7681013434965;32771.5338163376
12.7725178434424;38258.4920291901
12.7769343433882;32016.069811821
12.7813508433341;39538.5576915741
12.78576734328;40552.4973335266
12.7901838432258;51852.3069944382
12.7946003431717;36075.2112388611
12.7990168431176;37835.9695701599
12.8034333430634;35606.6938915253
12.8078498430093;41507.245174408
12.8122663429552;44064.6741361618
12.816682842901;36208.3401069641
12.8210993428469;36157.4632854462
12.8255158427928;39915.4395856857
12.8299323427386;38538.1605453491
12.8343488426845;41363.2325801849
12.8387653426304;38701.5592308044
12.8431818425762;40739.9463310242
12.8475983425221;43143.0275859833
12.852014842468;39784.9212036133
12.8564313424138;37776.0026893616
12.8608478423597;45543.2117710114
12.8652643423055;38850.8055372238
12.8696808422514;48959.3778181076
12.8740973421973;47304.9016017914
12.8785138421431;46935.9795713425
12.882930342089;39617.031744957
12.8873468420349;36568.2801980972
12.8917633419807;32715.1659584045
12.8961798419266;37853.7217979431
12.9005963418725;35635.8974952698
12.9050128418183;43580.1009654999
12.9094293417642;36316.4387655258
12.9138458417101;35858.183757782
12.9182623416559;34040.439209938
12.9226788416018;42754.2823553085
12.9270953415477;49452.4362792969
12.9315118414935;31868.0693664551
12.9359283414394;31937.659412384
12.9403448413853;46294.8827080727
12.9447613413311;40309.3873701096
12.949177841277;33456.9897480011
12.9535943412229;42073.5731983185
12.9580108411687;29639.2728977203
12.9624273411146;31435.6105070114
12.9668438410604;32509.3361358643
12.9712603410063;31296.3887205124
12.9756768409522;40823.6533412933
12.980093340898;30412.4417572021
12.9845098408439;38445.2236385345
12.9889263407898;43037.1052074432
12.9933428407356;40807.5230331421
12.9977593406815;51451.998342514
13.0021758406274;41058.7965259552
13.0065923405732;40379.3376846313
13.0110088405191;49800.9806594849
13.015425340465;38176.5051670074
13.0198418404108;45977.8315210342
13.0242583403567;32941.4732913971
13.0286748403026;35077.8240013123
13.0330913402484;39862.8795166016
13.0375078401943;39793.0464477539
13.0419243401402;40194.090631485
13.046340840086;37364.0379619598
13.0507573400319;42601.0963363647
13.0551738399778;35408.4540367126
13.0595903399236;36382.1521453857
13.0640068398695;34596.0502815247
13.0684233398154;45619.5932064056
13.0728398397612;24177.2435493469
13.0772563397071;38185.0775680542
13.0816728396529;31035.3920135498
13.0860893395988;29460.2673835754
13.0905058395447;33206.194144249
13.0949223394905;32983.5458250046
13.0993388394364;37621.5408611298
13.1037553393823;31959.3967342377
13.1081718393281;35006.9038200378
13.112588339274;43303.3641405106
13.1170048392199;37055.2220478058
13.1214213391657;44912.2779273987
13.1258378391116;32008.3105669022
13.1302543390575;44847.3231010437
13.1346708390033;39217.7425632477
13.1390873389492;38686.2467222214
13.1435038388951;31420.8916730881
13.1479203388409;26729.4105510712
13.1523368387868;38296.8917140961
13.1567533387327;41337.9293336868
13.1611698386785;33884.072637558
13.1655863386244;39356.3301935196
13.1700028385703;35771.4166069031
13.1744193385161;39734.3328199387
13.178835838462;31575.7016916275
13.1832523384078;43964.3323459625
13.1876688383537;32098.4534263611
13.1920853382996;42179.3919553757
13.1965018382454;36915.8022947311
13.2009183381913;36281.9684677124
13.2053348381372;39694.8650569916
13.209751338083;43074.2419261932
13.2141678380289;38224.4332065582
13.2185843379748;36278.3247528076
13.2230008379206;39665.1815490723
13.2274173378665;45698.3886270523
13.2318338378124;41392.0329647064
13.2362503377582;30185.8012475967
13.2406668377041;30985.7185020447
13.24508333765;42867.6047334671
13.2494998375958;29901.9744262695
13.2539163375417;43752.052025795
13.2583328374876;44476.5148487091
13.2627493374334;34240.3812599182
13.2671658373793;43130.0786581039
13.2715823373252;48177.7430200577
13.275998837271;39806.5812072754
13.2804153372169;36696.2891654968
13.2848318371627;35399.1565885544
13.2892483371086;38455.4665679932
13.2936648370545;31208.5735559464
13.2980813370003;40367.5092897415
13.3024978369462;37769.622631073
13.3069143368921;42029.2988538742
13.3113308368379;43808.5234870911
13.3157473367838;44223.0286655426
13.3201638367297;35577.9422445297
13.3245803366755;34717.3458518982
13.3289968366214;32504.7781400681
13.3334133365673;44796.7939147949
13.3378298365131;42027.1075258255
13.342246336459;45289.8471488953
13.3466628364049;37674.0391750336
13.3510793363507;31664.4359178543
13.3554958362966;36933.7729811668
13.3599123362425;27887.2874679565
13.3643288361883;50969.146156311
13.3687453361342;44910.2924365997
13.3731618360801;35688.8579587936
13.3775783360259;35959.842300415
13.3819948359718;33571.6975536346
13.3864113359177;35034.4895381927
13.3908278358635;40837.8911247253
13.3952443358094;39935.5360622406
13.3996608357552;30069.0746297836
13.4040773357011;44627.077375412
13.408493835647;25205.7949857712
13.4129103355928;35463.1731872559
13.4173268355387;34663.6609382629
13.4217433354846;34270.8125896454
13.4261598354304;37865.3918924332
13.4305763353763;45031.6881713867
13.4349928353222;32422.6347160339
13.439409335268;30624.0400485992
13.4438258352139;40661.4785118103
13.4482423351598;43880.0842599869
13.4526588351056;37189.9139432907
13.4570753350515;39421.6425113678
13.4614918349974;42927.7737998962
13.4659083349432;34791.6146440506
13.4703248348891;28568.9747714996
13.474741334835;36946.291721344
13.4791578347808;38245.4414196014
13.4835743347267;32343.998591423
13.4879908346726;33415.2743873596
13.4924073346184;39522.7078094482
13.4968238345643;47152.1919689178
13.5012403345101;40905.2193517685
13.505656834456;38102.540266037
13.5100733344019;36664.4434127808
13.5144898343477;32645.5930585861
13.5189063342936;23731.5912847519
13.5233228342395;34610.9377784729
13.5277393341853;34817.1571311951
13.5321558341312;45744.0232448578
13.5365723340771;45255.4005765915
13.5409888340229;40383.7464027405
13.5454053339688;42258.0948638916
13.5498218339147;40815.4643039703
13.5542383338605;33912.162730217
13.5586548338064;34813.7359714508
13.5630713337523;28617.2263240814
13.5674878336981;38148.9652862549
13.571904333644;42021.9260225296
13.5763208335899;41815.4795713425
13.5807373335357;47637.4686431885
13.5851538334816;31751.8672714233
13.5895703334275;41198.5040388107
13.5939868333733;21002.8367052078
13.5984033333192;26405.6807928085
13.602819833265;39106.913310051
13.6072363332109;39108.4368886948
13.6116528331568;31883.6502513886
13.6160693331026;40043.2996101379
13.6204858330485;45280.7968616486
13.6249023329944;38925.6457014084
13.6293188329402;40578.5250415802
13.6337353328861;35704.909995079
13.638151832832;34931.4874515533
13.6425683327778;45195.4719190598
13.6469848327237;35001.4346914291
13.6514013326696;28923.34578228
13.6558178326154;43510.1276817322
13.6602343325613;42484.4099960327
13.6646508325072;35600.69627285
13.669067332453;46021.9395580292
13.6734838323989;30379.8685379028
13.6779003323448;33425.8837146759
13.6823168322906;40266.2747249603
13.6867333322365;40244.8839988709
13.6911498321824;39182.2769126892
13.6955663321282;30972.2244443893
13.6999828320741;32356.3943576813
13.7043993320199;29642.9735851288
13.7088158319658;36055.1372871399
13.7132323319117;36312.3306694031
13.7176488318575;37843.0145530701
13.7220653318034;37559.151515007
13.7264818317493;31977.1307640076
13.7308983316951;35333.3280439377
13.735314831641;24824.6581640244
13.7397313315869;33910.2013053894
13.7441478315327;33527.336517334
13.7485643314786;35675.8975505829
13.7529808314245;34871.4039640427
13.7573973313703;51747.9014396667
13.7618138313162;50200.6539478302
13.7662303312621;58218.9143218994
13.7706468312079;56612.1544485092
13.7750633311538;78601.1271438599
13.7794798310997;120149.643512726
13.7838963310455;166727.571680069
13.7883128309914;180992.152056694
13.7927293309373;196985.283143997
13.7971458308831;201951.322910309
13.801562330829;180464.893360138
13.8059788307749;182133.957155228
13.8103953307207;162044.831806183
13.8148118306666;116121.051592827
13.8192283306124;88018.1987380981
13.8236448305583;71756.5584526062
13.8280613305042;57114.9654722214
13.83247783045;54158.1015224457
13.8368943303959;45966.8264656067
13.8413108303418;38612.4618797302
13.8457273302876;33660.2462816238
13.8501438302335;50066.3946647644
13.8545603301794;33374.1946029663
13.8589768301252;43797.6172733307
13.8633933300711;33633.0091724396
13.867809830017;36378.0442085266
13.8722263299628;49400.0898323059
13.8766428299087;41843.1185646057
13.8810593298546;46079.8994398117
13.8854758298004;44998.7179050446
13.8898923297463;49881.5430030823
13.8943088296922;62842.8527936935
13.898725329638;56551.429400444
13.9031418295839;49873.129283905
13.9075583295298;61772.0161437988
13.9119748294756;65015.5469818115
13.9163913294215;64063.9553670883
13.9208078293673;67554.5679073334
13.9252243293132;59539.8406143188
13.9296408292591;49301.9976463318
13.9340573292049;50363.2441415787
13.9384738291508;46970.8609285355
13.9428903290967;49922.963684082
13.9473068290425;45332.3613491058
13.9517233289884;44031.9073181152
13.9561398289343;45016.0511360168
13.9605563288801;41395.9117355347
13.964972828826;49326.4350738525
13.9693893287719;37526.920873642
13.9738058287177;39192.3488731384
13.9782223286636;38504.9111976624
13.9826388286095;46290.5437650681
13.9870553285553;31167.9916152954
13.9914718285012;41925.5032730103
13.9958883284471;51034.9405431747
14.0003048283929;34941.4271030426
14.0047213283388;46826.2955818176
14.0091378282847;32784.3240203857
14.0135543282305;40069.5997037888
14.0179708281764;31068.9404888153
14.0223873281222;33399.4438037872
14.0268038280681;42289.6430482864
14.031220328014;34387.6776313782
14.0356368279598;31818.4578819275
14.0400533279057;41564.6620111465
14.0444698278516;44500.1459064484
14.0488863277974;37745.5360507965
14.0533028277433;39013.8806390762
14.0577193276892;40791.1448965073
14.062135827635;38909.3484277725
14.0665523275809;31510.0186233521
14.0709688275268;44599.7374649048
14.0753853274726;32693.162112236
14.0798018274185;43898.7423238754
14.0842183273644;40771.768096447
14.0886348273102;39723.4034547806
14.0930513272561;33116.9264783859
14.097467827202;28300.5452318192
14.1018843271478;36250.0702991486
14.1063008270937;47166.5082550049
14.1107173270396;38148.9574050903
14.1151338269854;38596.8883361816
14.1195503269313;39792.4236116409
14.1239668268772;35826.4179525375
14.128383326823;42366.5577716827
14.1327998267689;42804.3254375458
14.1372163267147;29643.3334245682
14.1416328266606;49029.1642856598
14.1460493266065;42578.5758857727
14.1504658265523;43200.7771568298
14.1548823264982;44542.9887142181
14.1592988264441;32264.1005353928
14.1637153263899;41710.3803510666
14.1681318263358;29613.0322370529
14.1725483262817;35355.7903347015
14.1769648262275;35883.3766937256
14.1813813261734;38220.0578422546
14.1857978261193;36755.4960365295
14.1902143260651;38278.3420791626
14.194630826011;46464.7090301514
14.1990473259569;36710.2272987366
14.2034638259027;30393.0745124817
14.2078803258486;46080.2904129028
14.2122968257945;40518.2188110352
14.2167133257403;41002.063334465
14.2211298256862;39439.7462844849
14.2255463256321;34603.0887279511
14.2299628255779;30817.6408882141
14.2343793255238;42784.3158493042
14.2387958254696;32478.8141098022
14.2432123254155;40640.2597846985
14.2476288253614;38726.7634086609
14.2520453253072;40059.938747406
14.2564618252531;41765.0576705933
14.260878325199;44111.7672157288
14.2652948251448;31810.3273458481
14.2697113250907;35690.6659374237
14.2741278250366;40202.0139026642
14.2785443249824;39738.2862634659
14.2829608249283;32996.902929306
14.2873773248742;27903.6886854172
14.29179382482;45468.5678930283
14.2962103247659;43473.7742462158
14.3006268247118;38799.991396904
14.3050433246576;41974.8479223251
14.3094598246035;39234.6501922607
14.3138763245494;42761.202788353
14.3182928244952;35955.7882394791
14.3227093244411;39066.8916034698
14.327125824387;42526.8393745422
14.3315423243328;31392.1510734558
14.3359588242787;33065.4817619324
14.3403753242245;41347.8919582367
14.3447918241704;38455.1927671433
14.3492083241163;36316.9778709412
14.3536248240621;45198.5345306396
14.358041324008;31671.0592193604
14.3624578239539;36576.1509151459
14.3668743238997;33103.2611465454
14.3712908238456;39659.2572107315
14.3757073237915;35383.87449646
14.3801238237373;38712.2843952179
14.3845403236832;36329.0967588425
14.3889568236291;35292.3569602966
14.3933733235749;39469.1153383255
14.3977898235208;36754.5350666046
14.4022063234667;34993.0930995941
14.4066228234125;36458.619433403
14.4110393233584;39544.0088577271
14.4154558233043;27364.0783939362
14.4198723232501;38717.8547077179
14.424288823196;40017.1169624329
14.4287053231419;38725.4358463287
14.4331218230877;35087.3456134796
14.4375383230336;31927.0447769165
14.4419548229795;36626.4258480072
14.4463713229253;37435.6257314682
14.4507878228712;39695.1125240326
14.455204322817;35808.2827672958
14.4596208227629;40831.3495950699
14.4640373227088;30034.5296058655
14.4684538226546;36225.6504278183
14.4728703226005;38175.1410932541
14.4772868225464;40142.1909484863
14.4817033224922;46021.9578170776
14.4861198224381;36772.0951728821
14.490536322384;31753.0534610748
14.4949528223298;48751.7363805771
14.4993693222757;32875.163687706
14.5037858222216;39849.8115406036
14.5082023221674;30753.2801647186
14.5126188221133;34456.9176826477
14.5170353220592;33293.4716415405
14.521451822005;36439.0904512405
14.5258683219509;45776.7534303665
14.5302848218968;27907.2586307526
14.5347013218426;38025.7815513611
14.5391178217885;41738.3453817368
14.5435343217344;29658.4534549713
14.5479508216802;40228.9590911865
14.5523673216261;29205.7316074371
14.5567838215719;36864.7444372177
14.5612003215178;41960.102481842
14.5656168214637;27995.8516368866
14.5700333214095;44005.5995941162
14.5744498213554;36751.3018455505
14.5788663213013;42267.8068618774
14.5832828212471;38617.1775817871
14.587699321193;28496.3285398483
14.5921158211389;42639.7720336914
14.5965323210847;31173.1855792999
14.6009488210306;40719.0332012177
14.6053653209765;31608.0867767334
14.6097818209223;44908.997756958
14.6141983208682;36087.6071596146
14.6186148208141;33948.9785900116
14.6230313207599;43816.079410553
14.6274478207058;44235.9752082825
14.6318643206517;37995.2851819992
14.6362808205975;37417.282497406
14.6406973205434;37459.1379127502
14.6451138204893;32115.4495601654
14.6495303204351;38038.9616317749
14.653946820381;32167.1354789734
14.6583633203268;42998.6062326431
14.6627798202727;40110.8298196793
14.6671963202186;39898.6382389069
14.6716128201644;41903.076010704
14.6760293201103;35873.4611663818
14.6804458200562;46459.5660858154
14.684862320002;32885.5690002441
14.6892788199479;39347.6056003571
14.6936953198938;38186.682510376
14.6981118198396;36243.3800888062
14.7025283197855;39990.2845211029
14.7069448197314;45180.5112991333
14.7113613196772;34989.5518245697
14.7157778196231;38776.8868341446
14.720194319569;36200.1702442169
14.7246108195148;44116.0811834335
14.7290273194607;30804.3280572891
14.7334438194066;44099.6791820526
14.7378603193524;41748.2064476013
14.7422768192983;36798.4909152985
14.7466933192442;34796.2205429077
14.75110981919;32287.5022888184
14.7555263191359;40914.3868484497
14.7599428190818;44671.593126297
14.7643593190276;36080.8065786362
14.7687758189735;52666.9243078232
14.7731923189193;36403.5430669785
14.7776088188652;38521.9681682587
14.7820253188111;39037.3724126816
14.7864418187569;36659.7628383636
14.7908583187028;37447.6804294586
14.7952748186487;41054.6852035522
14.7996913185945;31143.6205978394
14.8041078185404;36441.8603038788
14.8085243184863;23959.960226059
14.8129408184321;27522.5302753448
14.817357318378;39589.9814939499
14.8217738183239;38281.4426326752
14.8261903182697;47265.9010467529
14.8306068182156;40046.1934089661
14.8350233181615;40671.3507585526
14.8394398181073;33212.8347883224
14.8438563180532;39836.3566265106
14.8482728179991;30366.2560939789
14.8526893179449;36437.9729881287
14.8571058178908;36251.1629667282
14.8615223178367;38740.8620100021
14.8659388177825;30458.0851812363
14.8703553177284;38526.9565458298
14.8747718176742;31972.7843132019
14.8791883176201;28971.2842473984
14.883604817566;26351.0776500702
14.8880213175118;35446.3914394379
14.8924378174577;43755.5492191315
14.8968543174036;55206.9315166473
14.9012708173494;28250.1214227676
14.9056873172953;37512.3967895508
14.9101038172412;33226.2548141479
14.914520317187;40373.623374939
14.9189368171329;36431.3663749695
14.9233533170788;35006.8526334763
14.9277698170246;46829.0464630127
14.9321863169705;37681.2494544983
14.9366028169164;40881.8672828674
14.9410193168622;36893.4150543213
14.9454358168081;53715.9293556213
14.949852316754;35222.2042140961
14.9542688166998;39788.6204175949
14.9586853166457;46912.8001651764
14.9631018165916;35688.3037796021
14.9675183165374;38145.1321601868
14.9719348164833;37810.3866882324
14.9763513164291;41969.8502435684
14.980767816375;35240.8225765228
14.9851843163209;42444.4782800674
14.9896008162667;33501.8492517471
14.9940173162126;36731.1739416122
14.9984338161585;34323.8510255814
15.0028503161043;40055.3037338257
15.0072668160502;37788.4330148697
15.0116833159961;38999.7523136139
15.0160998159419;41837.6792888641
15.0205163158878;36238.3629188538
15.0249328158337;34095.7529506683
15.0293493157795;42482.2562561035
15.0337658157254;46458.3547897339
15.0381823156713;31153.2679405212
15.0425988156171;49914.4473609924
15.047015315563;43035.4191551209
15.0514318155089;40224.1390018463
15.0558483154547;32505.5932884216
15.0602648154006;42370.8499469757
15.0646813153465;47131.2804079056
15.0690978152923;54917.6403532028
15.0735143152382;54249.8246421814
15.0779308151841;53266.6333656311
15.0823473151299;60868.8165845871
15.0867638150758;59254.5300216675
15.0911803150216;52166.7262525558
15.0955968149675;62605.3318443298
15.1000133149134;58558.5483493805
15.1044298148592;49169.4917545319
15.1088463148051;51696.2400035858
15.113262814751;46139.7955417633
15.1176793146968;38465.0162601471
15.1220958146427;34163.2370643616
15.1265123145886;37024.5579805374
15.1309288145344;31536.620100975
15.1353453144803;44820.5469198227
15.1397618144262;27709.6925048828
15.144178314372;37432.7870740891
15.1485948143179;32091.839925766
15.1530113142638;42876.4898500443
15.1574278142096;41671.122636795
15.1618443141555;42360.8613824844
15.1662608141014;33659.6697568893
15.1706773140472;40320.9337120056
15.1750938139931;43558.0992612839
15.179510313939;27359.1871700287
15.1839268138848;32599.541220665
15.1883433138307;46453.7481012344
15.1927598137765;43236.6899166107
15.1971763137224;42800.1204328537
15.2015928136683;41477.0751218796
15.2060093136141;43527.7352771759
15.21042581356;39053.9513778687
15.2148423135059;33523.0945501328
15.2192588134517;39319.7761001587
15.2236753133976;45098.8243894577
15.2280918133435;40750.5331001282
15.2325083132893;40418.1061592102
15.2369248132352;41635.2635173798
15.2413413131811;42256.0369224548
15.2457578131269;37834.0961589813
15.2501743130728;36688.1363248825
15.2545908130187;35344.328494072
15.2590073129645;30622.9180822372
15.2634238129104;36497.5565710068
15.2678403128563;40304.718372345
15.2722568128021;36580.1074781418
15.276673312748;36177.6966171265
15.2810898126939;41345.1481637955
15.2855063126397;42857.0757284164
15.2899228125856;30084.8533573151
15.2943393125314;36105.0601539612
15.2987558124773;30123.0245161057
15.3031723124232;30888.0258626938
15.307588812369;37093.1223907471
15.3120053123149;41218.65092659
15.3164218122608;28682.9635572433
15.3208383122066;34317.956776619
15.3252548121525;30465.8237943649
15.3296713120984;35084.8514213562
15.3340878120442;36912.5671796799
15.3385043119901;31651.9093999863
15.342920811936;31393.1151418686
15.3473373118818;24107.2466697693
15.3517538118277;35722.7675094604
15.3561703117736;40477.2093057632
15.3605868117194;37322.2876434326
15.3650033116653;39125.2500324249
15.3694198116112;30251.8710918427
15.373836311557;26938.9226980209
15.3782528115029;39466.1665153503
15.3826693114488;20861.4356956482
15.3870858113946;29144.0891599655
15.3915023113405;37828.0723457336
15.3959188112864;38129.4184055328
15.4003353112322;41675.8224449158
15.4047518111781;42551.7800397873
15.4091683111239;32059.9792251587
15.4135848110698;30043.7066297531
15.4180013110157;33700.8571968079
15.4224178109615;40355.5902967453
15.4268343109074;37659.6804246902
15.4312508108533;35451.6320533752
15.4356673107991;38983.6393280029
15.440083810745;31661.2290906906
15.4445003106909;32245.3322515488
15.4489168106367;35821.9909496307
15.4533333105826;40552.7692680359
15.4577498105285;26006.8451194763
15.4621663104743;36946.1462097168
15.4665828104202;46627.0528926849
15.4709993103661;39333.0282287598
15.4754158103119;35964.7721557617
15.4798323102578;39018.196056366
15.4842488102037;39581.8654432297
15.4886653101495;39418.9248847961
15.4930818100954;27014.2148666382
15.4974983100413;46312.3954343796
15.5019148099871;35821.8379821777
15.506331309933;46376.3420791626
15.5107478098788;33829.3654870987
15.5151643098247;33456.9806404114
15.5195808097706;34093.6383600235
15.5239973097164;33473.0099945068
15.5284138096623;38245.8329582214
15.5328303096082;40577.6165742874
15.537246809554;35834.2889842987
15.5416633094999;31630.443567276
15.5460798094458;33208.2126331329
15.5504963093916;37284.4473934174
15.5549128093375;27393.5877456665
15.5593293092834;31838.2336540222
15.5637458092292;35690.2689323425
15.5681623091751;34929.3100070953
15.572578809121;41712.6217899323
15.5769953090668;39419.9791698456
15.5814118090127;42261.9292793274
15.5858283089586;37276.8806056976
15.5902448089044;45199.4272384644
15.5946613088503;32241.3254318237
15.5990778087962;35302.6801605225
15.603494308742;36158.9351158142
15.6079108086879;38743.8380565643
15.6123273086337;31767.6152191162
15.6167438085796;34840.0608844757
15.6211603085255;39696.7148714066
15.6255768084713;31877.9870033264
15.6299933084172;44108.0608053207
15.6344098083631;33806.8895998001
15.6388263083089;36808.5641870499
15.6432428082548;29629.6481304169
15.6476593082007;30043.1294898987
15.6520758081465;54719.6742706299
15.6564923080924;48047.465379715
15.6609088080383;46844.4309368134
15.6653253079841;38082.2579221725
15.66974180793;44115.6289710999
15.6741583078759;62669.730424881
15.6785748078217;49461.9016151428
15.6829913077676;50627.0096797943
15.6874078077135;53486.237613678
15.6918243076593;47591.6820049286
15.6962408076052;56834.9037332535
15.7006573075511;51354.3049898148
15.7050738074969;41413.4074897766
15.7094903074428;43670.8835887909
15.7139068073886;40582.3144025803
15.7183233073345;37839.6341018677
15.7227398072804;39828.269525528
15.7271563072262;39980.3891429901
15.7315728071721;33955.3267440796
15.735989307118;40119.7033882141
15.7404058070638;40922.2164459229
15.7448223070097;43367.748664856
15.7492388069556;44600.4693069458
15.7536553069014;36458.1556072235
15.7580718068473;35241.5777492523
15.7624883067932;33617.5568246841
15.766904806739;35737.9457817078
15.7713213066849;44185.5504837036
15.7757378066308;28241.2750310898
15.7801543065766;34327.6518707275
15.7845708065225;45450.5087509155
15.7889873064684;32132.0622110367
15.7934038064142;49237.0464468002
15.7978203063601;36976.384727478
15.802236806306;45033.6582098007
15.8066533062518;35801.147600174
15.8110698061977;37100.0640659332
15.8154863061436;33095.5989198685
15.8199028060894;32429.2125844955
15.8243193060353;34851.5478458405
15.8287358059811;30293.1664161682
15.833152305927;32138.6959552765
15.8375688058729;36989.2777042389
15.8419853058187;30622.3613424301
15.8464018057646;30372.7268829346
15.8508183057105;36251.5774888992
15.8552348056563;33169.2332878113
15.8596513056022;36617.9118995667
15.8640678055481;30822.4220962524
15.8684843054939;39215.8754482269
15.8729008054398;36424.634262085
15.8773173053857;34532.0003576279
15.8817338053315;36694.3165998459
15.8861503052774;36208.5697088242
15.8905668052233;30730.618719101
15.8949833051691;43489.7782783508
15.899399805115;33453.1504650116
15.9038163050609;31091.075003624
15.9082328050067;40846.6103458405
15.9126493049526;30939.0651550293
15.9170658048985;39557.8325424194
15.9214823048443;42155.8064155579
15.9258988047902;34245.6158943176
15.930315304736;28663.8883428574
15.9347318046819;32071.4812297821
15.9391483046278;33252.4715270996
15.9435648045736;33392.3756551743
15.9479813045195;40990.6461772919
15.9523978044654;33732.6234073639
15.9568143044112;28030.2370700836
15.9612308043571;34469.0038013458
15.965647304303;33676.108543396
15.9700638042488;33763.7305278778
15.9744803041947;38835.7846870422
15.9788968041406;35421.6483020782
15.9833133040864;41116.0435476303
15.9877298040323;35355.5698080063
15.9921463039782;42427.5927915573
15.996562803924;41762.0574026108
16.0009793038699;34402.8597803116
16.0053958038158;35499.0818386078
16.0098123037616;28941.8834867477
16.0142288037075;35626.591255188
16.0186453036534;41680.9839820862
16.0230618035992;39559.2793292999
16.0274783035451;42724.9633407593
16.031894803491;32993.3125181198
16.0363113034368;38139.7339687347
16.0407278033827;48636.6602611542
16.0451443033285;37696.8151254654
16.0495608032744;28580.7450914383
16.0539773032203;34677.1596250534
16.0583938031661;39395.4621658325
16.062810303112;38929.9429340363
16.0672268030579;37871.8379058838
16.0716433030037;46602.5184345245
16.0760598029496;39480.008055687
16.0804763028955;27857.3817090988
16.0848928028413;32550.0920162201
16.0893093027872;34313.6352958679
16.0937258027331;35259.311290741
16.0981423026789;36217.8702087402
16.1025588026248;29629.8923988342
16.1069753025707;44736.0524587631
16.1113918025165;31486.5427398682
16.1158083024624;30850.8347206116
16.1202248024083;31202.9385643005
16.1246413023541;40363.5004453659
16.1290578023;34200.3375806808
16.1334743022459;40238.3472890854
16.1378908021917;46194.9585676193
16.1423073021376;32762.7524681091
16.1467238020834;34450.9026842117
16.1511403020293;43825.5352468491
16.1555568019752;35133.6574821472
16.159973301921;33855.7820892334
16.1643898018669;38552.1196250916
16.1688063018128;32951.600271225
16.1732228017586;38324.3750705719
16.1776393017045;34463.0857028961
16.1820558016504;42469.2769470215
16.1864723015962;48690.6447992325
16.1908888015421;56599.7125473022
16.195305301488;66078.439125061
16.1997218014338;94557.7202110291
16.2041383013797;98707.4496126175
16.2085548013256;109194.330661774
16.2129713012714;148528.603470802
16.2173878012173;167219.553951263
16.2218043011632;163680.540133476
16.226220801109;183933.082365036
16.2306373010549;171347.915630341
16.2350538010008;162458.717486382
16.2394703009466;151618.770003319
16.2438868008925;113971.38654995
16.2483033008383;97582.9792346954
16.2527198007842;89493.9643745422
16.2571363007301;75700.9451265335
16.2615528006759;58375.0085811615
16.2659693006218;47950.878783226
16.2703858005677;43640.7960414886
16.2748023005135;41894.1541671753
16.2792188004594;46723.3881416321
16.2836353004053;34593.774450779
16.2880518003511;40611.0065155029
16.292468300297;32725.0211048126
16.2968848002429;28845.6576795578
16.3013013001887;42253.2727966309
16.3057178001346;42655.2713899612
16.3101343000805;33462.5263261795
16.3145508000263;38305.3037223816
16.3189672999722;35828.7773532867
16.3233837999181;45364.4398803711
16.3278002998639;47966.3390159607
16.3322167998098;38383.5142011642
16.3366332997557;40603.2427330017
16.3410497997015;39114.4626655579
16.3454662996474;41074.6068668365
16.3498827995932;35553.6046257019
16.3542992995391;41308.2485694885
16.358715799485;30432.5552101135
16.3631322994308;40051.2617225647
16.3675487993767;41953.3925228119
16.3719652993226;47358.0756912231
16.3763817992684;36525.6732664108
16.3807982992143;28321.8498439789
16.3852147991602;38967.9169692993
16.389631299106;39172.863451004
16.3940477990519;40962.7581863403
16.3984642989978;31301.9146614075
16.4028807989436;33981.4844589233
16.4072972988895;36474.1049051285
16.4117137988354;42350.1937894821
16.4161302987812;47487.8424415588
16.4205467987271;37164.2507266998
16.424963298673;36762.5083503723
16.4293797986188;37297.074303627
16.4337962985647;42107.3959379196
16.4382127985106;52026.2383651733
16.4426292984564;71523.7729930878
16.4470457984023;102284.294787407
16.4514622983482;181400.318229675
16.455878798294;317331.157316208
16.4602952982399;545171.054842949
16.4647117981857;850883.009250641
16.4691282981316;1391271.01283455
16.4735447980775;2002029.64723015
16.4779612980233;2782135.97824287
16.4823777979692;3339705.66794014
16.4867942979151;3658593.5521431
16.4912107978609;3855306.05298901
16.4956272978068;3969416.80403709
16.5000437977527;3676147.98493195
16.5044602976985;3371839.65513134
16.5088767976444;2568909.67461967
16.5132932975903;2004503.05094147
16.5177097975361;1595225.71498394
16.522126297482;1080668.59105492
16.5265427974279;772148.274954319
16.5309592973737;552331.548616409
16.5353757973196;407676.831065178
16.5397922972655;294974.644305229
16.5442087972113;224941.395755768
16.5486252971572;193907.146144867
16.5530417971031;179810.113594055
16.5574582970489;153635.938070297
16.5618747969948;112122.511633396
16.5662912969406;103213.617612839
16.5707077968865;98933.270280838
16.5751242968324;82891.8389420509
16.5795407967782;77940.2076501846
16.5839572967241;76375.6906166077
16.58837379667;70119.2793617249
16.5927902966158;69868.8236427307
16.5972067965617;66178.2750387192
16.6016232965076;68087.5538368225
16.6060397964534;57081.7795810699
16.6104562963993;56934.3503770828
16.6148727963452;67384.3213090897
16.619289296291;65302.4539909363
16.6237057962369;60798.0839538574
16.6281222961828;68956.8313264847
16.6325387961286;66239.8525075912
16.6369552960745;61609.5534362793
16.6413717960204;62830.9052438736
16.6457882959662;64016.3914575577
16.6502047959121;59387.2719211578
16.654621295858;55663.0358181
16.6590377958038;51147.2205657959
16.6634542957497;48320.9096784592
16.6678707956955;55529.2722959518
16.6722872956414;52854.2950325012
16.6767037955873;54143.5946035385
16.6811202955331;55157.5201587677
16.685536795479;51179.0768661499
16.6899532954249;44670.0250396729
16.6943697953707;51111.7391653061
16.6987862953166;38555.5651216507
16.7032027952625;46835.5637702942
16.7076192952083;45025.8190841675
16.7120357951542;43661.4452161789
16.7164522951001;55291.7169265747
16.7208687950459;54875.7482910156
16.7252852949918;47966.8676977158
16.7297017949377;53228.3841352463
16.7341182948835;41167.6475772858
16.7385347948294;42294.74243927
16.7429512947753;47756.218837738
16.7473677947211;42774.1508102417
16.751784294667;42949.2020406723
16.7562007946129;44444.6674938202
16.7606172945587;51496.261932373
16.7650337945046;45146.1262016296
16.7694502944505;49439.1015539169
16.7738667943963;47317.2187290192
16.7782832943422;50842.2893428802
16.782699794288;40242.0240020752
16.7871162942339;36935.403254509
16.7915327941798;40837.3003692627
16.7959492941256;48185.0251331329
16.8003657940715;38471.7430057526
16.8047822940174;43000.6181182861
16.8091987939632;47766.1739330292
16.8136152939091;41428.822930336
16.818031793855;38649.4072990417
16.8224482938008;30818.9562892914
16.8268647937467;46933.0999660492
16.8312812936926;45473.4437408447
16.8356977936384;42514.8926706314
16.8401142935843;44393.7316398621
16.8445307935302;37772.6701974869
16.848947293476;48768.4627304077
16.8533637934219;46610.3934001923
16.8577802933678;37296.8759250641
16.8621967933136;53548.9477386475
16.8666132932595;46374.110458374
16.8710297932054;48406.1699695587
16.8754462931512;46649.8180475235
16.8798627930971;53289.7745170593
16.8842792930429;41006.9010419846
16.8886957929888;42424.9640216827
16.8931122929347;47835.4515218735
16.8975287928805;41911.6380338669
16.9019452928264;47680.5063495636
16.9063617927723;45211.3594360352
16.9107782927181;38602.2174253464
16.915194792664;45108.457575798
16.9196112926099;45604.1192579269
16.9240277925557;34046.3811674118
16.9284442925016;44739.0044813156
16.9328607924475;50604.2318906784
16.9372772923933;43616.0669717789
16.9416937923392;45994.0673065186
16.9461102922851;39596.0652008057
16.9505267922309;35655.0221538544
16.9549432921768;43638.0599832535
16.9593597921227;36349.281419754
16.9637762920685;38588.5503425598
16.9681927920144;44342.2020902634
16.9726092919603;41083.5643072128
16.9770257919061;39320.3669605255
16.981442291852;37896.8668479919
16.9858587917978;47930.0679016113
16.9902752917437;44174.9593791962
16.9946917916896;44127.5760183334
16.9991082916354;41154.579460144
17.0035247915813;48864.0288228989
17.0079412915272;33677.0879230499
17.012357791473;33142.6739530563
17.0167742914189;40331.9009695053
17.0211907913648;48486.8555870056
17.0256072913106;47430.4203186035
17.0300237912565;46809.6923751831
17.0344402912024;44822.2494697571
17.0388567911482;38235.0032558441
17.0432732910941;48850.235496521
17.04768979104;60770.7852401733
17.0521062909858;50038.0807609558
17.0565227909317;52249.2034835815
17.0609392908776;53949.456111908
17.0653557908234;58502.0660219193
17.0697722907693;60282.837562561
17.0741887907152;62163.9990110397
17.078605290661;62072.8160638809
17.0830217906069;63610.2039117813
17.0874382905528;58709.4353818893
17.0918547904986;59290.0523099899
17.0962712904445;54770.3804121017
17.1006877903903;45657.0704345703
17.1051042903362;50159.5933866501
17.1095207902821;48927.4957485199
17.1139372902279;42042.8165130615
17.1183537901738;46752.1031837463
17.1227702901197;48644.8371353149
17.1271867900655;45228.9987297058
17.1316032900114;38773.5337791443
17.1360197899573;34878.3518447876
17.1404362899031;39277.5276632309
17.144852789849;39686.2457418442
17.1492692897949;50135.6981735229
17.1536857897407;41549.9161243439
17.1581022896866;42304.1526451111
17.1625187896325;50444.5486211777
17.1669352895783;41264.6962919235
17.1713517895242;45140.2276878357
17.1757682894701;37117.8701076508
17.1801847894159;36115.0400781631
17.1846012893618;34810.240694046
17.1890177893077;32991.5651426315
17.1934342892535;47540.3940734863
17.1978507891994;37730.2191829681
17.2022672891452;37961.3906755447
17.2066837890911;34988.526640892
17.211100289037;35368.2823953629
17.2155167889828;52864.1021347046
17.2199332889287;46270.5826749802
17.2243497888746;39492.909324646
17.2287662888204;59523.1753845215
17.2331827887663;72524.3389053345
17.2375992887122;112516.903128624
17.242015788658;153506.201259613
17.2464322886039;236338.52357769
17.2508487885498;296401.671694756
17.2552652884956;419593.552772522
17.2596817884415;538818.843004227
17.2640982883874;598159.779636383
17.2685147883332;695212.005750656
17.2729312882791;739955.056772232
17.277347788225;706821.921127319
17.2817642881708;656757.303785324
17.2861807881167;550587.950484276
17.2905972880626;472653.76653862
17.2950137880084;379857.005737305
17.2994302879543;288127.887577057
17.3038467879001;237650.122226715
17.308263287846;181619.131930351
17.3126797877919;139259.098387718
17.3170962877377;143852.923386574
17.3215127876836;157629.393336296
17.3259292876295;208334.454808235
17.3303457875753;235917.305140495
17.3347622875212;339192.744707108
17.3391787874671;464512.063365936
17.3435952874129;552081.007369041
17.3480117873588;639574.130202293
17.3524282873047;687784.553943634
17.3568447872505;722109.451366425
17.3612612871964;675546.733847618
17.3656777871423;650260.330583096
17.3700942870881;529031.980108738
17.374510787034;447778.619597435
17.3789272869799;334324.478928566
17.3833437869257;258485.784215927
17.3877602868716;184871.830394745
17.3921767868175;154260.5630126
17.3965932867633;138281.90735054
17.4010097867092;123259.10861969
17.4054262866551;102938.855478287
17.4098427866009;107019.970966339
17.4142592865468;98381.422794342
17.4186757864926;98413.179318428
17.4230922864385;83492.7618293762
17.4275087863844;85967.6952753067
17.4319252863302;90379.6951389313
17.4363417862761;76498.593167305
17.440758286222;71100.874917984
17.4451747861678;70937.2925834656
17.4495912861137;66805.8702087402
17.4540077860596;56058.2998018265
17.4584242860054;45039.7003517151
17.4628407859513;65466.2131319046
17.4672572858972;47292.830540657
17.471673785843;44924.1095867157
17.4760902857889;44967.1349067688
17.4805067857348;47455.847826004
17.4849232856806;49313.5920619965
17.4893397856265;45397.5691270828
17.4937562855724;56091.257021904
17.4981727855182;51710.8284912109
17.5025892854641;35757.9854049683
17.50700578541;44844.3600540161
17.5114222853558;50373.7324256897
17.5158387853017;35469.7366924286
17.5202552852475;40591.8377256393
17.5246717851934;49997.9285535812
17.5290882851393;51034.747467041
17.5335047850851;42509.8257741928
17.537921285031;52652.1406755447
17.5423377849769;46732.3068370819
17.5467542849227;49910.781539917
17.5511707848686;47229.5214757919
17.5555872848145;48085.0929012299
17.5600037847603;50835.6804733276
17.5644202847062;51398.4903659821
17.5688367846521;57536.1291007996
17.5732532845979;41143.6256866455
17.5776697845438;46758.8210783005
17.5820862844897;55170.8098812103
17.5865027844355;32675.9461641312
17.5909192843814;36704.9309644699
17.5953357843273;46009.3039646149
17.5997522842731;42605.9323167801
17.604168784219;46102.8340673447
17.6085852841649;40648.8968791962
17.6130017841107;41587.3313293457
17.6174182840566;43078.8497085571
17.6218347840024;47383.6054782867
17.6262512839483;55097.2779636383
17.6306677838942;40793.8826122284
17.63508428384;53920.7903709412
17.6395007837859;44601.2543258667
17.6439172837318;39291.7686109543
17.6483337836776;37321.9708747864
17.6527502836235;38554.9799251556
17.6571667835694;43389.5163612366
17.6615832835152;43437.7251424789
17.6659997834611;42503.8974056244
17.670416283407;46706.8836231232
17.6748327833528;41237.501455307
17.6792492832987;33836.5984535217
17.6836657832446;36298.5140666962
17.6880822831904;27424.1762104034
17.6924987831363;41884.9564723969
17.6969152830822;43964.0677490234
17.701331783028;39747.5820417404
17.7057482829739;40427.810133934
17.7101647829198;41528.0132827759
17.7145812828656;40557.1948432922
17.7189977828115;44655.2444572449
17.7234142827574;38734.2601604462
17.7278307827032;38559.1830501556
17.7322472826491;38010.2053718567
17.7366637825949;42872.7781181335
17.7410802825408;41434.2175540924
17.7454967824867;51067.6886501312
17.7499132824325;49065.3861808777
17.7543297823784;43031.7397069931
17.7587462823243;42587.7108287811
17.7631627822701;38934.6687030792
17.767579282216;47285.5636196136
17.7719957821619;42536.722568512
17.7764122821077;49344.6744794846
17.7808287820536;50003.2552146912
17.7852452819995;62589.0349826813
17.7896617819453;62302.2432546616
17.7940782818912;67096.0905179977
17.7984947818371;81104.0774345398
17.8029112817829;76168.5405950546
17.8073277817288;70111.2018384933
17.8117442816747;75975.277100563
17.8161607816205;64535.7707014084
17.8205772815664;75199.5397996902
17.8249937815123;55437.146478653
17.8294102814581;50006.294968605
17.833826781404;47589.1790866852
17.8382432813498;44994.0664224625
17.8426597812957;47298.3181362152
17.8470762812416;48593.7889370918
17.8514927811874;42105.2998638153
17.8559092811333;47153.7718305588
17.8603257810792;42396.1477622986
17.864742281025;40813.066075325
17.8691587809709;39678.3735256195
17.8735752809168;42534.1193237305
17.8779917808626;30892.1022405624
17.8824082808085;47217.3113613129
17.8868247807544;35495.5933456421
17.8912412807002;48045.566157341
17.8956577806461;58904.7117528915
17.900074280592;38126.3887052536
17.9044907805378;48722.2666797638
17.9089072804837;40009.8925046921
17.9133237804296;46291.2667160034
17.9177402803754;37835.7203550339
17.9221567803213;38261.0432729721
17.9265732802672;32682.7720012665
17.930989780213;42262.6063890457
17.9354062801589;45273.6055822372
17.9398227801047;31348.2137756348
17.9442392800506;33548.2951030731
17.9486557799965;39300.0293912888
17.9530722799423;36997.5936813354
17.9574887798882;46879.2036895752
17.9619052798341;43124.277428627
17.9663217797799;55061.1102046967
17.9707382797258;47129.8192243576
17.9751547796717;43063.7593822479
17.9795712796175;38871.766875267
17.9839877795634;50504.3442687988
17.9884042795093;54465.6584763527
17.9928207794551;44682.8241844177
17.997237279401;45930.5178527832
18.0016537793469;50964.0154514313
18.0060702792927;59878.6463394165
18.0104867792386;101855.805848122
18.0149032791845;169949.863494873
18.0193197791303;296684.197086334
18.0237362790762;515317.385845184
18.0281527790221;878450.501237869
18.0325692789679;1406012.041008
18.0369857789138;2087353.47921085
18.0414022788597;3193534.9990387
18.0458187788055;4109772.58264828
18.0502352787514;4956229.40433979
18.0546517786972;5651398.23782825
18.0590682786431;6027262.21779346
18.063484778589;5764554.01220703
18.0679012785348;5120984.72325897
18.0723177784807;4308058.13173866
18.0767342784266;3446044.83619976
18.0811507783724;2534900.24826336
18.0855672783183;1806721.99480343
18.0899837782642;1240407.59222603
18.09440027821;894558.031423569
18.0988167781559;645424.577151299
18.1032332781018;472228.880615234
18.1076497780476;356105.48107338
18.1120662779935;298998.630054474
18.1164827779394;229057.880907059
18.1208992778852;215278.622233391
18.1253157778311;189439.354351044
18.129732277777;162579.11518383
18.1341487777228;139509.072609901
18.1385652776687;129005.619235039
18.1429817776146;105511.328593254
18.1473982775604;91738.2446727753
18.1518147775063;110755.37671566
18.1562312774521;84988.732219696
18.160647777398;85188.4418830872
18.1650642773439;85627.8728809357
18.1694807772897;74327.5447883606
18.1738972772356;81111.101650238
18.1783137771815;66875.4586057663
18.1827302771273;86446.3683586121
18.1871467770732;63167.0714902878
18.1915632770191;61490.6742200851
18.1959797769649;66077.2158508301
18.2003962769108;67700.9231977463
18.2048127768567;62751.1305885315
18.2092292768025;55707.2478542328
18.2136457767484;62483.122013092
18.2180622766943;59873.3713378906
18.2224787766401;62599.7678899765
18.226895276586;59181.6244955063
18.2313117765319;58407.8716659546
18.2357282764777;56436.9483289719
18.2401447764236;59266.9130659103
18.2445612763695;53191.3717355728
18.2489777763153;57942.4189329147
18.2533942762612;59346.972205162
18.257810776207;64912.8155508041
18.2622272761529;51141.3433685303
18.2666437760988;64715.6801147461
18.2710602760446;58397.4005393982
18.2754767759905;57091.6665410995
18.2798932759364;58913.1910133362
18.2843097758822;61200.3139123917
18.2887262758281;59639.8144664764
18.293142775774;55873.0036220551
18.2975592757198;57069.4770698547
18.3019757756657;51578.9103107452
18.3063922756116;53090.626991272
18.3108087755574;60359.9851646423
18.3152252755033;50185.0805597305
18.3196417754492;46344.0819396973
18.324058275395;55282.4329395294
18.3284747753409;45134.2830848694
18.3328912752868;43143.0000419617
18.3373077752326;62291.4618091583
18.3417242751785;53296.8568000793
18.3461407751244;50830.1257286072
18.3505572750702;45117.2784919739
18.3549737750161;50014.082816124
18.359390274962;45914.9774723053
18.3638067749078;38729.8757543564
18.3682232748537;42469.5301656723
18.3726397747995;42720.3694801331
18.3770562747454;48299.9936141968
18.3814727746913;52107.6566295624
18.3858892746371;48860.0045719147
18.390305774583;44397.0853042603
18.3947222745289;50038.0098743439
18.3991387744747;60176.1357765198
18.4035552744206;44552.0823602676
18.4079717743665;54788.4675207138
18.4123882743123;46524.5528106689
18.4168047742582;58000.2486953735
18.4212212742041;56053.249961853
18.4256377741499;56121.410369873
18.4300542740958;41857.5722007751
18.4344707740417;52245.8861169815
18.4388872739875;45969.4401626587
18.4433037739334;41179.8113327026
18.4477202738793;45604.8590831757
18.4521367738251;52413.264040947
18.456553273771;59409.4889135361
18.4609697737169;74226.7967271805
18.4653862736627;101877.829762459
18.4698027736086;179853.276268005
18.4742192735544;273988.05156517
18.4786357735003;486823.472193718
18.4830522734462;661164.16481781
18.487468773392;966899.308382034
18.4918852733379;1227604.26405716
18.4963017732838;1507522.38835144
18.5007182732296;1602493.66100597
18.5051347731755;1622609.68789864
18.5095512731214;1610080.92017937
18.5139677730672;1355860.9044733
18.5183842730131;1170076.42006016
18.522800772959;911917.932881355
18.5272172729048;677242.67647934
18.5316337728507;475205.804099083
18.5360502727966;323985.269865513
18.5404667727424;245869.315545082
18.5448832726883;191014.782032967
18.5492997726342;149940.348478317
18.55371627258;126811.011987686
18.5581327725259;122437.045016289
18.5625492724718;98681.6372642517
18.5669657724176;88468.2963657379
18.5713822723635;82467.5457468033
18.5757987723093;77801.7501296997
18.5802152722552;69401.4072113037
18.5846317722011;64838.0822515488
18.5890482721469;80197.1835317612
18.5934647720928;62300.7250919342
18.5978812720387;65518.1278438568
18.6022977719845;65097.5950603485
18.6067142719304;51951.4479980469
18.6111307718763;67898.977812767
18.6155472718221;47677.4027481079
18.619963771768;49924.6155891418
18.6243802717139;59554.457526207
18.6287967716597;56314.8275146484
18.6332132716056;64884.277674675
18.6376297715515;54018.913646698
18.6420462714973;48347.6557617188
18.6464627714432;51000.6095142365
18.6508792713891;49804.4858326912
18.6552957713349;58050.2550811768
18.6597122712808;51746.8644857407
18.6641287712267;50719.9250569344
18.6685452711725;51300.9455442429
18.6729617711184;44079.4829444885
18.6773782710642;49222.6278047562
18.6817947710101;52863.3541488647
18.686211270956;47527.5148363113
18.6906277709018;48295.1294617653
18.6950442708477;61200.4885730743
18.6994607707936;47071.9601020813
18.7038772707394;42920.0982646942
18.7082937706853;54181.1638793945
18.7127102706312;54927.1672697067
18.717126770577;51655.3447055817
18.7215432705229;48014.1674251556
18.7259597704688;51325.0846557617
18.7303762704146;55670.6406784058
18.7347927703605;54607.5043973923
18.7392092703064;48993.4662971497
18.7436257702522;49184.9133615494
18.7480422701981;39205.8661661148
18.752458770144;40807.210808754
18.7568752700898;42995.3984975815
18.7612917700357;47221.619726181
18.7657082699816;47693.4914512634
18.7701247699274;43146.5184612274
18.7745412698733;42282.8269147873
18.7789577698192;56907.0802154541
18.783374269765;49679.4116668701
18.7877907697109;53701.6070747375
18.7922072696567;47369.8099241257
18.7966237696026;58724.389872551
18.8010402695485;37431.7323741913
18.8054567694943;39690.6422815323
18.8098732694402;50248.2160935402
18.8142897693861;50780.3283376694
18.8187062693319;48379.1974363327
18.8231227692778;44867.1580638886
18.8275392692237;47855.8613119125
18.8319557691695;46361.8855724335
18.8363722691154;46086.9266386032
18.8407887690613;46965.0210580826
18.8452052690071;46821.1649341583
18.849621768953;45499.3013143539
18.8540382688989;49937.1257534027
18.8584547688447;51769.7776231766
18.8628712687906;59592.7686042786
18.8672877687365;57456.1276159287
18.8717042686823;49899.6430692673
18.8761207686282;68587.4511127472
18.8805372685741;79721.4588155746
18.8849537685199;69572.1463031769
18.8893702684658;72368.0502510071
18.8937867684116;74847.829536438
18.8982032683575;66117.2436771393
18.9026197683034;59404.589507103
18.9070362682492;50880.7042198181
18.9114527681951;53727.8587903976
18.915869268141;46875.39727211
18.9202857680868;54353.9860210419
18.9247022680327;47713.6006288528
18.9291187679786;46890.6162643433
18.9335352679244;53734.0236063004
18.9379517678703;39431.0265464783
18.9423682678162;53414.6653270721
18.946784767762;50850.7779464722
18.9512012677079;49158.9125385284
18.9556177676538;56889.3256568909
18.9600342675996;49469.2190361023
18.9644507675455;48682.1041622162
18.9688672674914;45698.2555580139
18.9732837674372;47513.6813545227
18.9777002673831;50339.4801702499
18.982116767329;57175.7444763184
18.9865332672748;49211.2687492371
18.9909497672207;43866.9447441101
18.9953662671665;44822.972574234
18.9997827671124;44109.7066526413
19.0041992670583;42360.9031610489
19.0086157670041;47459.5768089294
19.01303226695;49587.021396637
19.0174487668959;43445.0229244232
19.0218652668417;47767.1369857788
19.0262817667876;47224.343711853
19.0306982667335;43488.4392967224
19.0351147666793;45015.8927879334
19.0395312666252;57410.5648422241
19.0439477665711;50692.0932760239
19.0483642665169;61232.4403495789
19.0527807664628;61263.7430582047
19.0571972664087;78122.2765359879
19.0616137663545;100455.307691574
19.0660302663004;97904.912651062
19.0704467662463;118252.084897995
19.0748632661921;142178.846780777
19.079279766138;134356.011379242
19.0836962660839;128458.005786896
19.0881127660297;118332.130587578
19.0925292659756;123644.222271919
19.0969457659215;109333.690443039
19.1013622658673;91596.310833931
19.1057787658132;79328.1305017471
19.110195265759;70921.0359420776
19.1146117657049;67115.2362790108
19.1190282656508;60163.2383880615
19.1234447655966;58831.6362228394
19.1278612655425;52932.4038162231
19.1322777654884;49288.245423317
19.1366942654342;44991.3961515427
19.1411107653801;43079.8861732483
19.145527265326;49275.254283905
19.1499437652718;46591.6130142212
19.1543602652177;47987.2346725464
19.1587767651636;38186.4910125732
19.1631932651094;44062.8516263962
19.1676097650553;51278.7805290222
19.1720262650012;44313.4864702225
19.176442764947;48272.7370204926
19.1808592648929;40133.185541153
19.1852757648388;38963.3352050781
19.1896922647846;45466.0647029877
19.1941087647305;41340.7841262817
19.1985252646764;44799.6239776611
19.2029417646222;42600.3254261017
19.2073582645681;45219.0184278488
19.2117747645139;41490.2137899399
19.2161912644598;40183.4607620239
19.2206077644057;38877.4258346558
19.2250242643515;42752.786898613
19.2294407642974;56187.4379291534
19.2338572642433;49769.6054172516
19.2382737641891;42725.1029548645
19.242690264135;55903.3462200165
19.2471067640809;43615.1672782898
19.2515232640267;41142.8623313904
19.2559397639726;45496.4868736267
19.2603562639185;36656.4163169861
19.2647727638643;49205.6087646484
19.2691892638102;44800.7767620087
19.2736057637561;42780.2833366394
19.2780222637019;44195.4646892548
19.2824387636478;48669.127661705
19.2868552635937;42026.3572311401
19.2912717635395;39343.7655210495
19.2956882634854;39856.6824531555
19.3001047634313;44080.0174179077
19.3045212633771;49028.3372135162
19.308937763323;46548.5642414093
19.3133542632688;39751.6481370926
19.3177707632147;40349.3757562637
19.3221872631606;41158.6343078613
19.3266037631064;37111.5569705963
19.3310202630523;54129.4573574066
19.3354367629982;36723.8993186951
19.339853262944;52873.7475748062
19.3442697628899;45127.0096931458
19.3486862628358;52788.3390340805
19.3531027627816;54017.6424779892
19.3575192627275;36174.6365299225
19.3619357626734;38310.5512285233
19.3663522626192;44197.1243162155
19.3707687625651;45184.06042099
19.375185262511;48471.9909996986
19.3796017624568;49238.9239225388
19.3840182624027;39310.3922071457
19.3884347623486;38154.031003952
19.3928512622944;46074.8199443817
19.3972677622403;48930.3403549194
19.4016842621862;43651.8693981171
19.406100762132;48763.3977127075
19.4105172620779;41939.8110933304
19.4149337620238;44511.4019460678
19.4193502619696;45610.7525234222
19.4237667619155;56347.5841159821
19.4281832618613;48999.1463193893
19.4325997618072;39555.5357198715
19.4370162617531;57002.5132637024
19.4414327616989;44202.325214386
19.4458492616448;41908.8580055237
19.4502657615907;40272.2489957809
19.4546822615365;36446.3084182739
19.4590987614824;41825.2663450241
19.4635152614283;49783.7078990936
19.4679317613741;23968.8196220398
19.47234826132;35088.1042127609
19.4767647612659;50188.3819580078
19.4811812612117;45102.4168529511
19.4855977611576;34291.4354429245
19.4900142611035;49082.4924793243
19.4944307610493;48278.6653499603
19.4988472609952;42048.4152793884
19.5032637609411;36426.8812932968
19.5076802608869;40664.9684376717
19.5120967608328;47764.4577169418
19.5165132607787;53932.281712532
19.5209297607245;49203.754076004
19.5253462606704;64496.3117761612
19.5297627606162;63409.7939434052
19.5341792605621;76762.5555992126
19.538595760508;91581.1502227783
19.5430122604538;113912.676561356
19.5474287603997;116363.706887245
19.5518452603456;119385.742267609
19.5562617602914;131299.794502258
19.5606782602373;113362.428627014
19.5650947601832;113368.431854248
19.569511260129;98381.7293548584
19.5739277600749;92800.3384923935
19.5783442600208;84259.4461088181
19.5827607599666;63810.9412975311
19.5871772599125;64326.7441186905
19.5915937598584;54579.0395622253
19.5960102598042;59177.3316888809
19.6004267597501;51548.4147233963
19.604843259696;43782.1016407013
19.6092597596418;48533.1220312119
19.6136762595877;42616.9918870926
19.6180927595336;52217.4220685959
19.6225092594794;52652.9128818512
19.6269257594253;46711.1584720612
19.6313422593711;40979.0104389191
19.635758759317;51631.5426826477
19.6401752592629;51179.596326828
19.6445917592087;39191.5539531708
19.6490082591546;36833.3732709885
19.6534247591005;45111.6589584351
19.6578412590463;40538.910569191
19.6622577589922;41942.9684362412
19.6666742589381;39255.2908978462
19.6710907588839;43786.7001771927
19.6755072588298;41384.4038000107
19.6799237587757;52127.7875070572
19.6843402587215;51831.5669202805
19.6887567586674;31962.9817848206
19.6931732586133;39700.8230772018
19.6975897585591;46919.8486804962
19.702006258505;48871.7954807281
19.7064227584509;43743.4368953705
19.7108392583967;37228.9561500549
19.7152557583426;50117.6637649536
19.7196722582885;53594.7278499603
19.7240887582343;41732.1437988281
19.7285052581802;33496.9964399338
19.7329217581261;44425.5624275208
19.7373382580719;48000.8646869659
19.7417547580178;47683.3274927139
19.7461712579636;47536.4073066711
19.7505877579095;55490.6667404175
19.7550042578554;46834.5900554657
19.7594207578012;52092.4329509735
19.7638372577471;46416.6632757187
19.768253757693;45965.4480743408
19.7726702576388;41488.6737499237
19.7770867575847;53027.9797058105
19.7815032575306;40091.9320058823
19.7859197574764;50686.2817811966
19.7903362574223;44932.3467035294
19.7947527573682;57614.2511005402
19.799169257314;31560.630156517
19.8035857572599;44145.98528862
19.8080022572058;49660.0619258881
19.8124187571516;45857.6708478928
19.8168352570975;47058.7130393982
19.8212517570434;36172.1889762878
19.8256682569892;46489.431602478
19.8300847569351;44407.0460891724
19.834501256881;44626.7021532059
19.8389177568268;44841.6857004166
19.8433342567727;48017.9460754395
19.8477507567185;47051.6937513351
19.8521672566644;45688.1427612305
19.8565837566103;38931.0423660278
19.8610002565561;53527.9257507324
19.865416756502;59952.7316627502
19.8698332564479;52825.6557531357
19.8742497563937;87386.4624786377
19.8786662563396;119146.852759361
19.8830827562855;183588.975383759
19.8874992562313;322440.560930252
19.8919157561772;463033.843751907
19.8963322561231;712019.065296173
19.9007487560689;923729.374135971
19.9051652560148;1010865.73693466
19.9095817559607;1191210.47645283
19.9139982559065;1132301.1565237
19.9184147558524;1061423.67517185
19.9228312557983;880006.98144722
19.9272477557441;764283.091957092
19.93166425569;589032.71410656
19.9360807556359;406541.989555359
19.9404972555817;313887.435688019
19.9449137555276;215319.098292351
19.9493302554734;149020.802816391
19.9537467554193;123563.276826859
19.9581632553652;104681.144356728
19.962579755311;96738.5534381866
19.9669962552569;74195.3768949509
19.9714127552028;72759.8283824921
19.9758292551486;64864.9338645935
19.9802457550945;74528.5366106033
19.9846622550404;70037.7917757034
19.9890787549862;67040.2347049713
19.9934952549321;70662.6801404953
19.997911754878;60255.4213142395
20.0023282548238;51286.4880409241
20.0067447547697;50367.1076002121
20.0111612547156;54104.8171539307
20.0155777546614;56013.3885154724
20.0199942546073;54988.9350175858
20.0244107545532;44910.3322601318
20.028827254499;59833.8394546509
20.0332437544449;52551.507651329
20.0376602543908;57283.9656906128
20.0420767543366;51880.816195488
20.0464932542825;66014.1288919449
20.0509097542284;48462.6613721848
20.0553262541742;56783.4351549149
20.0597427541201;59501.8714885712
20.0641592540659;61483.0451698303
20.0685757540118;60507.62541008
20.0729922539577;59067.7313690186
20.0774087539035;60729.4771814346
20.0818252538494;59642.2555198669
20.0862417537953;67566.5713157654
20.0906582537411;72742.4792556763
20.095074753687;49024.8579673767
20.0994912536329;67209.5552787781
20.1039077535787;57240.5220956802
20.1083242535246;73487.8301620483
20.1127407534705;70014.2942285538
20.1171572534163;56826.5156803131
20.1215737533622;63945.9014015198
20.1259902533081;60899.7821407318
20.1304067532539;59200.4367485046
20.1348232531998;59962.6751432419
20.1392397531457;55711.0475149155
20.1436562530915;59494.2176914215
20.1480727530374;45103.3611736298
20.1524892529833;56273.3080682755
20.1569057529291;59425.3370847702
20.161322252875;43779.6048307419
20.1657387528208;48499.0599317551
20.1701552527667;51052.3912391663
20.1745717527126;54939.867275238
20.1789882526584;39506.5881996155
20.1834047526043;62483.1422147751
20.1878212525502;55486.9177150726
20.192237752496;47085.7013149261
20.1966542524419;51620.541138649
20.2010707523878;52659.4471950531
20.2054872523336;45010.0500020981
20.2099037522795;50579.1533203125
20.2143202522254;47934.5166931152
20.2187367521712;49756.4307365417
20.2231532521171;54210.6607179642
20.227569752063;70980.5206031799
20.2319862520088;109115.566768646
20.2364027519547;182552.030410767
20.2408192519006;294473.312623978
20.2452357518464;551238.072054863
20.2496522517923;918628.705191612
20.2540687517382;1512788.83857155
20.258485251684;2350596.00769234
20.2629017516299;3204478.41513634
20.2673182515757;3969789.17823792
20.2717347515216;4613958.71464157
20.2761512514675;4760843.1466732
20.2805677514133;4475653.9007988
20.2849842513592;3989250.93030834
20.2894007513051;3209522.873559
20.2938172512509;2357477.00395203
20.2982337511968;1768025.12516117
20.3026502511427;1219400.99791241
20.3070667510885;828630.020993233
20.3114832510344;583254.648873329
20.3158997509803;428841.910749435
20.3203162509261;322602.14317894
20.324732750872;280524.239307404
20.3291492508179;262770.525840759
20.3335657507637;191025.992465019
20.3379822507096;166714.783220291
20.3423987506555;161215.40002346
20.3468152506013;133358.206106186
20.3512317505472;138169.942838669
20.3556482504931;116601.338900566
20.3600647504389;116392.193552017
20.3644812503848;111347.493022442
20.3688977503307;104618.766529083
20.3733142502765;88301.170042038
20.3777307502224;100332.522216797
20.3821472501682;93742.9791398048
20.3865637501141;104436.982312202
20.39098025006;113405.086479187
20.3953967500058;89986.04845047
20.3998132499517;101550.329727173
20.4042297498976;96177.7815170288
20.4086462498434;96395.5044326782
20.4130627497893;97538.883893013
20.4174792497352;69878.3338632584
20.421895749681;77455.8217496872
20.4263122496269;91351.6907672882
20.4307287495728;103756.245033264
20.4351452495186;143602.080904961
20.4395617494645;213198.162160873
20.4439782494104;350336.029743195
20.4483947493562;616162.48653698
20.4528112493021;1033140.31800747
20.457227749248;1665829.52344036
20.4616442491938;2385132.44251251
20.4660607491397;3091375.60632133
20.4704772490856;3796609.65746117
20.4748937490314;4280745.98703861
20.4793102489773;4477928.18098068
20.4837267489231;4321761.14478111
20.488143248869;3771650.12350082
20.4925597488149;3159866.10557175
20.4969762487607;2329777.08364487
20.5013927487066;1669250.00814247
20.5058092486525;1204040.00915432
20.5102257485983;775505.769525528
20.5146422485442;567533.253051758
20.5190587484901;374904.249339104
20.5234752484359;281250.168226242
20.5278917483818;249312.993916512
20.5323082483277;182920.883496284
20.5367247482735;151521.645381927
20.5411412482194;144484.2850523
20.5455577481653;128764.481533051
20.5499742481111;125322.877486229
20.554390748057;95993.6770811081
20.5588072480029;121916.160721779
20.5632237479487;83585.6968669891
20.5676402478946;109349.159225464
20.5720567478405;102403.857551575
20.5764732477863;85308.1503887177
20.5808897477322;94640.2319068909
20.585306247678;83218.7132863998
20.5897227476239;86532.9571495056
20.5941392475698;84842.3519420624
20.5985557475156;67773.9423274994
20.6029722474615;82035.4644680023
20.6073887474074;83671.7909412384
20.6118052473532;76412.3620529175
20.6162217472991;81006.0449113846
20.620638247245;71427.5685930252
20.6250547471908;64914.1621046066
20.6294712471367;80528.6179418564
20.6338877470826;77415.7306289673
20.6383042470284;55961.6434421539
20.6427207469743;80321.8653202057
20.6471372469202;73319.865228653
20.651553746866;82084.2518806458
20.6559702468119;75258.6077785492
20.6603867467578;79021.1461257935
20.6648032467036;83293.0597381592
20.6692197466495;77671.2771253586
20.6736362465954;67512.8373641968
20.6780527465412;71603.1884183884
20.6824692464871;63972.5115718842
20.6868857464329;57604.8342533112
20.6913022463788;65208.789773941
20.6957187463247;67984.0426158905
20.7001352462705;59047.287399292
20.7045517462164;54751.6622152328
20.7089682461623;62444.4361925125
20.7133847461081;57051.7102851868
20.717801246054;63872.4541759491
20.7222177459999;52317.5655584335
20.7266342459457;58913.0289936066
20.7310507458916;55530.322933197
20.7354672458375;50238.7761173248
20.7398837457833;63533.6777029037
20.7443002457292;57402.2281303406
20.7487167456751;63538.9295101166
20.7531332456209;56293.2707929611
20.7575497455668;57711.9881401062
20.7619662455127;56302.9250135422
20.7663827454585;50317.8929443359
20.7707992454044;57077.3196687698
20.7752157453503;43688.4814567566
20.7796322452961;53300.9727506638
20.784048745242;64105.5876140594
20.7884652451879;49842.6257696152
20.7928817451337;56290.5606722832
20.7972982450796;61653.1092786789
20.8017147450254;58688.769947052
20.8061312449713;59552.3205833435
20.8105477449172;53246.3262109756
20.814964244863;65461.8769817352
20.8193807448089;56141.8940143585
20.8237972447548;58198.9243927002
20.8282137447006;56333.9769287109
20.8326302446465;67123.9572591782
20.8370467445924;59197.3304901123
20.8414632445382;56653.8337955475
20.8458797444841;48993.8673400879
20.85029624443;60012.907658577
20.8547127443758;47834.7385625839
20.8591292443217;57097.2085647583
20.8635457442676;51209.6956453323
20.8679622442134;52150.9575080872
20.8723787441593;62451.800362587
20.8767952441052;58512.516875267
20.881211744051;53751.5728349686
20.8856282439969;59910.451622963
20.8900447439428;51761.6884183884
20.8944612438886;65693.1989269257
20.8988777438345;62157.7225809097
20.9032942437803;62215.8226661682
20.9077107437262;50647.3907804489
20.9121272436721;59112.1941642761
20.9165437436179;62760.8209438324
20.9209602435638;52316.4376411438
20.9253767435097;53424.7471675873
20.9297932434555;63681.9864044189
20.9342097434014;57115.3712186813
20.9386262433473;50504.3754348755
20.9430427432931;55869.5089759827
20.947459243239;62842.2460765839
20.9518757431849;55972.7553195953
20.9562922431307;53611.1169071198
20.9607087430766;61947.1800327301
20.9651252430225;52304.6470165253
20.9695417429683;62064.9263954163
20.9739582429142;63243.4536552429
20.9783747428601;76457.0307016373
20.9827912428059;78679.7696037292
20.9872077427518;74465.9426212311
20.9916242426977;73839.462887764
20.9960407426435;77047.3779010773
21.0004572425894;59920.0407562256
21.0048737425352;63473.7286663055
21.0092902424811;66906.6685066223
21.013706742427;58959.3985862732
21.0181232423728;65484.1513061523
21.0225397423187;65196.4793863297
21.0269562422646;61476.1545438766
21.0313727422104;58925.13671875
21.0357892421563;56277.1290416718
21.0402057421022;57563.1591367722
21.044622242048;58658.307100296
21.0490387419939;52078.6066007614
21.0534552419398;46219.7692480087
21.0578717418856;49259.3246059418
21.0622882418315;74089.193397522
21.0667047417774;58883.819065094
21.0711212417232;65407.3954982758
21.0755377416691;54814.165517807
21.079954241615;58077.5124959946
21.0843707415608;46108.0943479538
21.0887872415067;61016.2270965576
21.0932037414526;45164.5260238647
21.0976202413984;58348.6717739105
21.1020367413443;62269.7285728455
21.1064532412902;52726.1960172653
21.110869741236;65695.7294998169
21.1152862411819;59151.273557663
21.1197027411277;56938.9295406342
21.1241192410736;57038.2404308319
21.1285357410195;52784.5508384705
21.1329522409653;55574.0344209671
21.1373687409112;50176.6599035263
21.1417852408571;55248.195681572
21.1462017408029;49871.5410175323
21.1506182407488;44550.9332141876
21.1550347406947;56070.5293464661
21.1594512406405;51440.0029773712
21.1638677405864;56924.956653595
21.1682842405323;68808.2760591507
21.1727007404781;70821.4318780899
21.177117240424;60726.5678215027
21.1815337403699;66418.362074852
21.1859502403157;67461.9421253204
21.1903667402616;61234.9580698013
21.1947832402075;63246.597032547
21.1991997401533;61665.1054325104
21.2036162400992;64589.9455165863
21.2080327400451;65469.4761161804
21.2124492399909;51377.6205816269
21.2168657399368;54198.0516586304
21.2212822398826;60069.9829063416
21.2256987398285;45265.8964653015
21.2301152397744;48125.3119878769
21.2345317397202;68531.9794607162
21.2389482396661;50447.0520381927
21.243364739612;52638.4394159317
21.2477812395578;54409.176030159
21.2521977395037;66487.5882434845
21.2566142394496;48931.132768631
21.2610307393954;61646.8050842285
21.2654472393413;48868.0551719666
21.2698637392872;49975.4085197449
21.274280239233;49577.5963983536
21.2786967391789;56740.2259912491
21.2831132391248;63812.9354953766
21.2875297390706;53316.0409269333
21.2919462390165;54394.5690507889
21.2963627389624;60358.6217908859
21.3007792389082;49453.300365448
21.3051957388541;54479.0048484802
21.3096122388;62879.4349632263
21.3140287387458;53570.947010994
21.3184452386917;62378.376578331
21.3228617386375;56931.3091950417
21.3272782385834;49646.6139144897
21.3316947385293;65660.7656173706
21.3361112384751;74201.073135376
21.340527738421;77020.2330961227
21.3449442383669;126808.758448601
21.3493607383127;221803.416053772
21.3537772382586;397756.575390816
21.3581937382045;692197.458759308
21.3626102381503;1151359.54789734
21.3670267380962;1943584.44061565
21.3714432380421;2950810.70147324
21.3758597379879;3905648.9973383
21.3802762379338;5007554.41874886
21.3846927378797;5699495.22817993
21.3891092378255;5897418.74831009
21.3935257377714;5552317.9024868
21.3979422377173;4665209.15795898
21.4023587376631;3806021.94229126
21.406775237609;2849159.4939518
21.4111917375549;2076005.04220581
21.4156082375007;1396340.76479721
21.4200247374466;978272.166264534
21.4244412373925;706270.884214401
21.4288577373383;519101.880112648
21.4332742372842;398772.445859909
21.43769073723;324885.490065575
21.4421072371759;264597.179623604
21.4465237371218;217570.874755859
21.4509402370676;217211.787913322
21.4553567370135;196229.733940125
21.4597732369594;159108.837563515
21.4641897369052;162390.147352219
21.4686062368511;147483.572493553
21.473022736797;143870.912558556
21.4774392367428;113119.000555992
21.4818557366887;108259.394135475
21.4862722366346;119037.646765709
21.4906887365804;95009.8894538879
21.4951052365263;110805.523994446
21.4995217364722;82362.6719417572
21.503938236418;80159.4801883698
21.5083547363639;74085.5568990707
21.5127712363098;105405.145742416
21.5171877362556;86267.8434925079
21.5216042362015;78801.3096084595
21.5260207361474;96383.1254529953
21.5304372360932;103062.514900208
21.5348537360391;90031.1004180908
21.5392702359849;78075.3525714874
21.5436867359308;74382.1131753922
21.5481032358767;76368.1337013245
21.5525197358225;82698.8710374832
21.5569362357684;84838.7325744629
21.5613527357143;75097.3396577835
21.5657692356601;76137.9197006226
21.570185735606;73423.9619522095
21.5746022355519;72872.4761791229
21.5790187354977;76594.1806249619
21.5834352354436;70490.0491094589
21.5878517353895;78367.0489959717
21.5922682353353;80660.6420974731
21.5966847352812;84797.8996391296
21.6011012352271;74746.8361320496
21.6055177351729;66041.3023023605
21.6099342351188;76722.8354978561
21.6143507350647;81559.2676353455
21.6187672350105;71337.2629919052
21.6231837349564;65332.7730398178
21.6276002349023;70009.4546070099
21.6320167348481;66872.6109266281
21.636433234794;63785.6298236847
21.6408497347398;58798.2993545532
21.6452662346857;70391.3121347427
21.6496827346316;60899.0339403152
21.6540992345774;70763.2239809036
21.6585157345233;62477.9603967667
21.6629322344692;71924.0104598999
21.667348734415;66739.8271684647
21.6717652343609;67020.9972896576
21.6761817343068;66632.4131202698
21.6805982342526;56809.4996299744
21.6850147341985;60368.6496982574
21.6894312341444;63248.066110611
21.6938477340902;66405.1810216904
21.6982642340361;71486.1147594452
21.702680733982;57088.4113407135
21.7070972339278;63741.3988113403
21.7115137338737;59075.5678081512
21.7159302338196;70015.3615465164
21.7203467337654;68818.7173881531
21.7247632337113;61726.3150529861
21.7291797336572;50611.5797138214
21.733596233603;62264.5677747726
21.7380127335489;49797.9735021591
21.7424292334948;64998.107665062
21.7468457334406;62838.1503334045
21.7512622333865;69536.3671035767
21.7556787333323;59540.7173757553
21.7600952332782;55879.0896577835
21.7645117332241;70852.5917396545
21.7689282331699;57051.7246341705
21.7733447331158;61033.9030046463
21.7777612330617;56703.3985691071
21.7821777330075;58161.13422966
21.7865942329534;53224.5197505951
21.7910107328993;68543.9511966705
21.7954272328451;62216.6744995117
21.799843732791;58422.8927459717
21.8042602327369;57506.3506088257
21.8086767326827;68989.1885948181
21.8130932326286;52094.5572195053
21.8175097325745;73499.8121051788
21.8219262325203;60720.9868879318
21.8263427324662;59117.9846801758
21.8307592324121;60509.6339693069
21.8351757323579;50337.9985408783
21.8395922323038;45827.5447177887
21.8440087322497;48139.7140598297
21.8484252321955;62836.5124416351
21.8528417321414;68191.2401723862
21.8572582320872;54727.0238771439
21.8616747320331;55233.9662103653
21.866091231979;60586.5455160141
21.8705077319248;63056.9660186768
21.8749242318707;67410.050163269
21.8793407318166;71790.1043691635
21.8837572317624;60864.4620599747
21.8881737317083;52376.9562206268
21.8925902316542;58276.9664268494
21.8970067316;48206.1620092392
21.9014232315459;64167.6454572678
21.9058397314918;58845.9055509567
21.9102562314376;63029.000872612
21.9146727313835;59501.1223373413
21.9190892313294;60345.4120225906
21.9235057312752;61335.7574691772
21.9279222312211;51266.6971035004
21.932338731167;57138.2068834305
21.9367552311128;66631.6442489624
21.9411717310587;70223.0361776352
21.9455882310046;76269.7289228439
21.9500047309504;64044.5867853165
21.9544212308963;60155.1944103241
21.9588377308421;59963.118183136
21.963254230788;50672.593296051
21.9676707307339;60363.6117658615
21.9720872306797;62446.3157157898
21.9765037306256;55892.0822877884
21.9809202305715;61420.127166748
21.9853367305173;55789.3161344528
21.9897532304632;58537.2634935379
21.9941697304091;62948.4366397858
21.9985862303549;54858.4912052155
22.0030027303008;47244.978386879
22.0074192302467;72258.4931087494
22.0118357301925;53877.2284631729
22.0162522301384;71494.9558429718
22.0206687300843;49313.0370044708
22.0250852300301;62480.9673337936
22.029501729976;65615.0882854462
22.0339182299219;54213.0276603699
22.0383347298677;60037.65645504
22.0427512298136;60607.7331466675
22.0471677297595;57290.0415039063
22.0515842297053;67541.999502182
22.0560007296512;51454.3700790405
22.0604172295971;63842.1244764328
22.0648337295429;68976.6038064957
22.0692502294888;55107.5755739212
22.0736667294346;57269.3206439018
22.0780832293805;59829.1263246536
22.0824997293264;49662.7858829498
22.0869162292722;65327.6957130432
22.0913327292181;45383.9099788666
22.095749229164;50272.8666610718
22.1001657291098;54026.354133606
22.1045822290557;71823.4623985291
22.1089987290016;68052.9109172821
22.1134152289474;69759.0579471588
22.1178317288933;77556.9899892807
22.1222482288392;93970.7429227829
22.126664728785;119486.826932907
22.1310812287309;152823.081542015
22.1354977286768;203642.911470413
22.1399142286226;238495.58420372
22.1443307285685;285255.736879349
22.1487472285144;317390.053100586
22.1531637284602;316330.131136894
22.1575802284061;303652.853547096
22.161996728352;300161.623845577
22.1664132282978;238235.641373634
22.1708297282437;207152.771602631
22.1752462281895;178350.768522263
22.1796627281354;132054.936340332
22.1840792280813;101638.973685265
22.1884957280271;94981.603345871
22.192912227973;100634.507881165
22.1973287279189;82135.8950929642
22.2017452278647;85643.9257011414
22.2061617278106;75212.6086835861
22.2105782277565;82819.1816806793
22.2149947277023;83064.2147607803
22.2194112276482;77935.8771772385
22.2238277275941;65092.7311210632
22.2282442275399;63318.4532194138
22.2326607274858;52761.913684845
22.2370772274317;65998.2194337845
22.2414937273775;67994.8764486313
22.2459102273234;62898.4642953873
22.2503267272693;66688.7723731995
22.2547432272151;53492.9040994644
22.259159727161;70902.6653938293
22.2635762271069;68373.3019227982
22.2679927270527;80800.612033844
22.2724092269986;78286.8422498703
22.2768257269444;83278.2225179672
22.2812422268903;96276.6473178864
22.2856587268362;87994.5717849731
22.290075226782;92255.8734130859
22.2944917267279;83731.7708539963
22.2989082266738;82437.2681121826
22.3033247266196;67714.5558948517
22.3077412265655;88405.703666687
22.3121577265114;72968.3971691132
22.3165742264572;69440.7224225998
22.3209907264031;62884.4950170517
22.325407226349;77820.8416528702
22.3298237262948;64049.106918335
22.3342402262407;61740.4981746674
22.3386567261866;61479.754032135
22.3430732261324;67453.6227302551
22.3474897260783;71702.6709384918
22.3519062260242;65667.325720787
22.35632272597;70975.7979202271
22.3607392259159;54982.168176651
22.3651557258618;60474.8527565002
22.3695722258076;69222.8025169373
22.3739887257535;67660.7240219116
22.3784052256994;62516.5706558228
22.3828217256452;56705.3203868866
22.3872382255911;67323.1232976913
22.3916547255369;67186.6189098358
22.3960712254828;64795.6628065109
22.4004877254287;62473.9853315353
22.4049042253745;69130.3146238327
22.4093207253204;62310.6910886765
22.4137372252663;53996.0108652115
22.4181537252121;58523.4946718216
22.422570225158;56648.2489757538
22.4269867251039;58443.1366472244
22.4314032250497;58454.0710201263
22.4358197249956;61530.7289638519
22.4402362249415;64291.4774684906
22.4446527248873;50479.1922645569
22.4490692248332;56524.2952327728
22.4534857247791;63115.3411560059
22.4579022247249;64869.0471973419
22.4623187246708;69289.4246006012
22.4667352246167;45907.090927124
22.4711517245625;53220.5782546997
22.4755682245084;56651.5818862915
22.4799847244543;48419.265337944
22.4844012244001;59415.7124176025
22.488817724346;57010.0414733887
22.4932342242918;58603.5379905701
22.4976507242377;61602.6738538742
22.5020672241836;79697.5829820633
22.5064837241294;63468.3119688034
22.5109002240753;66951.8104972839
22.5153167240212;65779.7832164764
22.519733223967;76756.9460582733
22.5241497239129;68869.8226833344
22.5285662238588;69014.9010820389
22.5329827238046;70962.836016655
22.5373992237505;64743.0906066895
22.5418157236964;72958.6183776855
22.5462322236422;73307.1234636307
22.5506487235881;72795.0016403198
22.555065223534;65996.1004943848
22.5594817234798;75282.3554077148
22.5638982234257;75635.2995262146
22.5683147233716;58894.1092653275
22.5727312233174;70483.8149013519
22.5771477232633;58465.9375457764
22.5815642232092;71751.6940469742
22.585980723155;107274.775385857
22.5903972231009;181985.320822716
22.5948137230467;360615.298789024
22.5992302229926;655881.761681557
22.6036467229385;1262163.05486393
22.6080632228843;2058136.33888721
22.6124797228302;3003107.30025673
22.6168962227761;4173494.16400909
22.6213127227219;5211350.35655499
22.6257292226678;6002270.13404465
22.6301457226137;6293986.23422909
22.6345622225595;6070692.76134491
22.6389787225054;5408469.2722044
22.6433952224513;4418014.09335232
22.6478117223971;3363842.61758995
22.652228222343;2435700.6618042
22.6566447222889;1685023.73979473
22.6610612222347;1182518.03482246
22.6654777221806;903138.193715096
22.6698942221265;677680.988192558
22.6743107220723;503382.390300751
22.6787272220182;390018.32418251
22.6831437219641;345335.251411438
22.6875602219099;315575.827334404
22.6919767218558;240782.698040009
22.6963932218017;219727.113826752
22.7008097217475;220511.923407555
22.7052262216934;180553.400402069
22.7096427216392;188008.16742897
22.7140592215851;167104.637080193
22.718475721531;125329.710726738
22.7228922214768;142310.43375206
22.7273087214227;143507.695616722
22.7317252213686;120583.214279175
22.7361417213144;121232.270258904
22.7405582212603;119212.220729828
22.7449747212062;113468.391270638
22.749391221152;118974.928296089
22.7538077210979;113005.112963676
22.7582242210438;106409.15695858
22.7626407209896;98082.7643966675
22.7670572209355;90749.3966608047
22.7714737208814;108709.19892025
22.7758902208272;83777.7857122421
22.7803067207731;97858.8691740036
22.784723220719;94095.8168439865
22.7891397206648;85492.5239391327
22.7935562206107;85369.7119617462
22.7979727205566;100271.350856781
22.8023892205024;94495.5838022232
22.8068057204483;83784.4742622375
22.8112222203941;66119.2665424347
22.81563872034;89760.872051239
22.8200552202859;77289.0055389404
22.8244717202317;80820.9052677155
22.8288882201776;81521.9568939209
22.8333047201235;89289.5609436035
22.8377212200693;83912.5000333786
22.8421377200152;79405.6436510086
22.8465542199611;79512.4549179077
22.8509707199069;81073.9037342072
22.8553872198528;95419.3007202148
22.8598037197987;77395.8349323273
22.8642202197445;74610.5990142822
22.8686367196904;70436.2986936569
22.8730532196363;70880.5438156128
22.8774697195821;72499.6041059494
22.881886219528;74563.9242973328
22.8863027194739;76911.1987495422
22.8907192194197;89010.2144165039
22.8951357193656;97978.6726875305
22.8995522193115;102213.238335609
22.9039687192573;109849.233422279
22.9083852192032;111713.132523537
22.912801719149;118481.304288864
22.9172182190949;134836.411108971
22.9216347190408;126014.976649284
22.9260512189866;107744.080903053
22.9304677189325;123644.336390495
22.9348842188784;122289.688144684
22.9393007188242;94316.8407077789
22.9437172187701;84180.8166351318
22.948133718716;81725.4946126938
22.9525502186618;86986.146030426
22.9569667186077;78837.7723207474
22.9613832185536;85730.7852153778
22.9657997184994;86085.3073530197
22.9702162184453;87045.8889770508
22.9746327183912;77998.4299917221
22.979049218337;79551.4032764435
22.9834657182829;69991.8203496933
22.9878822182288;80229.9394111633
22.9922987181746;80041.10384655
22.9967152181205;89454.8969488144
23.0011317180664;72630.5648860931
23.0055482180122;84028.7074117661
23.0099647179581;71065.5537872314
23.0143812179039;71912.6102781296
23.0187977178498;76580.1945981979
23.0232142177957;75273.4405260086
23.0276307177415;77157.7348232269
23.0320472176874;75822.0772190094
23.0364637176333;78389.9696512222
23.0408802175791;80231.9440803528
23.045296717525;67673.2597522736
23.0497132174709;69218.4534263611
23.0541297174167;69167.9210796356
23.0585462173626;65198.791759491
23.0629627173085;68752.8103647232
23.0673792172543;79228.8057231903
23.0717957172002;54577.9344587326
23.0762122171461;76642.0031633377
23.0806287170919;78155.1066427231
23.0850452170378;67438.7631263733
23.0894617169837;69906.7624187469
23.0938782169295;69543.60476017
23.0982947168754;69520.1947164536
23.1027112168213;59172.1446170807
23.1071277167671;68283.5300388336
23.111544216713;63992.1354904175
23.1159607166589;67477.8507423401
23.1203772166047;73221.8316802979
23.1247937165506;60441.7534952164
23.1292102164964;70871.0049381256
23.1336267164423;66553.1591777802
23.1380432163882;72021.5375890732
23.142459716334;61769.2598214149
23.1468762162799;65860.986541748
23.1512927162258;75823.1758050919
23.1557092161716;63860.4799957275
23.1601257161175;62089.2399435043
23.1645422160634;78379.4894142151
23.1689587160092;61003.0426015854
23.1733752159551;69280.748626709
23.177791715901;71090.4553585052
23.1822082158468;80570.4663352966
23.1866247157927;65976.0140857697
23.1910412157386;66295.3112268448
23.1954577156844;64690.213850975
23.1998742156303;55362.5501003265
23.2042907155762;67342.1989459991
23.208707215522;68128.3245391846
23.2131237154679;74711.7058019638
23.2175402154138;70681.3657979965
23.2219567153596;63238.9691991806
23.2263732153055;60376.2342414856
23.2307897152513;60271.0765972137
23.2352062151972;64604.6558799744
23.2396227151431;63400.3965892792
23.2440392150889;57650.3699531555
23.2484557150348;63358.4359092712
23.2528722149807;74883.6712493896
23.2572887149265;67897.0854148865
23.2617052148724;81115.4455156326
23.2661217148183;59498.4220933914
23.2705382147641;78888.018693924
23.27495471471;74188.4655170441
23.2793712146559;68482.858039856
23.2837877146017;73957.0541667938
23.2882042145476;62210.5648088455
23.2926207144935;69190.0856990814
23.2970372144393;72911.2643213272
23.3014537143852;69915.2532939911
23.3058702143311;58207.7242660522
23.3102867142769;64206.3745603561
23.3147032142228;69775.8996973038
23.3191197141687;69751.9009590149
23.3235362141145;75322.3334379196
23.3279527140604;68479.8091182709
23.3323692140062;74523.5686359406
23.3367857139521;72563.494887352
23.341202213898;94099.8200445175
23.3456187138438;134402.368703842
23.3500352137897;175438.782691002
23.3544517137356;228089.112282753
23.3588682136814;334155.655439377
23.3632847136273;429854.098608017
23.3677012135732;543819.174786568
23.372117713519;617162.263637543
23.3765342134649;698812.763487816
23.3809507134108;663421.956839561
23.3853672133566;626916.952430725
23.3897837133025;500864.484308243
23.3942002132484;447409.093666077
23.3986167131942;365521.256635666
23.4030332131401;254605.684843063
23.407449713086;204771.885490417
23.4118662130318;166949.023631096
23.4162827129777;138145.829298019
23.4206992129236;125742.696370125
23.4251157128694;114516.165574074
23.4295322128153;121335.926340103
23.4339487127612;101144.793667793
23.438365212707;94982.6039915085
23.4427817126529;100880.990515709
23.4471982125987;92655.227845192
23.4516147125446;86022.7068471909
23.4560312124905;84357.3093719482
23.4604477124363;82227.5158624649
23.4648642123822;83955.7546653748
23.4692807123281;78720.0050086975
23.4736972122739;79089.8935441971
23.4781137122198;64072.4740839005
23.4825302121657;87655.3528709412
23.4869467121115;70873.4377632141
23.4913632120574;84728.2742815018
23.4957797120033;70337.5162706375
23.5001962119491;84930.9046020508
23.504612711895;79421.5636081696
23.5090292118409;82983.525220871
23.5134457117867;90958.530670166
23.5178622117326;88621.711725235
23.5222787116785;79619.8753900528
23.5266952116243;92438.5934267044
23.5311117115702;78988.5197944641
23.5355282115161;77338.9289321899
23.5399447114619;82967.6233968735
23.5443612114078;67745.0928115845
23.5487777113536;90648.9611759186
23.5531942112995;75606.0103673935
23.5576107112454;72437.0273208618
23.5620272111912;78362.6932592392
23.5664437111371;63218.3119287491
23.570860211083;65959.5883617401
23.5752767110288;70664.8136968613
23.5796932109747;66354.0384311676
23.5841097109206;75515.6722860336
23.5885262108664;60628.5626153946
23.5929427108123;65140.0121364594
23.5973592107582;80979.0430755615
23.601775710704;84106.8388566971
23.6061922106499;59132.9022979736
23.6106087105958;82169.2200183868
23.6150252105416;77014.1974987984
23.6194417104875;83972.1385574341
23.6238582104334;81412.4434146881
23.6282747103792;61453.2416133881
23.6326912103251;72725.3857860565
23.637107710271;72637.0448627472
23.6415242102168;69861.5479698181
23.6459407101627;66475.2175750732
23.6503572101085;63384.8130264282
23.6547737100544;73910.8630371094
23.6591902100003;70566.0785512924
23.6636067099461;64610.6778669357
23.668023209892;69876.9317436218
23.6724397098379;66221.660700798
23.6768562097837;72182.5643730164
23.6812727097296;55355.5446815491
23.6856892096755;71273.5026912689
23.6901057096213;67090.6747093201
23.6945222095672;71972.2801160812
23.6989387095131;66201.5939416885
23.7033552094589;59056.3449664116
23.7077717094048;61547.9529924393
23.7121882093507;59609.5144338608
23.7166047092965;66611.9229154587
23.7210212092424;79811.6656942368
23.7254377091883;73949.5823364258
23.7298542091341;66496.4727287292
23.73427070908;79082.7607679367
23.7386872090259;66789.8849935532
23.7431037089717;74350.460190773
23.7475202089176;72924.8726348877
23.7519367088635;75151.1892204285
23.7563532088093;77467.2888221741
23.7607697087552;68040.0935440063
23.765186208701;66951.2839450836
23.7696027086469;75478.9308013916
23.7740192085928;67582.6335411072
23.7784357085386;63218.006755352
23.7828522084845;68129.2685108185
23.7872687084304;57720.8717765808
23.7916852083762;76195.8249015808
23.7961017083221;78162.3623466492
23.800518208268;63292.7261219025
23.8049347082138;78937.2985248566
23.8093512081597;73829.6270856857
23.8137677081056;68736.3884620667
23.8181842080514;78564.49061203
23.8226007079973;77211.061340332
23.8270172079432;83604.4257011414
23.831433707889;82563.485581398
23.8358502078349;81794.2452330589
23.8402667077808;78723.2792644501
23.8446832077266;69223.292801857
23.8490997076725;77295.4991474152
23.8535162076184;73013.9511184692
23.8579327075642;82504.838385582
23.8623492075101;77312.0181102753
23.8667657074559;74380.9851179123
23.8711822074018;62524.0994958878
23.8755987073477;71828.1186771393
23.8800152072935;77668.8778381348
23.8844317072394;87630.8562917709
23.8888482071853;80209.7335147858
23.8932647071311;80862.9691162109
23.897681207077;84693.1375656128
23.9020977070229;79177.4187240601
23.9065142069687;79764.3082113266
23.9109307069146;72930.9836521149
23.9153472068605;71460.9462528229
23.9197637068063;66677.7447547913
23.9241802067522;75241.4981126785
23.9285967066981;59557.8003396988
23.9330132066439;62808.8996639252
23.9374297065898;74063.6808395386
23.9418462065357;73498.0738945007
23.9462627064815;72638.5886363983
23.9506792064274;77811.6336221695
23.9550957063733;85010.4547023773
23.9595122063191;68166.912817955
23.963928706265;80536.9040164948
23.9683452062108;66736.341794014
23.9727617061567;86363.9006948471
23.9771782061026;71514.5574932098
23.9815947060484;74099.4323272705
23.9860112059943;78247.3080654144
23.9904277059402;64758.815533638
23.994844205886;73232.583814621
23.9992607058319;77415.6516876221
24.0036772057778;77182.3549613953
24.0080937057236;72700.629617691
24.0125102056695;77649.0918712616
24.0169267056154;62773.5847740173
24.0213432055612;84165.4244003296
24.0257597055071;70221.9236373901
24.030176205453;72973.4742908478
24.0345927053988;68447.5777320862
24.0390092053447;56005.7592306137
24.0434257052906;78980.1160030365
24.0478422052364;72306.8249835968
24.0522587051823;68580.5823421478
24.0566752051282;82829.5497570038
24.061091705074;77481.6896057129
24.0655082050199;77686.2642116547
24.0699247049658;85056.8440542221
24.0743412049116;83084.8762731552
24.0787577048575;71428.8432159424
24.0831742048033;89090.3556547165
24.0875907047492;68869.696513176
24.0920072046951;72229.8402309418
24.0964237046409;75502.9483785629
24.1008402045868;87427.8583030701
24.1052567045327;79455.7502555847
24.1096732044785;73352.7706155777
24.1140897044244;73532.2430586815
24.1185062043703;71228.0064430237
24.1229227043161;94397.8424911499
24.127339204262;74056.6718292236
24.1317557042079;73600.0359315872
24.1361722041537;75397.0693473816
24.1405887040996;90256.6330537796
24.1450052040455;72369.3983612061
24.1494217039913;85445.3086619377
24.1538382039372;81787.5730876923
24.1582547038831;78252.2277793884
24.1626712038289;77852.9300003052
24.1670877037748;73048.1935176849
24.1715042037207;75065.7217302322
24.1759207036665;77913.3731918335
24.1803372036124;70110.3906850815
24.1847537035582;73979.1519775391
24.1891702035041;76185.0562152863
24.19358670345;78825.8189220428
24.1980032033958;81628.6585235596
24.2024197033417;67445.6411705017
24.2068362032876;69734.4950609207
24.2112527032334;85774.6367778778
24.2156692031793;74032.1948013306
24.2200857031252;78524.9090595245
24.224502203071;79655.1074371338
24.2289187030169;72340.5247840881
24.2333352029628;81707.6702127457
24.2377517029086;68642.2627696991
24.2421682028545;88188.6771674156
24.2465847028004;85636.6947555542
24.2510012027462;71679.813826561
24.2554177026921;73053.0189123154
24.259834202638;82040.0706119537
24.2642507025838;70226.1010847092
24.2686672025297;77441.8528709412
24.2730837024756;83150.9552440643
24.2775002024214;73207.6244692802
24.2819167023673;77578.02597332
24.2863332023131;83184.4769830704
24.290749702259;78380.2161903381
24.2951662022049;89770.4678268433
24.2995827021507;79775.1481170654
24.3039992020966;77514.6850357056
24.3084157020425;77327.5076265335
24.3128322019883;81000.0134859085
24.3172487019342;82131.7916555405
24.3216652018801;63435.7281370163
24.3260817018259;78122.1586375237
24.3304982017718;80254.0750694275
24.3349147017177;69199.326210022
24.3393312016635;79368.0635538101
24.3437477016094;83257.9959363937
24.3481642015553;87504.2672185898
24.3525807015011;79393.3150997162
24.356997201447;79961.3187503815
24.3614137013929;78715.4016933441
24.3658302013387;56811.3411359787
24.3702467012846;75257.4703445435
24.3746632012305;72368.4045066834
24.3790797011763;74604.855682373
24.3834962011222;81179.6730995178
24.3879127010681;90096.6118545532
24.3923292010139;61579.9361801147
24.3967457009598;81429.2141962051
24.4011622009056;85950.1190767288
24.4055787008515;75365.0740566254
24.4099952007974;88536.2186484337
24.4144117007432;78744.8115501404
24.4188282006891;80233.9589443207
24.423244700635;80151.0717515945
24.4276612005808;73596.5196828842
24.4320777005267;72645.1919765472
24.4364942004726;88226.9738492966
24.4409107004184;76526.1682739258
24.4453272003643;70371.6737594604
24.4497437003102;88997.2384939194
24.454160200256;75494.5537071228
24.4585767002019;90326.0667629242
24.4629932001478;89386.7451267242
24.4674097000936;72016.7726516724
24.4718262000395;72493.3298587799
24.4762426999854;80502.3294754028
24.4806591999312;74638.2850189209
24.4850756998771;76943.7910385132
24.489492199823;85882.4386768341
24.4939086997688;82445.2551212311
24.4983251997147;92715.7067260742
24.5027416996605;90423.8651762009
24.5071581996064;89504.6094646454
24.5115746995523;93299.1901550293
24.5159911994981;91283.9269390106
24.520407699444;85874.8055000305
24.5248241993899;74206.219209671
24.5292406993357;77098.9964094162
24.5336571992816;65377.3436613083
24.5380736992275;79369.6367053986
24.5424901991733;73152.2851743698
24.5469066991192;81151.94099617
24.5513231990651;88411.1578264236
24.5557396990109;77823.5203418732
24.5601561989568;63048.7667765617
24.5645726989027;76718.0954504013
24.5689891988485;82830.0258350372
24.5734056987944;89189.0320806503
24.5778221987403;89545.5270271301
24.5822386986861;66828.0125169754
24.586655198632;81799.2831115723
24.5910716985779;87633.3192806244
24.5954881985237;80901.6048002243
24.5999046984696;64881.3800287247
24.6043211984154;81626.755979538
24.6087376983613;83690.5063686371
24.6131541983072;97505.9597911835
24.617570698253;91663.1867008209
24.6219871981989;86497.8134155273
24.6264036981448;113609.745886803
24.6308201980906;104373.290864944
24.6352366980365;108758.534359932
24.6396531979824;110637.864667892
24.6440696979282;98322.8737182617
24.6484861978741;99935.9503889084
24.65290269782;109879.167076111
24.6573191977658;94147.0411481857
24.6617356977117;94369.7702550888
24.6661521976576;89200.4878120422
24.6705686976034;96629.9436378479
24.6749851975493;96430.789680481
24.6794016974952;80122.351111412
24.683818197441;84813.5393390656
24.6882346973869;88082.4573163986
24.6926511973328;90926.1328468323
24.6970676972786;71324.5562858582
24.7014841972245;76458.6534757614
24.7059006971704;81831.7645168304
24.7103171971162;74900.2642326355
24.7147336970621;82841.1446638107
24.7191501970079;82453.5765209198
24.7235666969538;93596.8738861084
24.7279831968997;82802.7313728333
24.7323996968455;90272.1483049393
24.7368161967914;84730.1816301346
24.7412326967373;93365.5579586029
24.7456491966831;95559.1679649353
24.750065696629;78282.8113098145
24.7544821965749;80331.6299514771
24.7588986965207;85225.6919116974
24.7633151964666;93083.1388692856
24.7677316964125;85949.2168617249
24.7721481963583;93143.0462331772
24.7765646963042;81048.3664608002
24.7809811962501;90772.6363997459
24.7853976961959;103040.482996941
24.7898141961418;106686.106084824
24.7942306960877;90103.8602104187
24.7986471960335;95647.4553976059
24.8030636959794;76338.4118614197
24.8074801959253;82937.4813270569
24.8118966958711;90094.7179727554
24.816313195817;90800.2300004959
24.8207296957628;94657.0125274658
24.8251461957087;106692.156272888
24.8295626956546;89272.428481102
24.8339791956004;87232.7808856964
24.8383956955463;99656.7692108154
24.8428121954922;99218.1068506241
24.847228695438;97965.2386693954
24.8516451953839;102832.621811867
24.8560616953298;90203.6332931519
24.8604781952756;96644.9731912613
24.8648946952215;85734.9943876266
24.8693111951674;102338.057226181
24.8737276951132;99165.3645610809
24.8781441950591;95400.1201219559
24.882560695005;85559.4334182739
24.8869771949508;103761.379633427
24.8913936948967;105359.505972862
24.8958101948426;82242.6762924194
24.9002266947884;89580.3274765015
24.9046431947343;87538.1621665955
24.9090596946802;105350.750699043
24.913476194626;99611.8054046631
24.9178926945719;91101.6377182007
24.9223091945177;92379.5653223991
24.9267256944636;87882.2980566025
24.9311421944095;89418.7386693954
24.9355586943553;76813.7853765488
24.9399751943012;83194.6943826675
24.9443916942471;101425.442726135
24.9488081941929;84274.3423595428
24.9532246941388;102589.78155899
24.9576411940847;90336.1230096817
24.9620576940305;110642.968343735
24.9664741939764;90169.227388382
24.9708906939223;100179.225276947
24.9753071938681;93759.8632087708
24.979723693814;87488.9071187973
24.9841401937599;81870.6821269989
24.9885566937057;94704.9516983032
24.9929731936516;93295.9609479904
24.9973896935975;80363.9639434814
25.0018061935433;85859.2243738174
25.0062226934892;96725.9418382645
25.0106391934351;102117.216509819
25.0150556933809;84052.0599813461
25.0194721933268;99297.02805233
25.0238886932726;95789.6550016403
25.0283051932185;75771.8488941193
25.0327216931644;88916.6921024323
25.0371381931102;83357.7056798935
25.0415546930561;92929.7666025162
25.045971193002;105619.385352135
25.0503876929478;95395.5489149094
25.0548041928937;96364.6505470276
25.0592206928396;89502.7415237427
25.0636371927854;96356.3965167999
25.0680536927313;92278.0844173431
25.0724701926772;95841.7817459106
25.076886692623;117517.641415596
25.0813031925689;92608.0712938309
25.0857196925148;83336.4109725952
25.0901361924606;88274.2706289291
25.0945526924065;98143.0494327545
25.0989691923524;89036.2584447861
25.1033856922982;92063.0242652893
25.1078021922441;92442.9252233505
25.11221869219;82675.470243454
25.1166351921358;97547.1957187653
25.1210516920817;84488.7979402542
25.1254681920276;91252.6999435425
25.1298846919734;93682.2495536804
25.1343011919193;89824.1186218262
25.1387176918651;94564.5384216309
25.143134191811;102818.350643158
25.1475506917569;81887.5839796066
25.1519671917027;93193.7210435867
25.1563836916486;86676.7180299759
25.1608001915945;94243.4421005249
25.1652166915403;99484.2659826279
25.1696331914862;98765.044426918
25.1740496914321;100628.312196732
25.1784661913779;102235.995483398
25.1828826913238;95456.0787744522
25.1872991912697;104923.834486008
25.1917156912155;100048.007791519
25.1961321911614;101981.940376282
25.2005486911073;83040.5989532471
25.2049651910531;105015.377593994
25.209381690999;91044.0706119537
25.2137981909449;94426.5669374466
25.2182146908907;91745.4209375381
25.2226311908366;87053.9332561493
25.2270476907825;87318.4768600464
25.2314641907283;86727.0554876328
25.2358806906742;105480.306892395
25.24029719062;88318.1212730408
25.2447136905659;106529.810050964
25.2491301905118;82221.294883728
25.2535466904576;99214.7209672928
25.2579631904035;106962.346421242
25.2623796903494;97289.3563194275
25.2667961902952;91165.7268886566
25.2712126902411;97839.4366664886
25.275629190187;99466.0733575821
25.2800456901328;92668.9672298431
25.2844621900787;103001.091524124
25.2888786900246;85301.5906496048
25.2932951899704;95550.0351572037
25.2977116899163;85376.5640687943
25.3021281898622;97270.8358440399
25.306544689808;91686.7789726257
25.3109611897539;92598.2185049057
25.3153776896998;99624.4576482773
25.3197941896456;96529.2551116943
25.3242106895915;95575.2964782715
25.3286271895374;80355.7584152222
25.3330436894832;86097.0382833481
25.3374601894291;100510.642001152
25.3418766893749;87317.8442840576
25.3462931893208;90792.423707962
25.3507096892667;95048.2971315384
25.3551261892125;102875.507413864
25.3595426891584;80254.5045156479
25.3639591891043;94337.2590665817
25.3683756890501;116264.166129112
25.372792188996;99076.0025639534
25.3772086889419;97884.7449855804
25.3816251888877;95523.4614753723
25.3860416888336;97164.2458925247
25.3904581887795;103684.623594284
25.3948746887253;93273.2828178406
25.3992911886712;89652.4676980972
25.4037076886171;90088.8829593658
25.4081241885629;86999.5704050064
25.4125406885088;91418.4134016037
25.4169571884547;98922.8387928009
25.4213736884005;100597.868182182
25.4257901883464;94226.6511993408
25.4302066882923;93313.7745275497
25.4346231882381;97362.0293865204
25.439039688184;91401.5558843613
25.4434561881299;89096.9869852066
25.4478726880757;86797.2057514191
25.4522891880216;111360.972667694
25.4567056879674;106584.384462357
25.4611221879133;93822.5420179367
25.4655386878592;87872.9878702164
25.469955187805;94533.5687618256
25.4743716877509;93487.2523460388
25.4787881876968;98815.0773849487
25.4832046876426;108861.78603363
25.4876211875885;105223.630213737
25.4920376875344;91524.9724369049
25.4964541874802;94934.1970424652
25.5008706874261;97251.9793252945
25.505287187372;107968.559628487
25.5097036873178;101237.975351334
25.5141201872637;92159.0181150436
25.5185366872096;98807.8224086761
25.5229531871554;102588.206973076
25.5273696871013;98253.9324131012
25.5317861870472;98511.2246494293
25.536202686993;103166.978392601
25.5406191869389;109285.47303772
25.5450356868848;88751.3545675278
25.5494521868306;81540.9037027359
25.5538686867765;101035.121701241
25.5582851867223;89338.3097610474
25.5627016866682;95499.1374635696
25.5671181866141;92724.8064460754
25.5715346865599;90200.3406410217
25.5759511865058;91192.3815736771
25.5803676864517;101336.92848587
25.5847841863975;85332.8832159042
25.5892006863434;92733.5667114258
25.5936171862893;113489.109325409
25.5980336862351;106895.95281601
25.602450186181;104739.847963333
25.6068666861269;116626.891952515
25.6112831860727;95712.4084005356
25.6156996860186;98099.0957632065
25.6201161859645;97483.117682457
25.6245326859103;97450.3868989944
25.6289491858562;99201.6888952255
25.6333656858021;99246.3291225433
25.6377821857479;89682.394408226
25.6421986856938;110311.565443993
25.6466151856397;100669.568016052
25.6510316855855;96994.9155197144
25.6554481855314;98754.1512994766
25.6598646854772;103903.292220116
25.6642811854231;101387.680199623
25.668697685369;102850.264395714
25.6731141853148;108930.557516098
25.6775306852607;93811.1915502548
25.6819471852066;95187.8880157471
25.6863636851524;95496.0343475342
25.6907801850983;103113.169258118
25.6951966850442;105226.806269646
25.69961318499;113590.608636856
25.7040296849359;102773.314220428
25.7084461848818;107284.232345581
25.7128626848276;91818.8597917557
25.7172791847735;107676.263491631
25.7216956847194;110221.837449074
25.7261121846652;91413.5801305771
25.7305286846111;95180.5434341431
25.734945184557;99275.6916799545
25.7393616845028;105425.244842529
25.7437781844487;96074.1614437103
25.7481946843946;110371.208832741
25.7526111843404;98413.9454593658
25.7570276842863;99411.2745695114
25.7614441842322;87726.283164978
25.765860684178;121662.926146507
25.7702771841239;110398.716644287
25.7746936840697;103922.030093193
25.7791101840156;104889.050156593
25.7835266839615;112373.209801674
25.7879431839073;101560.826965332
25.7923596838532;85500.1435832977
25.7967761837991;100899.338160515
25.8011926837449;95681.6735076904
25.8056091836908;84372.7588539124
25.8100256836367;99220.077703476
25.8144421835825;105055.636919022
25.8188586835284;114499.746797562
25.8232751834743;105937.785731792
25.8276916834201;106426.375804901
25.832108183366;103808.985456467
25.8365246833119;101250.284678459
25.8409411832577;107268.106468201
25.8453576832036;101123.597332954
25.8497741831495;101850.255464554
25.8541906830953;101708.146270752
25.8586071830412;121397.005425453
25.8630236829871;119218.236637115
25.8674401829329;102743.290718079
25.8718566828788;114290.031709671
25.8762731828246;120048.697909355
25.8806896827705;109952.783689499
25.8851061827164;95917.8636980057
25.8895226826622;109426.437732697
25.8939391826081;102216.972698212
25.898355682554;110856.226111412
25.9027721824998;116223.026075363
25.9071886824457;96942.529759407
25.9116051823916;130865.326383591
25.9160216823374;119169.813643456
25.9204381822833;115923.848441124
25.9248546822292;121250.497682571
25.929271182175;131053.202724457
25.9336876821209;120624.924513817
25.9381041820668;98467.6536607742
25.9425206820126;113739.660572052
25.9469371819585;120667.593242645
25.9513536819044;98968.4636859894
25.9557701818502;114465.812636375
25.9601866817961;102233.165246964
25.964603181742;103811.87446022
25.9690196816878;113752.461400032
25.9734361816337;134247.350839615
25.9778526815795;111546.857636452
25.9822691815254;124344.420948982
25.9866856814713;99916.5247011185
25.9911021814171;104623.662212372
25.995518681363;109828.279479027
25.9999351813089;100803.693408966
26.0043516812547;110132.905849457
26.0087681812006;128414.755028725
26.0131846811465;118211.334014416
26.0176011810923;125266.684757233
26.0220176810382;126021.423456192
26.0264341809841;104262.667281151
26.0308506809299;100706.051623344
26.0352671808758;109079.753634453
26.0396836808217;112362.969275475
26.0441001807675;118955.076335907
26.0485166807134;106527.741429329
26.0529331806593;119135.016962051
26.0573496806051;105075.867332458
26.061766180551;107041.642126083
26.0661826804969;114880.689359665
26.0705991804427;112798.792651176
26.0750156803886;117985.817156792
26.0794321803345;105550.800720215
26.0838486802803;112621.122273445
26.0882651802262;109182.957388878
26.092681680172;115777.568496227
26.0970981801179;112263.216629982
26.1015146800638;122545.923427582
26.1059311800096;120582.781555653
26.1103476799555;116619.726523399
26.1147641799014;107149.117036819
26.1191806798472;129022.749121666
26.1235971797931;113447.231480598
26.128013679739;118948.73938942
26.1324301796848;118217.385669708
26.1368466796307;109829.098719597
26.1412631795766;120005.834044456
26.1456796795224;116801.294776917
26.1500961794683;103139.075849533
26.1545126794142;125510.980762482
26.15892917936;140740.430521965
26.1633456793059;131027.958191872
26.1677621792518;133641.387546539
26.1721786791976;148964.791181564
26.1765951791435;133196.906319618
26.1810116790894;141300.735614777
26.1854281790352;167289.253746033
26.1898446789811;156994.260324478
26.1942611789269;159484.070079803
26.1986776788728;164256.070020676
26.2030941788187;158382.530380249
26.2075106787645;151604.350297928
26.2119271787104;154769.262130737
26.2163436786563;147209.307360649
26.2207601786021;127714.628297806
26.225176678548;132216.41276741
26.2295931784939;134010.782518387
26.2340096784397;134667.543646812
26.2384261783856;129958.007640839
26.2428426783315;145443.458297729
26.2472591782773;127283.423069
26.2516756782232;124943.857036591
26.2560921781691;127309.985120773
26.2605086781149;141597.853498459
26.2649251780608;118630.823619843
26.2693416780067;126495.160633087
26.2737581779525;125317.341041565
26.2781746778984;126340.071060181
26.2825911778443;132731.838007927
26.2870076777901;127557.782351494
26.291424177736;142064.637626648
26.2958406776818;119042.777724266
26.3002571776277;111490.457850456
26.3046736775736;146769.769033432
26.3090901775194;130263.721575737
26.3135066774653;130554.841870308
26.3179231774112;140920.270952225
26.322339677357;113027.836285114
26.3267561773029;124331.225635529
26.3311726772488;127587.978114128
26.3355891771946;131435.649335861
26.3400056771405;104244.803930283
26.3444221770864;127812.411187172
26.3488386770322;119813.092384338
26.3532551769781;134063.801262856
26.357671676924;117291.789669991
26.3620881768698;130096.395374298
26.3665046768157;145706.838094711
26.3709211767616;128643.671037674
26.3753376767074;116764.18573761
26.3797541766533;124468.274669647
26.3841706765992;133850.838482857
26.388587176545;139428.451562881
26.3930036764909;133402.142893791
26.3974201764368;111313.045597076
26.4018366763826;115077.268468857
26.4062531763285;139447.948924065
26.4106696762743;111355.989548683
26.4150861762202;134103.143060684
26.4195026761661;114277.219508171
26.4239191761119;114671.070594788
26.4283356760578;131725.185065269
26.4327521760037;112791.450115204
26.4371686759495;136211.157820702
26.4415851758954;128289.916014671
26.4460016758413;120623.166946411
26.4504181757871;109664.088044167
26.454834675733;112177.374992371
26.4592511756789;135760.238882065
26.4636676756247;136762.878293991
26.4680841755706;135122.125963688
26.4725006755165;133045.370389938
26.4769171754623;138252.070295334
26.4813336754082;118856.540464401
26.4857501753541;132453.469944954
26.4901666752999;113613.298141956
26.4945831752458;126041.352530479
26.4989996751917;138358.625641823
26.5034161751375;130835.169027328
26.5078326750834;135218.099466324
26.5122491750292;124322.390881538
26.5166656749751;124467.90782547
26.521082174921;129661.143630981
26.5254986748668;136252.922087669
26.5299151748127;121006.778196335
26.5343316747586;128857.791876793
26.5387481747044;123191.19801712
26.5431646746503;124220.435611725
26.5475811745962;128007.444784641
26.551997674542;110111.37053299
26.5564141744879;116629.406929016
26.5608306744338;141262.609280586
26.5652471743796;125644.480615616
26.5696636743255;144969.600227356
26.5740801742714;124483.527517319
26.5784966742172;131011.73377037
26.5829131741631;135768.853466034
26.587329674109;135305.879132271
26.5917461740548;123242.343851089
26.5961626740007;130398.687407494
26.6005791739466;116785.980704308
26.6049956738924;132374.461090088
26.6094121738383;131559.047347069
26.6138286737841;139929.15190506
26.61824517373;131519.576869011
26.6226616736759;123971.437522888
26.6270781736217;114770.18847847
26.6314946735676;136892.002512932
26.6359111735135;121951.460666656
26.6403276734593;134744.030281544
26.6447441734052;138502.935247421
26.6491606733511;136534.373271942
26.6535771732969;131903.286482811
26.6579936732428;146066.993041992
26.6624101731887;126953.412534714
26.6668266731345;152162.114249229
26.6712431730804;148212.238922119
26.6756596730263;153880.1600523
26.6800761729721;157759.293739796
26.684492672918;148707.989750862
26.6889091728639;134071.133732796
26.6933256728097;139762.017903328
26.6977421727556;146785.465973854
26.7021586727015;165900.291307449
26.7065751726473;151709.315678596
26.7109916725932;132578.721654892
26.7154081725391;138024.728953362
26.7198246724849;129355.131529808
26.7242411724308;137864.214818954
26.7286576723766;140196.492114544
26.7330741723225;137736.635504723
26.7374906722684;138345.477388859
26.7419071722142;144237.905908585
26.7463236721601;148922.753271103
26.750740172106;141995.057756424
26.7551566720518;135981.12139225
26.7595731719977;146852.698419571
26.7639896719436;146992.469083786
26.7684061718894;150558.712388039
26.7728226718353;127751.640369415
26.7772391717812;134254.241202831
26.781655671727;164029.640347481
26.7860721716729;145265.171928406
26.7904886716188;147049.373987198
26.7949051715646;130876.546624184
26.7993216715105;159010.199195862
26.8037381714564;141703.303021908
26.8081546714022;145686.87152338
26.8125711713481;130368.628952503
26.816987671294;140204.866447449
26.8214041712398;132767.466587067
26.8258206711857;135961.818844795
26.8302371711316;141689.650131226
26.8346536710774;154038.516908646
26.8390701710233;135175.504302979
26.8434866709691;143353.03439045
26.847903170915;143566.884660721
26.8523196708609;140869.699943542
26.8567361708067;152823.226089478
26.8611526707526;143541.589693069
26.8655691706985;130250.049131393
26.8699856706443;133966.523284912
26.8744021705902;152177.210191727
26.8788186705361;147647.991175652
26.8832351704819;141142.459094048
26.8876516704278;172363.310407639
26.8920681703737;147320.267964363
26.8964846703195;132118.374994278
26.9009011702654;162728.09534359
26.9053176702113;155317.671484947
26.9097341701571;144924.719142914
26.914150670103;146607.134426117
26.9185671700489;157419.913232803
26.9229836699947;155488.910422325
26.9274001699406;141561.26288414
26.9318166698864;138536.431495667
26.9362331698323;145222.369243622
26.9406496697782;141794.856348038
26.945066169724;153132.158946991
26.9494826696699;124108.119232178
26.9538991696158;128767.432482719
26.9583156695616;163894.992265701
26.9627321695075;145188.876680374
26.9671486694534;137599.88055706
26.9715651693992;139313.012765884
26.9759816693451;177744.397842407
26.980398169291;147947.434432983
26.9848146692368;146088.064903259
26.9892311691827;140534.04703331
26.9936476691286;158118.560029984
26.9980641690744;147718.933523178
27.0024806690203;148264.753288269
27.0068971689662;173247.775496483
27.011313668912;145270.040697098
27.0157301688579;133821.725025177
27.0201466688038;161502.08909893
27.0245631687496;140885.454015732
27.0289796686955;144141.013609886
27.0333961686414;164270.308646202
27.0378126685872;138498.474344254
27.0422291685331;139920.786212921
27.0466456684789;156594.627880096
27.0510621684248;152650.731666565
27.0554786683707;153975.034777641
27.0598951683165;162000.000682831
27.0643116682624;151650.888363361
27.0687281682083;151857.572187424
27.0731446681541;139753.429841042
27.0775611681;144069.064889908
27.0819776680459;167891.166069031
27.0863941679917;164729.212906837
27.0908106679376;149188.519071579
27.0952271678835;143185.218301773
27.0996436678293;166204.537518501
27.1040601677752;150810.055058479
27.1084766677211;161514.925399303
27.1128931676669;157684.503680229
27.1173096676128;163582.011302471
27.1217261675587;183515.405776978
27.1261426675045;176595.037656784
27.1305591674504;185124.523346901
27.1349756673963;202132.822224617
27.1393921673421;191231.654964447
27.143808667288;176018.528930664
27.1482251672339;182909.135418892
27.1526416671797;168112.452290058
27.1570581671256;167852.736283302
27.1614746670714;182279.72426033
27.1658911670173;153602.95334053
27.1703076669632;174063.111112595
27.174724166909;182370.538574219
27.1791406668549;156949.111633301
27.1835571668008;155718.18253994
27.1879736667466;172403.071887016
27.1923901666925;170016.228348732
27.1968066666384;169332.146217346
27.2012231665842;171396.205840111
27.2056396665301;152435.586480141
27.210056166476;164289.529712677
27.2144726664218;153561.74461174
27.2188891663677;164316.731189728
27.2233056663136;172365.615961075
27.2277221662594;160033.332732201
27.2321386662053;177683.887644768
27.2365551661512;158740.900815964
27.240971666097;154613.699883461
27.2453881660429;185111.888980865
27.2498046659887;163974.348698616
27.2542211659346;176857.81701088
27.2586376658805;177652.684682846
27.2630541658263;183150.255736351
27.2674706657722;159990.416490555
27.2718871657181;157834.320605278
27.2763036656639;160204.546459198
27.2807201656098;157622.775104523
27.2851366655557;166644.360538483
27.2895531655015;151614.724315643
27.2939696654474;153670.149886131
27.2983861653933;148445.292320251
27.3028026653391;148723.00432682
27.307219165285;167227.908802032
27.3116356652309;158579.69621563
27.3160521651767;165418.813216209
27.3204686651226;176097.745609283
27.3248851650685;165778.018407822
27.3293016650143;165601.525198936
27.3337181649602;177841.206759453
27.3381346649061;168954.310219765
27.3425511648519;170020.21814537
27.3469676647978;178300.01053524
27.3513841647436;172336.810835838
27.3558006646895;180729.617189407
27.3602171646354;184626.703698158
27.3646336645812;144351.34387207
27.3690501645271;165876.754508018
27.373466664473;164075.77667141
27.3778831644188;158236.000067711
27.3822996643647;148403.94381237
27.3867161643106;164312.562554359
27.3911326642564;183294.906317711
27.3955491642023;180007.485407829
27.3999656641482;143194.228652
27.404382164094;163219.889070511
27.4087986640399;168307.560696602
27.4132151639858;172521.839634895
27.4176316639316;157201.678980827
27.4220481638775;171451.837877274
27.4264646638234;169800.538743019
27.4308811637692;161326.195025444
27.4352976637151;163419.693722725
27.439714163661;150906.305937767
27.4441306636068;177322.673758507
27.4485471635527;172880.705451965
27.4529636634986;176235.229376793
27.4573801634444;168939.139266968
27.4617966633903;173917.126008034
27.4662131633362;181756.256104469
27.470629663282;162065.700092316
27.4750461632279;186150.199687958
27.4794626631737;173736.813364029
27.4838791631196;175528.185161591
27.4882956630655;181862.79739666
27.4927121630113;179246.561730385
27.4971286629572;163484.899843216
27.5015451629031;169477.482125282
27.5059616628489;170142.859465599
27.5103781627948;160686.44968605
27.5147946627407;172499.19854641
27.5192111626865;183138.243822098
27.5236276626324;168199.388669014
27.5280441625783;166798.615715981
27.5324606625241;181442.249969482
27.53687716247;157088.428336143
27.5412936624159;159160.090811729
27.5457101623617;158945.915110111
27.5501266623076;174347.397836685
27.5545431622535;168852.379951477
27.5589596621993;168906.410970688
27.5633761621452;181677.31343174
27.567792662091;178680.183472633
27.5722091620369;181587.004302979
27.5766256619828;162648.725909233
27.5810421619286;153354.546479702
27.5854586618745;177256.55816555
27.5898751618204;180148.315447807
27.5942916617662;175318.399643898
27.5987081617121;170209.394205093
27.603124661658;182987.681184769
27.6075411616038;181709.931144714
27.6119576615497;161410.505212784
27.6163741614956;167834.668847084
27.6207906614414;167216.104240417
27.6252071613873;164048.426064491
27.6296236613332;196580.207219124
27.634040161279;163748.769347191
27.6384566612249;186916.093774796
27.6428731611708;188412.936964989
27.6472896611166;170069.462099075
27.6517061610625;173844.811711311
27.6561226610084;179628.473297119
27.6605391609542;189205.425866127
27.6649556609001;181492.489344597
27.6693721608459;184257.060317039
27.6737886607918;180514.300082207
27.6782051607377;192313.902497292
27.6826216606835;173433.085044861
27.6870381606294;176860.105323792
27.6914546605753;201708.298084259
27.6958711605211;181529.754831314
27.700287660467;177285.679701805
27.7047041604129;180923.987950325
27.7091206603587;166525.260569572
27.7135371603046;189088.215870857
27.7179536602505;172959.929890633
27.7223701601963;176351.822552681
27.7267866601422;192436.211126328
27.7312031600881;197739.210144043
27.7356196600339;179946.535785675
27.7400361599798;184018.78218174
27.7444526599257;165639.434666634
27.7488691598715;198770.601483345
27.7532856598174;208500.406832695
27.7577021597633;184199.132279396
27.7621186597091;163341.402078629
27.766535159655;164086.410825729
27.7709516596009;202500.410457611
27.7753681595467;207483.971869469
27.7797846594926;180272.204223633
27.7842011594384;179242.317052841
27.7886176593843;172993.03672266
27.7930341593302;165258.703001976
27.797450659276;187530.409001827
27.8018671592219;204616.797532082
27.8062836591678;181717.118865013
27.8107001591136;203906.788099289
27.8151166590595;206516.401015282
27.8195331590054;190838.129789352
27.8239496589512;195474.41036129
27.8283661588971;167322.563418388
27.832782658843;189383.66295433
27.8371991587888;202877.27864933
27.8416156587347;181697.332337379
27.8460321586806;189531.843158722
27.8504486586264;211912.091148376
27.8548651585723;184216.723484993
27.8592816585182;184783.033350945
27.863698158464;173892.793684006
27.8681146584099;174573.396611214
27.8725311583558;183974.181116104
27.8769476583016;187118.297400475
27.8813641582475;186345.593133926
27.8857806581934;184913.100662231
27.8901971581392;205483.872098923
27.8946136580851;177712.035140038
27.8990301580309;198140.66236496
27.9034466579768;186447.84247303
27.9078631579227;169766.793288231
27.9122796578685;182322.976131916
27.9166961578144;193161.905195236
27.9211126577603;203493.586950302
27.9255291577061;198003.849409103
27.929945657652;183961.06312561
27.9343621575979;181365.409015656
27.9387786575437;198949.594774723
27.9431951574896;182906.354712486
27.9476116574355;189274.894296646
27.9520281573813;185294.388832092
27.9564446573272;204094.357253075
27.9608611572731;201059.505655289
27.9652776572189;174002.71848011
27.9696941571648;179616.458847046
27.9741106571107;166104.023183823
27.9785271570565;192482.10195446
27.9829436570024;177071.001729965
27.9873601569482;183095.673595428
27.9917766568941;217993.920852661
27.99619315684;197549.861035824
28.0006096567858;188136.130355835
28.0050261567317;193986.300084114
28.0094426566776;181973.334366798
28.0138591566234;186230.398967743
28.0182756565693;157263.889173508
28.0226921565152;207877.766988754
28.027108656461;203717.910197258
28.0315251564069;178505.902830124
28.0359416563528;199579.965555191
28.0403581562986;190070.500795364
28.0447746562445;177662.810524464
28.0491911561904;190791.402446747
28.0536076561362;204705.361886978
28.0580241560821;192834.74352169
28.062440656028;176052.507930756
28.0668571559738;195317.983108521
28.0712736559197;187305.030311584
28.0756901558656;203018.592620373
28.0801066558114;192683.804443836
28.0845231557573;186029.469314575
28.0889396557032;180661.800258636
28.093356155649;200990.005280495
28.0977726555949;183061.166110039
28.1021891555407;207131.487485886
28.1066056554866;205273.121592522
28.1110221554325;204178.286439896
28.1154386553783;191249.830010414
28.1198551553242;198827.769039154
28.1242716552701;202547.220060349
28.1286881552159;193663.333795547
28.1331046551618;176991.090268135
28.1375211551077;220068.966304779
28.1419376550535;202190.990686417
28.1463541549994;206757.761804581
28.1507706549453;201347.846529961
28.1551871548911;209703.747385979
28.159603654837;196579.695165634
28.1640201547829;210216.435922623
28.1684366547287;183771.026977539
28.1728531546746;201521.779640198
28.1772696546205;200715.631668091
28.1816861545663;199268.929374695
28.1861026545122;191422.133487701
28.1905191544581;182876.543665886
28.1949356544039;201092.510556221
28.1993521543498;212237.22823143
28.2037686542957;208262.619457245
28.2081851542415;181550.557209015
28.2126016541874;201293.968494415
28.2170181541332;203720.779062271
28.2214346540791;187620.3424716
28.225851154025;196017.895928383
28.2302676539708;211832.891718864
28.2346841539167;225295.180511475
28.2391006538626;206245.273824692
28.2435171538084;213530.276206017
28.2479336537543;187327.146014214
28.2523501537002;213785.346495628
28.256766653646;202704.47661972
28.2611831535919;222039.973842621
28.2655996535378;214412.235120773
28.2700161534836;195364.276123047
28.2744326534295;210398.587080002
28.2788491533754;194035.226320267
28.2832656533212;194660.882771492
28.2876821532671;208929.50508213
28.292098653213;195947.857933044
28.2965151531588;197801.038095474
28.3009316531047;198912.249677658
28.3053481530505;210134.835757256
28.3097646529964;200825.568698883
28.3141811529423;201916.267485619
28.3185976528881;206021.399450302
28.323014152834;194150.361544609
28.3274306527799;197332.224352837
28.3318471527257;168547.728179932
28.3362636526716;204077.769783974
28.3406801526175;173608.495284081
28.3450966525633;217293.507194996
28.3495131525092;198810.968188286
28.3539296524551;217588.618974686
28.3583461524009;196799.53128624
28.3627626523468;196878.905679703
28.3671791522927;207657.614400864
28.3715956522385;204703.04064846
28.3760121521844;214047.776600838
28.3804286521303;225902.443775177
28.3848451520761;223813.402219772
28.389261652022;222331.398590088
28.3936781519679;219072.096309662
28.3980946519137;205089.027308464
28.4025111518596;219919.058225632
28.4069276518055;187002.391444683
28.4113441517513;206664.645545959
28.4157606516972;202908.56593895
28.420177151643;210596.511689186
28.4245936515889;221571.88084507
28.4290101515348;204418.052947998
28.4334266514806;204460.429494858
28.4378431514265;199913.533670425
28.4422596513724;211529.189425468
28.4466761513182;188075.965373039
28.4510926512641;211274.283736229
28.45550915121;205711.007323265
28.4599256511558;216731.822141647
28.4643421511017;190887.892395973
28.4687586510476;214378.503796577
28.4731751509934;198914.418578148
28.4775916509393;197383.102581024
28.4820081508852;225801.579969406
28.486424650831;208131.155089378
28.4908411507769;191777.220159531
28.4952576507228;206257.881476402
28.4996741506686;192647.163572311
28.5040906506145;192663.106531143
28.5085071505604;221471.451906204
28.5129236505062;189646.864682198
28.5173401504521;190945.403786659
28.521756650398;213615.30722332
28.5261731503438;210881.967334747
28.5305896502897;203365.754776955
28.5350061502355;232593.759019852
28.5394226501814;213094.294083595
28.5438391501273;214719.091364861
28.5482556500731;215589.658842087
28.552672150019;226064.16122818
28.5570886499649;218786.054794312
28.5615051499107;229524.254784107
28.5659216498566;222768.879136086
28.5703381498025;214558.138605118
28.5747546497483;225186.610746384
28.5791711496942;225059.937619209
28.5835876496401;223204.936350822
28.5880041495859;233735.262371063
28.5924206495318;200570.643880844
28.5968371494777;220533.37617445
28.6012536494235;211626.21020031
28.6056701493694;218061.227503777
28.6100866493153;215623.045198917
28.6145031492611;229136.301156998
28.618919649207;219049.614689827
28.6233361491529;210043.112098694
28.6277526490987;224156.887966156
28.6321691490446;229942.248423576
28.6365856489904;217290.642807007
28.6410021489363;221497.94192934
28.6454186488822;230886.358449936
28.649835148828;217547.850902557
28.6542516487739;215679.195410728
28.6586681487198;211133.182645798
28.6630846486656;198603.720802307
28.6675011486115;230513.211671829
28.6719176485574;217995.443241119
28.6763341485032;212698.205818176
28.6807506484491;232204.519233704
28.685167148395;218861.432067871
28.6895836483408;205005.246910095
28.6940001482867;231465.292983055
28.6984166482326;207876.122725487
28.7028331481784;222241.721111298
28.7072496481243;182204.579197884
28.7116661480702;191251.99222374
28.716082648016;208076.584863663
28.7204991479619;203472.658099175
28.7249156479078;209911.929018974
28.7293321478536;200782.961018562
28.7337486477995;227314.342177391
28.7381651477453;209443.985056877
28.7425816476912;199958.562820435
28.7469981476371;210107.869482994
28.7514146475829;219118.955905914
28.7558311475288;195256.099163055
28.7602476474747;219088.544488907
28.7646641474205;213607.840362549
28.7690806473664;217863.668884754
28.7734971473123;206254.158283234
28.7779136472581;212518.24858284
28.782330147204;217863.852473259
28.7867466471499;224341.203149796
28.7911631470957;214821.892266273
28.7955796470416;235273.886832237
28.7999961469875;227201.354768276
28.8044126469333;219715.752167702
28.8088291468792;215043.387687683
28.8132456468251;203972.4764328
28.8176621467709;227311.4741745
28.8220786467168;210492.800312996
28.8264951466627;220893.53167057
28.8309116466085;235693.595468521
28.8353281465544;229986.416723251
28.8397446465003;229662.16313076
28.8441611464461;212408.159370422
28.848577646392;225179.782941818
28.8529941463378;214782.706746101
28.8574106462837;216582.681811333
28.8618271462296;221455.349416733
28.8662436461754;254722.649742126
28.8706601461213;221927.320187569
28.8750766460672;212271.6247015
28.879493146013;226998.270781517
28.8839096459589;218046.237483025
28.8883261459048;214845.349694252
28.8927426458506;235141.760055542
28.8971591457965;207632.577018738
28.9015756457424;202299.281770706
28.9059921456882;242092.75534153
28.9104086456341;232616.91140461
28.91482514558;235008.82865715
28.9192416455258;219540.127977371
28.9236581454717;250107.004593849
28.9280746454176;225972.439987183
28.9324911453634;233118.006835938
28.9369076453093;239685.526733398
28.9413241452552;246877.587785721
28.945740645201;224512.447590828
28.9501571451469;237705.69899559
28.9545736450927;239330.85640192
28.9589901450386;235180.951077461
28.9634066449845;225848.716626167
28.9678231449303;213741.70950222
28.9722396448762;243773.643221855
28.9766561448221;212433.818558693
28.9810726447679;218439.091158867
28.9854891447138;232273.058734894
28.9899056446597;211028.614823341
28.9943221446055;231220.875774384
28.9987386445514;240739.660713196
29.0031551444973;211824.869278908
29.0075716444431;192059.465953827
29.011988144389;217403.813904762
29.0164046443349;232663.994215012
29.0208211442807;245413.425258636
29.0252376442266;208368.160121918
29.0296541441725;233340.685386181
29.0340706441183;204829.57552433
29.0384871440642;234747.765220642
29.0429036440101;225233.989414215
29.0473201439559;219400.288728714
29.0517366439018;208374.818595886
29.0561531438476;226197.634895325
29.0605696437935;223928.970606804
29.0649861437394;221661.442221642
29.0694026436852;207066.372303963
29.0738191436311;221168.052001953
29.078235643577;225474.152874947
29.0826521435228;209671.164403915
29.0870686434687;231467.685297966
29.0914851434146;224389.342211723
29.0959016433604;204875.92654705
29.1003181433063;220575.476333618
29.1047346432522;221989.610297203
29.109151143198;216404.830435753
29.1135676431439;237051.753793716
29.1179841430898;206449.555321693
29.1224006430356;228275.58472538
29.1268171429815;236888.958577156
29.1312336429274;222429.31444931
29.1356501428732;250407.229123116
29.1400666428191;225996.80465889
29.144483142765;217022.73982811
29.1488996427108;225775.054841995
29.1533161426567;228341.731515884
29.1577326426026;222607.511201859
29.1621491425484;231490.477125168
29.1665656424943;237854.804461479
29.1709821424401;206069.382587433
29.175398642386;221510.592494011
29.1798151423319;236875.885649681
29.1842316422777;245190.887505531
29.1886481422236;219898.109473228
29.1930646421695;216081.173028946
29.1974811421153;234866.650332451
29.2018976420612;242339.418866158
29.2063141420071;226630.16388607
29.2107306419529;207616.813294411
29.2151471418988;211374.927786827
29.2195636418447;222552.257642746
29.2239801417905;224823.760869026
29.2283966417364;239971.365185738
29.2328131416823;239456.778066635
29.2372296416281;246784.704327583
29.241646141574;214522.252119064
29.2460626415199;235985.484879494
29.2504791414657;227890.024356842
29.2548956414116;226284.348247528
29.2593121413575;221581.940613747
29.2637286413033;236211.300827026
29.2681451412492;235214.537423134
29.272561641195;234441.958154678
29.2769781411409;238731.325701714
29.2813946410868;235306.983078957
29.2858111410326;226791.62976265
29.2902276409785;221018.416723251
29.2946441409244;248678.450624943
29.2990606408702;218125.169400215
29.3034771408161;238522.332458496
29.307893640762;243491.689682961
29.3123101407078;226266.98942852
29.3167266406537;253339.411589622
29.3211431405996;237852.411280632
29.3255596405454;239270.945167542
29.3299761404913;244036.079471588
29.3343926404372;232040.4617939
29.338809140383;233550.508745193
29.3432256403289;243210.501917839
29.3476421402748;227612.546534538
29.3520586402206;248574.43034935
29.3564751401665;241294.090084076
29.3608916401124;229903.928781033
29.3653081400582;227447.349430084
29.3697246400041;248931.581680298
29.3741411399499;207056.05777359
29.3785576398958;217836.325066566
29.3829741398417;228549.398229599
29.3873906397875;243814.252518654
29.3918071397334;240438.658876419
29.3962236396793;240892.717923164
29.4006401396251;239108.61523056
29.405056639571;229620.933019638
29.4094731395169;226233.243063927
29.4138896394627;247633.219943047
29.4183061394086;233881.358484268
29.4227226393545;244550.467545509
29.4271391393003;211375.235948563
29.4315556392462;217041.708818436
29.4359721391921;235156.142513275
29.4403886391379;260589.076727867
29.4448051390838;245992.574170113
29.4492216390297;224764.219295502
29.4536381389755;229298.104120255
29.4580546389214;250961.440397263
29.4624711388673;201666.034720421
29.4668876388131;257998.134158134
29.471304138759;237021.863928795
29.4757206387049;244262.738555908
29.4801371386507;226149.338200569
29.4845536385966;254181.410146713
29.4889701385424;234214.911975861
29.4933866384883;239176.765906334
29.4978031384342;243937.116278648
29.50221963838;257956.509165764
29.5066361383259;217177.895421028
29.5110526382718;236143.855028152
29.5154691382176;241225.076012611
29.5198856381635;236874.256116867
29.5243021381094;224821.633514404
29.5287186380552;225817.920708656
29.5331351380011;246931.612120628
29.537551637947;249403.58525753
29.5419681378928;232283.113466263
29.5463846378387;260869.668264389
29.5508011377846;237291.219256878
29.5552176377304;241702.11608696
29.5596341376763;245344.014640808
29.5640506376222;233346.652620316
29.568467137568;223479.915474892
29.5728836375139;264216.497161865
29.5773001374598;250343.38409996
29.5817166374056;225058.781736374
29.5861331373515;263622.233726501
29.5905496372973;226240.734382629
29.5949661372432;257823.133250237
29.5993826371891;247238.991289139
29.6037991371349;224343.17436409
29.6082156370808;249893.025064468
29.6126321370267;220671.151346207
29.6170486369725;246945.866653442
29.6214651369184;254516.240484238
29.6258816368643;231361.621778488
29.6302981368101;228972.829075813
29.634714636756;250976.908003807
29.6391311367019;262316.759119987
29.6435476366477;263103.422834396
29.6479641365936;244080.602929592
29.6523806365395;279647.296193123
29.6567971364853;259706.779527664
29.6612136364312;261297.709827423
29.6656301363771;235586.30255127
29.6700466363229;243584.668294907
29.6744631362688;245876.637655258
29.6788796362147;231783.726428986
29.6832961361605;249736.27016449
29.6877126361064;250376.398638725
29.6921291360522;240783.349313736
29.6965456359981;267166.514247894
29.700962135944;230272.344623566
29.7053786358898;254479.609461784
29.7097951358357;249812.142131805
29.7142116357816;257703.136201859
29.7186281357274;247217.664140701
29.7230446356733;261080.04876709
29.7274611356192;250837.083347321
29.731877635565;240628.333442688
29.7362941355109;254091.691832542
29.7407106354568;260647.010114193
29.7451271354026;246007.196050644
29.7495436353485;250883.554321289
29.7539601352944;250817.831599236
29.7583766352402;235428.934444427
29.7627931351861;243699.134114265
29.767209635132;231347.959445
29.7716261350778;237768.376281738
29.7760426350237;239538.768352032
29.7804591349696;247675.824469566
29.7848756349154;255980.520452499
29.7892921348613;257546.731707573
29.7937086348072;244009.166496277
29.798125134753;246033.22271347
29.8025416346989;256534.415987015
29.8069581346447;262664.578494072
29.8113746345906;240171.705026627
29.8157911345365;252996.94402504
29.8202076344823;253191.461755753
29.8246241344282;248368.526164055
29.8290406343741;236412.86721611
29.8334571343199;259268.518284798
29.8378736342658;256704.126382828
29.8422901342117;252223.340410233
29.8467066341575;231268.05535984
29.8511231341034;206400.978598595
29.8555396340493;256225.248753071
29.8599561339951;223020.779239178
29.864372633941;245098.727363586
29.8687891338869;245157.565382957
29.8732056338327;259913.682908058
29.8776221337786;259794.16310215
29.8820386337245;259643.126914978
29.8864551336703;270592.895165443
29.8908716336162;252607.740657806
29.8952881335621;256720.800085068
29.8997046335079;258376.03283596
29.9041211334538;243525.221408844
29.9085376333996;253115.156100273
29.9129541333455;254051.079925537
29.9173706332914;256685.532403946
29.9217871332372;252404.589616776
29.9262036331831;256324.243764877
29.930620133129;246251.579771996
29.9350366330748;254680.412089348
29.9394531330207;273431.111733437
29.9438696329666;251676.557235718
29.9482861329124;261307.169694901
29.9527026328583;261632.346358299
29.9571191328042;253421.99741745
29.96153563275;272895.637282372
29.9659521326959;267917.189334869
29.9703686326418;260870.338188171
29.9747851325876;246534.242117882
29.9792016325335;248257.677147865
29.9836181324794;242167.047014236
29.9880346324252;244257.741464615
29.9924511323711;241810.673299789
29.996867632317;239535.699717522
30.0012841322628;272549.597764969
30.0057006322087;250746.58551693
30.0101171321545;245519.589045525
30.0145336321004;241175.098036766
30.0189501320463;295090.124717236
30.0233666319921;273555.474740982
30.027783131938;248186.986741066
30.0321996318839;255420.669973373
30.0366161318297;252566.150765419
30.0410326317756;271931.028053284
30.0454491317215;253890.313903332
30.0498656316673;261188.191752434
30.0542821316132;248895.238909721
30.0586986315591;246083.485254288
30.0631151315049;280575.770176888
30.0675316314508;260501.568147659
30.0719481313967;262649.511520386
30.0763646313425;253088.73546505
30.0807811312884;233995.414966583
30.0851976312343;230831.761530876
30.0896141311801;253662.768158913
30.094030631126;254261.920528412
30.0984471310719;250508.006169319
30.1028636310177;272467.800226212
30.1072801309636;262017.045442581
30.1116966309094;236336.94365406
30.1161131308553;271102.25544548
30.1205296308012;254726.235118866
30.124946130747;250143.74458313
30.1293626306929;235865.036048889
30.1337791306388;254925.553722382
30.1381956305846;256890.985758781
30.1426121305305;242703.150651455
30.1470286304764;283043.268998146
30.1514451304222;241740.540822506
30.1558616303681;233088.757655144
30.160278130314;241444.017406464
30.1646946302598;264814.361349106
30.1691111302057;269800.010807037
30.1735276301516;257463.792154312
30.1779441300974;261194.055861473
30.1823606300433;246441.916277409
30.1867771299892;261952.801854134
30.191193629935;259140.918205261
30.1956101298809;259926.837188721
30.2000266298268;287972.701464653
30.2044431297726;269583.819334984
30.2088596297185;241158.727404594
30.2132761296644;268567.61418438
30.2176926296102;259542.331479073
30.2221091295561;266062.4158535
30.2265256295019;280656.344161987
30.2309421294478;252851.051537514
30.2353586293937;236007.564764977
30.2397751293395;267677.786172867
30.2441916292854;274892.309817314
30.2486081292313;248517.693645477
30.2530246291771;260590.965777397
30.257441129123;285918.425513268
30.2618576290689;249685.855171204
30.2662741290147;241681.669323921
30.2706906289606;263182.288949966
30.2751071289065;250301.76859951
30.2795236288523;263669.486338615
30.2839401287982;261316.524737358
30.2883566287441;226670.031594276
30.2927731286899;236755.400896549
30.2971896286358;275244.89913559
30.3016061285817;275647.850364685
30.3060226285275;252147.533853531
30.3104391284734;247131.502637863
30.3148556284193;252369.697212219
30.3192721283651;280650.809504509
30.323688628311;256234.727613449
30.3281051282568;265598.593010902
30.3325216282027;263982.279981613
30.3369381281486;283573.137158394
30.3413546280944;260116.372868538
30.3457711280403;275073.186917782
30.3501876279862;277624.318829536
30.354604127932;259772.247292519
30.3590206278779;265578.572762012
30.3634371278238;256006.406554222
30.3678536277696;268053.429398537
30.3722701277155;283591.751074791
30.3766866276614;263288.840639114
30.3811031276072;245809.507081985
30.3855196275531;261817.892465591
30.389936127499;274934.77509594
30.3943526274448;265538.502930641
30.3987691273907;269898.21547699
30.4031856273366;245137.631465435
30.4076021272824;253066.206264496
30.4120186272283;258713.314530373
30.4164351271742;245507.022506714
30.42085162712;282671.041617393
30.4252681270659;276650.181013107
30.4296846270117;263471.822052002
30.4341011269576;327360.614020348
30.4385176269035;238740.742022514
30.4429341268493;282607.217597008
30.4473506267952;274499.104574203
30.4517671267411;273392.688893318
30.4561836266869;293820.607393742
30.4606001266328;268562.415466309
30.4650166265787;284781.750441551
30.4694331265245;280340.664224625
30.4738496264704;248627.567851067
30.4782661264163;270148.499308586
30.4826826263621;298927.984179497
30.487099126308;275935.27122879
30.4915156262539;259638.496121407
30.4959321261997;255184.083973885
30.5003486261456;271616.659133911
30.5047651260915;274846.760084152
30.5091816260373;238977.591936111
30.5135981259832;241417.003357887
30.5180146259291;275559.813997269
30.5224311258749;267872.200325012
30.5268476258208;254645.992913246
30.5312641257667;271953.81712532
30.5356806257125;285021.307041168
30.5400971256584;278288.840181351
30.5445136256042;258924.804656982
30.5489301255501;247865.223348618
30.553346625496;254978.516358376
30.5577631254418;279490.738747597
30.5621796253877;258416.25379467
30.5665961253336;257272.822772026
30.5710126252794;242808.7939291
30.5754291252253;253182.029232979
30.5798456251712;278688.295782089
30.584262125117;254828.971240044
30.5886786250629;268986.39351511
30.5930951250088;277433.813329697
30.5975116249546;263384.323222637
30.6019281249005;273674.983211517
30.6063446248464;270592.443787575
30.6107611247922;282690.915119171
30.6151776247381;269352.13807869
30.619594124684;281467.690023422
30.6240106246298;303580.210179329
30.6284271245757;247453.041854858
30.6328436245216;264826.458631516
30.6372601244674;255107.247097969
30.6416766244133;278595.45273304
30.6460931243591;286860.558937073
30.650509624305;272241.348237038
30.6549261242509;276016.364924431
30.6593426241967;282456.222224236
30.6637591241426;269256.975780487
30.6681756240885;256837.952460289
30.6725921240343;271724.569009781
30.6770086239802;279965.548603058
30.6814251239261;280114.645396233
30.6858416238719;268819.340622902
30.6902581238178;258423.016498566
30.6946746237637;293359.301057816
30.6990911237095;287043.134233475
30.7035076236554;263460.746353149
30.7079241236013;297379.157616615
30.7123406235471;285369.550969124
30.716757123493;285547.175466537
30.7211736234389;292943.139091015
30.7255901233847;278755.424196243
30.7300066233306;284639.858740807
30.7344231232765;271641.253518105
30.7388396232223;285379.424283981
30.7432561231682;265669.974770546
30.747672623114;293536.070198059
30.7520891230599;285317.241662025
30.7565056230058;286361.210038185
30.7609221229516;283010.815116405
30.7653386228975;287919.291725159
30.7697551228434;268565.79125309
30.7741716227892;272994.45941925
30.7785881227351;275687.025226593
30.783004622681;294720.305124283
30.7874211226268;267108.373719215
30.7918376225727;289372.744781494
30.7962541225186;271089.043266296
30.8006706224644;285608.989591599
30.8050871224103;277070.672340393
30.8095036223562;286660.088339806
30.813920122302;291594.896000862
30.8183366222479;289829.348305702
30.8227531221938;288820.391284943
30.8271696221396;279294.117482185
30.8315861220855;277688.098127365
30.8360026220314;298627.746546745
30.8404191219772;282829.45096302
30.8448356219231;299193.468408585
30.849252121869;313951.249687195
30.8536686218148;297462.95887661
30.8580851217607;287335.568653107
30.8625016217065;278935.252920151
30.8669181216524;275849.419090271
30.8713346215983;311873.598516464
30.8757511215441;296783.703301907
30.88016762149;282664.152257919
30.8845841214359;277405.839360237
30.8890006213817;270739.329063416
30.8934171213276;284961.274909973
30.8978336212735;280656.75327301
30.9022501212193;277054.349263191
30.9066666211652;272855.297581673
30.9110831211111;270808.850254059
30.9154996210569;284676.005679131
30.9199161210028;281189.268556595
30.9243326209487;274347.683836937
30.9287491208945;274214.892357826
30.9331656208404;283838.35931778
30.9375821207863;283235.462853432
30.9419986207321;263701.415172577
30.946415120678;295568.250025749
30.9508316206239;281480.673452377
30.9552481205697;297589.698789597
30.9596646205156;297001.618591309
30.9640811204614;277677.315616608
30.9684976204073;295581.074080467
30.9729141203532;289265.114830971
30.977330620299;262009.32975769
30.9817471202449;264743.338801384
30.9861636201908;288511.710730553
30.9905801201366;270626.610528946
30.9949966200825;288977.666203499
30.9994131200284;269490.143712044
31.0038296199742;302639.622369766
31.0082461199201;281199.046439171
31.012662619866;280993.52673912
31.0170791198118;271516.043843269
31.0214956197577;266773.74110508
31.0259121197036;289267.426773071
31.0303286196494;272402.869463921
31.0347451195953;282353.808338165
31.0391616195412;295557.081352234
31.043578119487;285980.147122383
31.0479946194329;294040.327913284
31.0524111193788;299030.572399139
31.0568276193246;280317.100931168
31.0612441192705;247535.685623169
31.0656606192163;273221.048949242
31.0700771191622;282660.454925537
31.0744936191081;265730.13368988
31.0789101190539;282680.685289383
31.0833266189998;286208.535672188
31.0877431189457;263213.212844849
31.0921596188915;260289.060992241
31.0965761188374;289137.805398941
31.1009926187833;288815.280352592
31.1054091187291;268058.721102715
31.109825618675;282402.267332077
31.1142421186209;307094.226076126
31.1186586185667;291804.465091705
31.1230751185126;271907.895092964
31.1274916184585;252799.260217667
31.1319081184043;254541.833086967
31.1363246183502;260228.486400604
31.1407411182961;279057.448064804
31.1451576182419;282482.69490242
31.1495741181878;266340.259848595
31.1539906181337;285682.714464188
31.1584071180795;270366.673457623
31.1628236180254;285098.295186996
31.1672401179713;274551.215762138
31.1716566179171;290224.594545364
31.176073117863;299053.035498619
31.1804896178088;289023.827608109
31.1849061177547;283230.959898949
31.1893226177006;256510.110908508
31.1937391176464;290693.216423035
31.1981556175923;283135.617500305
31.2025721175382;267411.683306694
31.206988617484;262877.78071785
31.2114051174299;282616.789660454
31.2158216173758;249186.844339848
31.2202381173216;270225.048862457
31.2246546172675;286993.094427109
31.2290711172134;289791.231729507
31.2334876171592;273966.861653328
31.2379041171051;289944.182435989
31.242320617051;256523.394786835
31.2467371169968;289801.272638321
31.2511536169427;289434.985710144
31.2555701168886;286636.79060173
31.2599866168344;299121.005791664
31.2644031167803;273425.786300659
31.2688196167262;283039.098752022
31.273236116672;293585.437969208
31.2776526166179;296711.699167252
31.2820691165637;254530.89623642
31.2864856165096;285266.208004951
31.2909021164555;292129.021035194
31.2953186164013;286854.765680313
31.2997351163472;262850.315421104
31.3041516162931;275968.919060707
31.3085681162389;273380.725580215
31.3129846161848;296493.694526672
31.3174011161307;301543.895703316
31.3218176160765;296283.13193512
31.3262341160224;316374.578655243
31.3306506159683;279725.501345634
31.3350671159141;262961.108765125
31.33948361586;271745.717638016
31.3439001158059;288158.741927147
31.3483166157517;295286.877871513
31.3527331156976;297929.911724091
31.3571496156435;273730.419077873
31.3615661155893;279660.722564697
31.3659826155352;271569.857358933
31.3703991154811;316025.460146427
31.3748156154269;283198.961891174
31.3792321153728;287904.490865707
31.3836486153186;293745.31219101
31.3880651152645;299193.773940086
31.3924816152104;254976.018079758
31.3968981151562;280225.236255646
31.4013146151021;306260.710765362
31.405731115048;275388.266788483
31.4101476149938;302398.238745689
31.4145641149397;294883.458815098
31.4189806148856;261659.546010971
31.4233971148314;284106.223822594
31.4278136147773;313307.476343155
31.4322301147232;280744.274093628
31.436646614669;287590.342904091
31.4410631146149;281036.556998253
31.4454796145608;287209.17730999
31.4498961145066;292622.510057449
31.4543126144525;288098.820930481
31.4587291143984;281200.722987175
31.4631456143442;270982.66396904
31.4675621142901;281250.130353928
31.471978614236;271589.73581028
31.4763951141818;291805.965049744
31.4808116141277;311226.006055832
31.4852281140736;268307.518520355
31.4896446140194;287757.76295948
31.4940611139653;308772.632731438
31.4984776139111;305455.107732773
31.502894113857;274217.154500961
31.5073106138029;322491.09794426
31.5117271137487;306911.61137104
31.5161436136946;305408.361299515
31.5205601136405;306313.677537918
31.5249766135863;274708.446028709
31.5293931135322;279196.753789902
31.5338096134781;289850.85115242
31.5382261134239;335642.489779472
31.5426426133698;296084.119394302
31.5470591133157;294179.19546032
31.5514756132615;276079.986643791
31.5558921132074;295698.951550484
31.5603086131533;302442.197622299
31.5647251130991;284865.340209961
31.569141613045;297560.462495804
31.5735581129909;288622.07294178
31.5779746129367;253116.363274574
31.5823911128826;282788.299520493
31.5868076128285;288441.977529526
31.5912241127743;269094.450444222
31.5956406127202;275676.708439827
31.600057112666;268604.672787666
31.6044736126119;265899.743994713
31.6088901125578;250323.156755447
31.6133066125036;268147.649251938
31.6177231124495;289216.993577003
31.6221396123954;290164.605463028
31.6265561123412;279954.092529297
31.6309726122871;279725.113152504
31.635389112233;273416.677990913
31.6398056121788;270580.312645435
31.6442221121247;265627.391767502
31.6486386120706;272686.832685471
31.6530551120164;256130.952014923
31.6574716119623;281032.27658844
31.6618881119082;261934.123364449
31.666304611854;273082.445850372
31.6707211117999;258181.079199791
31.6751376117458;284845.942731857
31.6795541116916;282289.524780273
31.6839706116375;273904.425552368
31.6883871115834;267949.153071404
31.6928036115292;276602.260944366
31.6972201114751;286437.104452133
31.7016366114209;286797.625331879
31.7060531113668;254070.284339428
31.7104696113127;282207.141124725
31.7148861112585;303993.436648369
31.7193026112044;287587.077495575
31.7237191111503;277227.612223625
31.7281356110961;284947.264637947
31.732552111042;265058.628094673
31.7369686109879;247883.026817322
31.7413851109337;262315.030975342
31.7458016108796;300721.576022148
31.7502181108255;286743.919792175
31.7546346107713;284886.287593842
31.7590511107172;261808.684074402
31.7634676106631;292216.488716125
31.7678841106089;274812.71751976
31.7723006105548;283621.203004837
31.7767171105007;299115.452167511
31.7811336104465;281597.980116844
31.7855501103924;265628.788422585
31.7899666103383;290652.991159439
31.7943831102841;281253.230867386
31.79879961023;269394.270295143
31.8032161101759;292027.752095222
31.8076326101217;279161.703062058
31.8120491100676;270392.569960594
31.8164656100134;262259.966155052
31.8208821099593;281025.672784805
31.8252986099052;285765.869859695
31.829715109851;262030.705386162
31.8341316097969;300617.50185585
31.8385481097428;271620.582937241
31.8429646096886;298167.32733345
31.8473811096345;276786.036453247
31.8517976095804;272417.930020332
31.8562141095262;278372.541619301
31.8606306094721;283239.278870583
31.865047109418;243764.652602196
31.8694636093638;274204.677268982
31.8738801093097;282197.227436066
31.8782966092556;294848.5966959
31.8827131092014;301540.154623985
31.8871296091473;276942.730966568
31.8915461090932;297487.956998825
31.895962609039;303710.835813522
31.9003791089849;270757.984711647
31.9047956089308;270410.110635757
31.9092121088766;276646.464007378
31.9136286088225;295134.830738068
31.9180451087683;274225.775857925
31.9224616087142;289709.590378761
31.9268781086601;283702.988127708
31.9312946086059;301157.655564308
31.9357111085518;302244.932909012
31.9401276084977;277076.38085556
31.9445441084435;263452.079222679
31.9489606083894;281254.741691589
31.9533771083353;281315.171527863
31.9577936082811;278552.023266792
31.962210108227;253895.430889606
31.9666266081729;281798.814382553
31.9710431081187;288008.849924088
31.9754596080646;295190.842244148
31.9798761080105;301981.813815117
31.9842926079563;308593.257256985
31.9887091079022;297438.021621704
31.9931256078481;276506.825662613
31.9975421077939;292323.480272293
32.0019586077398;286011.898734093
32.0063751076856;282703.432657242
32.0107916076315;288123.167402267
32.0152081075774;285375.410440445
32.0196246075232;273767.901633263
32.0240411074691;270892.281695366
32.028457607415;285781.604514122
32.0328741073608;279364.535133362
--------------------
