0;0
0.00291650016386091;0
0.00583300032772182;0
0.00874950049158273;1141.59375
0.0116660006554436;0
0.0145825008193046;6302.04150390625
0.0174990009831655;12925.0791664124
0.0204155011470264;26271.9839286804
0.0233320013108873;19266.8595104218
0.0262485014747482;20558.5564575195
0.0291650016386091;31843.8688220978
0.03208150180247;15429.1628723145
0.0349980019663309;17232.7271575928
0.0379145021301919;18675.4992027283
0.0408310022940528;15169.0609302521
0.0437475024579137;12425.8336791992
0.0466640026217746;16923.4766807556
0.0495805027856355;30125.6367721558
0.0524970029494964;23372.3706970215
0.0554135031133573;20913.1504421234
0.0583300032772182;14722.5928878784
0.0612465034410791;27681.0335044861
0.0641630036049401;26157.4065322876
0.067079503768801;25991.0484580994
0.0699960039326619;16095.9661769867
0.0729125040965228;8597.18070983887
0.0758290042603837;20876.0356826782
0.0787455044242446;19626.4362869263
0.0816620045881055;9443.34953689575
0.0845785047519664;19416.0111999512
0.0874950049158273;20585.6998748779
0.0904115050796883;9346.06603240967
0.0933280052435492;26199.1831359863
0.0962445054074101;18645.6373252869
0.099161005571271;27039.4535675049
0.102077505735132;17084.4664955139
0.104994005898993;21448.2290496826
0.107910506062854;8680.77893066406
0.110827006226715;13623.5023193359
0.113743506390576;18144.8002624512
0.116660006554436;18128.5812149048
0.119576506718297;24127.6361083984
0.122493006882158;21169.9095306396
0.125409507046019;17881.3025169373
0.12832600720988;15334.8540477753
0.131242507373741;33257.1373138428
0.134159007537602;19359.1828136444
0.137075507701463;16472.3480377197
0.139992007865324;15810.9680175781
0.142908508029185;12649.1832427979
0.145825008193046;9298.62783813477
0.148741508356906;13181.4046478271
0.151658008520767;19326.3295707703
0.154574508684628;20355.6363239288
0.157491008848489;13357.7684288025
0.16040750901235;7744.52321624756
0.163324009176211;16969.2829971313
0.166240509340072;16837.1887321472
0.169157009503933;15453.0991477966
0.172073509667794;28054.1272888184
0.174990009831655;25339.9199810028
0.177906509995516;9549.6687335968
0.180823010159377;17784.8974761963
0.183739510323237;24282.8594245911
0.186656010487098;10455.9814682007
0.189572510650959;16199.2915344238
0.19248901081482;10653.8374176025
0.195405510978681;19558.2165298462
0.198322011142542;26616.3291740417
0.201238511306403;16082.749042511
0.204155011470264;18693.0636444092
0.207071511634125;12538.6062927246
0.209988011797986;15109.6956787109
0.212904511961847;10957.0289459229
0.215821012125707;15354.7802257538
0.218737512289568;10470.9093475342
0.221654012453429;5644.4701385498
0.22457051261729;20224.5806427002
0.227487012781151;14208.5498199463
0.230403512945012;13665.3855724335
0.233320013108873;20265.1784114838
0.236236513272734;6441.27082061768
0.239153013436595;14920.0991973877
0.242069513600456;19610.0372123718
0.244986013764317;15375.3606262207
0.247902513928177;19434.8980293274
0.250819014092038;13599.1097869873
0.253735514255899;10117.4273071289
0.25665201441976;18558.7156944275
0.259568514583621;17278.5155715942
0.262485014747482;9136.02777099609
0.265401514911343;12487.0624065399
0.268318015075204;8110.16355133057
0.271234515239065;20456.8761138916
0.274151015402926;15475.5538330078
0.277067515566787;19410.5875549316
0.279984015730648;16450.4057388306
0.282900515894508;11369.8568153381
0.285817016058369;14202.3672981262
0.28873351622223;11479.472869873
0.291650016386091;8497.70078277588
0.294566516549952;11286.2409572601
0.297483016713813;10406.1416473389
0.300399516877674;12319.8167247772
0.303316017041535;14663.4859619141
0.306232517205396;8646.64683532715
0.309149017369257;16254.6209793091
0.312065517533118;17269.0485649109
0.314982017696978;11861.1001853943
0.317898517860839;13576.637512207
0.3208150180247;6056.15406036377
0.323731518188561;11161.7437782288
0.326648018352422;13547.9898986816
0.329564518516283;12779.9567565918
0.332481018680144;8803.21273040771
0.335397518844005;7323.73377799988
0.338314019007866;8411.4974822998
0.341230519171727;7199.42909240723
0.344147019335588;15866.7138519287
0.347063519499448;15630.0848350525
0.349980019663309;10861.4060668945
0.35289651982717;10004.1059913635
0.355813019991031;11909.4596252441
0.358729520154892;17240.2969818115
0.361646020318753;14290.6427307129
0.364562520482614;8094.8520526886
0.367479020646475;7804.02314758301
0.370395520810336;13335.2772598267
0.373312020974197;13229.0284233093
0.376228521138058;7670.75835418701
0.379145021301919;10510.5214309692
0.382061521465779;13160.131685257
0.38497802162964;8631.16248703003
0.387894521793501;14914.4333763123
0.390811021957362;6416.34341430664
0.393727522121223;13063.8129806519
0.396644022285084;17783.15675354
0.399560522448945;14858.2545471191
0.402477022612806;15571.9108276367
0.405393522776667;6405.05421257019
0.408310022940528;9036.25818634033
0.411226523104389;18119.5500793457
0.414143023268249;13981.3239517212
0.41705952343211;16783.9217376709
0.419976023595971;11743.3441925049
0.422892523759832;6806.00003242493
0.425809023923693;21608.496887207
0.428725524087554;17504.1127929688
0.431642024251415;9872.54426193237
0.434558524415276;7384.78471374512
0.437475024579137;13775.7415618896
0.440391524742998;8846.46229553223
0.443308024906859;9928.83350372314
0.446224525070719;8722.90454101563
0.44914102523458;6072.030626297
0.452057525398441;15331.1710968018
0.454974025562302;10293.9895324707
0.457890525726163;10509.6828155518
0.460807025890024;16005.6555213928
0.463723526053885;10656.1727523804
0.466640026217746;13154.5157957077
0.469556526381607;10009.9582061768
0.472473026545468;14280.6416168213
0.475389526709329;13814.9789047241
0.47830602687319;8651.06571960449
0.48122252703705;19389.1735458374
0.484139027200911;9327.29201889038
0.487055527364772;19825.818649292
0.489972027528633;11030.012096405
0.492888527692494;11950.4076156616
0.495805027856355;16885.8245239258
0.498721528020216;13020.9585647583
0.501638028184077;16157.2394981384
0.504554528347938;16548.7153930664
0.507471028511799;7888.74181365967
0.51038752867566;8419.31298828125
0.51330402883952;13564.739906311
0.516220529003381;9806.44869995117
0.519137029167242;21389.3666687012
0.522053529331103;7699.40953826904
0.524970029494964;8980.7084312439
0.527886529658825;9294.10206604004
0.530803029822686;16098.5038452148
0.533719529986547;10970.4836730957
0.536636030150408;19680.4776306152
0.539552530314269;9724.0055065155
0.54246903047813;14455.2591247559
0.54538553064199;9877.92082214355
0.548302030805851;11591.5051651001
0.551218530969712;13836.9875068665
0.554135031133573;5252.8444442749
0.557051531297434;12994.3378925323
0.559968031461295;13599.5922203064
0.562884531625156;16577.0224571228
0.565801031789017;12467.3666534424
0.568717531952878;11310.2417678833
0.571634032116739;14068.7229232788
0.5745505322806;16800.7120285034
0.577467032444461;11790.5092315674
0.580383532608321;13284.3418083191
0.583300032772182;16412.592666626
0.586216532936043;11247.8326416016
0.589133033099904;9415.73550415039
0.592049533263765;18722.820098877
0.594966033427626;12407.6696548462
0.597882533591487;14249.2069244385
0.600799033755348;7574.34129333496
0.603715533919209;11562.5956020355
0.60663203408307;7087.79870223999
0.609548534246931;8646.13118553162
0.612465034410791;7267.67135620117
0.615381534574652;6663.45736694336
0.618298034738513;18926.7102584839
0.621214534902374;10051.3204956055
0.624131035066235;9685.54792785645
0.627047535230096;8225.31602478027
0.629964035393957;19007.0927886963
0.632880535557818;9651.1881942749
0.635797035721679;4945.08447265625
0.63871353588554;12251.1435203552
0.641630036049401;9017.12818908691
0.644546536213262;11634.856262207
0.647463036377122;8399.44791793823
0.650379536540983;11925.5225906372
0.653296036704844;15647.992401123
0.656212536868705;6407.57691192627
0.659129037032566;8312.78804016113
0.662045537196427;18361.5792388916
0.664962037360288;13027.494644165
0.667878537524149;15091.1242370605
0.67079503768801;12655.3282985687
0.673711537851871;13062.2845458984
0.676628038015732;10314.2333526611
0.679544538179592;10549.5671844482
0.682461038343453;7190.82115936279
0.685377538507314;6646.33280944824
0.688294038671175;11635.1346855164
0.691210538835036;9820.93183898926
0.694127038998897;12857.2915878296
0.697043539162758;15069.6567840576
0.699960039326619;13169.8234634399
0.70287653949048;7949.4719543457
0.705793039654341;3862.16195678711
0.708709539818202;9634.48754882813
0.711626039982062;7936.24250793457
0.714542540145923;15494.7080898285
0.717459040309784;5502.71240234375
0.720375540473645;8814.56870269775
0.723292040637506;10043.97423172
0.726208540801367;12030.7509346008
0.729125040965228;6612.87297058105
0.732041541129089;13293.7004928589
0.73495804129295;13298.0127277374
0.737874541456811;7130.32855224609
0.740791041620672;12747.6310195923
0.743707541784532;13955.3948898315
0.746624041948393;5218.44586753845
0.749540542112254;12719.726726532
0.752457042276115;12666.1901550293
0.755373542439976;10042.1609954834
0.758290042603837;7922.31039428711
0.761206542767698;11736.8812026978
0.764123042931559;7940.24796295166
0.76703954309542;9463.45024108887
0.769956043259281;14544.5081863403
0.772872543423142;9776.2917137146
0.775789043587003;8168.45140075684
0.778705543750863;14608.8124904633
0.781622043914724;4694.15836334229
0.784538544078585;12047.2944946289
0.787455044242446;7112.29773712158
0.790371544406307;18911.2082595825
0.793288044570168;15403.7455444336
0.796204544734029;11080.5062484741
0.79912104489789;11223.5805587769
0.802037545061751;16590.4484863281
0.804954045225612;14423.9395256042
0.807870545389473;8909.40492248535
0.810787045553333;10878.229598999
0.813703545717194;10165.3718414307
0.816620045881055;9221.71688842773
0.819536546044916;4687.92293548584
0.822453046208777;17737.4698944092
0.825369546372638;12995.9383544922
0.828286046536499;12244.8116092682
0.83120254670036;16345.5584411621
0.834119046864221;15245.811706543
0.837035547028082;9481.08076095581
0.839952047191943;8679.87339019775
0.842868547355804;7932.57637023926
0.845785047519664;5512.96255493164
0.848701547683525;5282.56606292725
0.851618047847386;14667.6530609131
0.854534548011247;4618.99234008789
0.857451048175108;15385.6539916992
0.860367548338969;11959.1764068604
0.86328404850283;10153.5646514893
0.866200548666691;12819.1625518799
0.869117048830552;6915.58944702148
0.872033548994413;14489.3636856079
0.874950049158274;9376.99931907654
0.877866549322134;9959.05187606812
0.880783049485995;9469.97498130798
0.883699549649856;9609.67351531982
0.886616049813717;14385.0588722229
0.889532549977578;4543.82532310486
0.892449050141439;5445.14971923828
0.8953655503053;8296.88604736328
0.898282050469161;17396.4412002563
0.901198550633022;7234.02351379395
0.904115050796883;7032.4387512207
0.907031550960744;9064.47311401367
0.909948051124604;7873.53759384155
0.912864551288465;7985.43688964844
0.915781051452326;17677.0948219299
0.918697551616187;19106.0926971436
0.921614051780048;5321.11665344238
0.924530551943909;10417.4650878906
0.92744705210777;13782.3319740295
0.930363552271631;8622.04653930664
0.933280052435492;13702.7080841064
0.936196552599353;8992.15412902832
0.939113052763214;9667.27099227905
0.942029552927074;6782.76657104492
0.944946053090935;6874.72751998901
0.947862553254796;16526.2477836609
0.950779053418657;6038.96173095703
0.953695553582518;6143.59238815308
0.956612053746379;18280.9438476563
0.95952855391024;11526.4194564819
0.962445054074101;13468.0891418457
0.965361554237962;12015.1843070984
0.968278054401823;9971.14488220215
0.971194554565684;10691.4936389923
0.974111054729545;16783.3705863953
0.977027554893405;9917.90716934204
0.979944055057266;4344.63329315186
0.982860555221127;8787.29945373535
0.985777055384988;9968.16669845581
0.988693555548849;7872.82687759399
0.99161005571271;15797.8975219727
0.994526555876571;5847.58721923828
0.997443056040432;4029.53127861023
1.00035955620429;12131.6571502686
1.00327605636815;7258.57666778564
1.00619255653201;18458.6212921143
1.00910905669588;11330.9570236206
1.01202555685974;9545.49781799316
1.0149420570236;7979.40307617188
1.01785855718746;10043.1209030151
1.02077505735132;9083.39809417725
1.02369155751518;8247.40618896484
1.02660805767904;16268.6014709473
1.0295245578429;14164.4193267822
1.03244105800676;11535.532377243
1.03535755817062;17051.3248748779
1.03827405833448;19259.9680023193
1.04119055849835;6532.83739280701
1.04410705866221;10078.2392730713
1.04702355882607;7413.3211555481
1.04994005898993;9712.68436431885
1.05285655915379;10654.52293396
1.05577305931765;17383.6915893555
1.05868955948151;5783.23267364502
1.06160605964537;10346.133972168
1.06452255980923;16330.012878418
1.06743905997309;17540.8786392212
1.07035556013695;7104.10414123535
1.07327206030082;10254.988445282
1.07618856046468;12588.3955001831
1.07910506062854;9359.91938400269
1.0820215607924;17297.2131500244
1.08493806095626;10986.0508117676
1.08785456112012;9327.64814758301
1.09077106128398;15333.6380615234
1.09368756144784;14405.0083389282
1.0966040616117;11613.5917510986
1.09952056177556;5178.42747497559
1.10243706193942;10325.4117355347
1.10535356210329;5472.30421829224
1.10827006226715;10997.3200683594
1.11118656243101;10458.9244003296
1.11410306259487;8492.86040878296
1.11701956275873;8686.44784545898
1.11993606292259;5773.26014709473
1.12285256308645;15519.1474990845
1.12576906325031;12347.6625213623
1.12868556341417;10845.4855937958
1.13160206357803;12955.3871059418
1.13451856374189;12661.5786266327
1.13743506390576;12252.467666626
1.14035156406962;2759.55291748047
1.14326806423348;15550.2973175049
1.14618456439734;6086.62074279785
1.1491010645612;5560.55531692505
1.15201756472506;16763.4408416748
1.15493406488892;14392.4929409027
1.15785056505278;11675.126701355
1.16076706521664;8459.41034317017
1.1636835653805;6451.00833129883
1.16660006554436;8248.41241455078
1.16951656570823;11559.4373855591
1.17243306587209;14008.8373565674
1.17534956603595;8387.3431854248
1.17826606619981;2675.42553710938
1.18118256636367;7959.58683776855
1.18409906652753;10717.1854362488
1.18701556669139;13676.6653289795
1.18993206685525;9896.31707763672
1.19284856701911;17397.0865478516
1.19576506718297;11442.261510849
1.19868156734683;11200.3739109039
1.2015980675107;10668.3615570068
1.20451456767456;8177.54632568359
1.20743106783842;9070.97541046143
1.21034756800228;8100.80932044983
1.21326406816614;13060.6399383545
1.21618056833;10796.2411193848
1.21909706849386;24606.2555961609
1.22201356865772;5924.32910346985
1.22493006882158;9591.38397216797
1.22784656898544;8773.65838241577
1.2307630691493;9608.72132873535
1.23367956931317;4897.56153106689
1.23659606947703;9381.35406494141
1.23951256964089;8441.76216125488
1.24242906980475;14306.1505126953
1.24534556996861;11020.6308135986
1.24826207013247;12813.701171875
1.25117857029633;11679.8773269653
1.25409507046019;13527.7901763916
1.25701157062405;16198.4282989502
1.25992807078791;10670.9042663574
1.26284457095177;11406.1999816895
1.26576107111564;6617.41603088379
1.2686775712795;17323.3828964233
1.27159407144336;9017.30201721191
1.27451057160722;13270.5096893311
1.27742707177108;10446.0340671539
1.28034357193494;13600.6538085938
1.2832600720988;10614.5278091431
1.28617657226266;10577.9229736328
1.28909307242652;11699.6959571838
1.29200957259038;8139.6507396698
1.29492607275424;6016.62295532227
1.29784257291811;15437.0381622314
1.30075907308197;11128.8631820679
1.30367557324583;9349.62283325195
1.30659207340969;5541.12802124023
1.30950857357355;6755.40167236328
1.31242507373741;6951.50329208374
1.31534157390127;13634.8550796509
1.31825807406513;10565.0185546875
1.32117457422899;15742.4405975342
1.32409107439285;19550.2565917969
1.32700757455671;3933.48439788818
1.32992407472058;6167.17385482788
1.33284057488444;9680.05059051514
1.3357570750483;5807.13751220703
1.33867357521216;13328.1204681396
1.34159007537602;23885.1101531982
1.34450657553988;11344.3870239258
1.34742307570374;17156.3645019531
1.3503395758676;10594.2173576355
1.35325607603146;10194.024230957
1.35617257619532;10228.9019622803
1.35908907635918;12755.4312362671
1.36200557652305;15015.8009185791
1.36492207668691;8492.02893066406
1.36783857685077;4701.76049804688
1.37075507701463;10557.4131374359
1.37367157717849;7354.53175926209
1.37658807734235;14999.0946617126
1.37950457750621;7321.4955291748
1.38242107767007;4207.12326812744
1.38533757783393;8129.96453857422
1.38825407799779;8305.74577331543
1.39117057816165;8495.37426757813
1.39408707832552;8357.07769775391
1.39700357848938;6093.3737411499
1.39992007865324;5383.40151977539
1.4028365788171;12332.4275283813
1.40575307898096;4628.64375305176
1.40866957914482;15202.9710006714
1.41158607930868;9405.89678382874
1.41450257947254;9098.05953979492
1.4174190796364;8351.70288085938
1.42033557980026;3355.16667366028
1.42325207996412;9515.58743667603
1.42616858012799;6429.2142791748
1.42908508029185;8775.77021598816
1.43200158045571;8227.84587097168
1.43491808061957;8514.70642852783
1.43783458078343;7691.28687095642
1.44075108094729;5542.06204223633
1.44366758111115;8291.73751831055
1.44658408127501;9597.50203514099
1.44950058143887;4215.65423202515
1.45241708160273;10997.9701690674
1.45533358176659;5881.38906478882
1.45825008193046;10780.6934967041
1.46116658209432;7090.18489837646
1.46408308225818;5299.64883422852
1.46699958242204;15761.2130432129
1.4699160825859;8647.37175750732
1.47283258274976;14043.3336410522
1.47574908291362;2532.34470748901
1.47866558307748;7201.33741760254
1.48158208324134;8062.34115982056
1.4844985834052;13565.4164352417
1.48741508356906;14727.6996612549
1.49033158373293;8307.81982421875
1.49324808389679;10762.5953674316
1.49616458406065;10065.4343719482
1.49908108422451;7193.75761032104
1.50199758438837;6907.7763633728
1.50491408455223;10077.8047027588
1.50783058471609;4559.23645973206
1.51074708487995;7473.70204925537
1.51366358504381;15881.9276885986
1.51658008520767;5699.68344116211
1.51949658537153;10943.3479576111
1.5224130855354;6877.25173950195
1.52532958569926;8563.66634941101
1.52824608586312;10190.6568603516
1.53116258602698;7835.60166168213
1.53407908619084;12912.1836929321
1.5369955863547;12168.5072021484
1.53991208651856;12224.3878898621
1.54282858668242;14603.6319580078
1.54574508684628;9817.74524116516
1.54866158701014;5836.98799133301
1.55157808717401;12625.5768737793
1.55449458733787;11658.4583148956
1.55741108750173;13607.7275428772
1.56032758766559;9973.48390197754
1.56324408782945;8117.00193786621
1.56616058799331;8993.328125
1.56907708815717;10567.6044178009
1.57199358832103;9227.72010803223
1.57491008848489;12733.9653396606
1.57782658864875;7242.99166870117
1.58074308881261;6456.69910812378
1.58365958897648;8052.51719665527
1.58657608914034;5233.40539550781
1.5894925893042;8798.70762634277
1.59240908946806;6243.8260307312
1.59532558963192;11213.9887084961
1.59824208979578;12240.1828022003
1.60115858995964;7253.92490577698
1.6040750901235;11901.7784729004
1.60699159028736;5806.22602081299
1.60990809045122;8894.18119812012
1.61282459061508;4201.98747253418
1.61574109077895;10913.4781646729
1.61865759094281;9367.04164123535
1.62157409110667;7263.2353515625
1.62449059127053;12169.0768985748
1.62740709143439;12460.9503936768
1.63032359159825;9117.55059242249
1.63324009176211;9759.97496032715
1.63615659192597;7557.32502746582
1.63907309208983;9498.86666107178
1.64198959225369;14404.5545578003
1.64490609241755;8650.96591949463
1.64782259258142;10425.7322463989
1.65073909274528;11304.3564453125
1.65365559290914;9232.58601760864
1.656572093073;7950.90238952637
1.65948859323686;5977.22508239746
1.66240509340072;9673.69363021851
1.66532159356458;3532.36024856567
1.66823809372844;14603.431427002
1.6711545938923;10488.4635238647
1.67407109405616;8105.48593139648
1.67698759422002;8852.51042175293
1.67990409438389;12411.5665931702
1.68282059454775;10820.0040588379
1.68573709471161;12157.4681091309
1.68865359487547;10188.5280151367
1.69157009503933;7656.40817260742
1.69448659520319;8447.53970336914
1.69740309536705;13269.247756958
1.70031959553091;12233.6818580627
1.70323609569477;11841.7113037109
1.70615259585863;11277.4403419495
1.70906909602249;9491.8815612793
1.71198559618636;11189.1277618408
1.71490209635022;9913.03127288818
1.71781859651408;15931.7247619629
1.72073509667794;11263.1125717163
1.7236515968418;8037.7048034668
1.72656809700566;5489.23443603516
1.72948459716952;6258.65029144287
1.73240109733338;14158.5709533691
1.73531759749724;8496.13954734802
1.7382340976611;7104.95831298828
1.74115059782496;9542.65627288818
1.74406709798883;12129.4838676453
1.74698359815269;11112.1634063721
1.74990009831655;10437.8311328888
1.75281659848041;10126.6323547363
1.75573309864427;11587.5405807495
1.75864959880813;12969.8461303711
1.76156609897199;8415.84797668457
1.76448259913585;13354.0524597168
1.76739909929971;7966.72769165039
1.77031559946357;8934.02565002441
1.77323209962743;5463.51313781738
1.7761485997913;13298.0995693207
1.77906509995516;8378.28875732422
1.78198160011902;9916.793800354
1.78489810028288;4904.62509155273
1.78781460044674;5524.21776199341
1.7907311006106;12210.4392700195
1.79364760077446;12632.4784393311
1.79656410093832;7934.57900238037
1.79948060110218;10643.2475852966
1.80239710126604;7394.26463317871
1.8053136014299;6477.9107208252
1.80823010159377;10878.2492485046
1.81114660175763;9644.42489624023
1.81406310192149;6484.83325195313
1.81697960208535;7650.01801300049
1.81989610224921;8464.24089050293
1.82281260241307;10021.3969421387
1.82572910257693;6684.27185058594
1.82864560274079;11169.9936676025
1.83156210290465;8380.54042053223
1.83447860306851;15047.3530082703
1.83739510323237;9013.78626441956
1.84031160339624;7300.18181419373
1.8432281035601;9037.95556640625
1.84614460372396;8165.72625541687
1.84906110388782;11086.979511261
1.85197760405168;7310.30004882813
1.85489410421554;7557.13526916504
1.8578106043794;11987.6918334961
1.86072710454326;4088.19452476501
1.86364360470712;9906.14210319519
1.86656010487098;5129.27410888672
1.86947660503484;8617.48564910889
1.87239310519871;5648.83694458008
1.87530960536257;15265.6125259399
1.87822610552643;13158.325920105
1.88114260569029;6294.10174560547
1.88405910585415;7822.65458679199
1.88697560601801;10794.2918319702
1.88989210618187;5421.99105453491
1.89280860634573;10183.2698364258
1.89572510650959;10364.000415802
1.89864160667345;12563.7900428772
1.90155810683731;8279.67672729492
1.90447460700118;6931.61315917969
1.90739110716504;7634.36693954468
1.9103076073289;15197.9835281372
1.91322410749276;13420.3581390381
1.91614060765662;13396.5716247559
1.91905710782048;6539.97745513916
1.92197360798434;15600.4139633179
1.9248901081482;6619.53546142578
1.92780660831206;8185.32052612305
1.93072310847592;14045.8647003174
1.93363960863978;14354.4311828613
1.93655610880365;8850.64482116699
1.93947260896751;6087.30421447754
1.94238910913137;7613.40149688721
1.94530560929523;7644.10850524902
1.94822210945909;15155.8120422363
1.95113860962295;14215.6309204102
1.95405510978681;7761.50170898438
1.95697160995067;9560.72541046143
1.95988811011453;9278.12931060791
1.96280461027839;10687.8555603027
1.96572111044225;7328.72664642334
1.96863761060612;1728.52370262146
1.97155411076998;7234.43344116211
1.97447061093384;11398.2434463501
1.9773871110977;10565.2731018066
1.98030361126156;13468.4389896393
1.98322011142542;11799.7976150513
1.98613661158928;12658.5514144897
1.98905311175314;8431.4683380127
1.991969611917;4981.15840911865
1.99488611208086;10869.1181716919
1.99780261224472;5997.50587463379
2.00071911240859;10480.779914856
2.00363561257245;19639.0429000854
2.00655211273631;7823.48334884644
2.00946861290017;10195.2888851166
2.01238511306403;6545.23315429688
2.01530161322789;10248.1405563354
2.01821811339175;3431.20423698425
2.02113461355561;2483.46084022522
2.02405111371947;7834.61248779297
2.02696761388333;9669.46590042114
2.02988411404719;11553.9308547974
2.03280061421106;12746.3020133972
2.03571711437492;9499.48731231689
2.03863361453878;12448.1123809814
2.04155011470264;9307.0139465332
2.0444666148665;10914.2854042053
2.04738311503036;6285.87202453613
2.05029961519422;13112.0507507324
2.05321611535808;5839.93344116211
2.05613261552194;8975.55400848389
2.0590491156858;7163.76654052734
2.06196561584966;5968.91676330566
2.06488211601353;9694.3890838623
2.06779861617739;6774.77793312073
2.07071511634125;11337.012512207
2.07363161650511;8880.7919921875
2.07654811666897;11931.8235473633
2.07946461683283;14059.7363395691
2.08238111699669;10012.3100585938
2.08529761716055;7471.05474853516
2.08821411732441;14107.9233703613
2.09113061748827;6286.33505058289
2.09404711765213;7431.33543395996
2.096963617816;13453.7908821106
2.09988011797986;4835.40280151367
2.10279661814372;9948.40655136108
2.10571311830758;11062.4083557129
2.10862961847144;10429.6112518311
2.1115461186353;12474.9486465454
2.11446261879916;24039.2209854126
2.11737911896302;8022.27606201172
2.12029561912688;10633.9055080414
2.12321211929074;12089.4541320801
2.1261286194546;11108.4375991821
2.12904511961847;8222.95960998535
2.13196161978233;15483.7643432617
2.13487811994619;7566.94812774658
2.13779462011005;9674.76231002808
2.14071112027391;9058.03252029419
2.14362762043777;14420.6639862061
2.14654412060163;17431.0460910797
2.14946062076549;15909.5079345703
2.15237712092935;10758.7398986816
2.15529362109321;6116.2088470459
2.15821012125707;10849.08203125
2.16112662142094;3143.67496299744
2.1640431215848;10511.4253845215
2.16695962174866;11232.8059082031
2.16987612191252;9600.55599975586
2.17279262207638;8370.66246032715
2.17570912224024;7655.29798126221
2.1786256224041;17394.9911193848
2.18154212256796;6553.0652141571
2.18445862273182;5771.43326568604
2.18737512289568;10976.0496330261
2.19029162305954;4299.35147857666
2.19320812322341;11683.8441162109
2.19612462338727;7881.69430541992
2.19904112355113;12528.0852508545
2.20195762371499;8778.63200378418
2.20487412387885;6920.4278717041
2.20779062404271;12673.6980285645
2.21070712420657;7414.24633789063
2.21362362437043;6669.50411605835
2.21654012453429;6695.57800292969
2.21945662469815;8313.73545837402
2.22237312486201;10826.1786556244
2.22528962502588;14346.9462585449
2.22820612518974;8099.75033569336
2.2311226253536;11931.1949005127
2.23403912551746;14415.3625831604
2.23695562568132;10816.6355133057
2.23987212584518;11728.8075408936
2.24278862600904;11147.3021392822
2.2457051261729;13732.5064620972
2.24862162633676;16393.2280845642
2.25153812650062;9378.15214538574
2.25445462666448;10285.3914718628
2.25737112682835;10020.9978485107
2.26028762699221;16986.1685256958
2.26320412715607;11721.2633361816
2.26612062731993;6634.14168548584
2.26903712748379;3988.53125
2.27195362764765;9443.60659790039
2.27487012781151;15295.4771347046
2.27778662797537;14140.8870010376
2.28070312813923;14193.2001647949
2.28361962830309;7842.64337921143
2.28653612846695;9970.9200592041
2.28945262863082;7505.60704612732
2.29236912879468;8728.12023925781
2.29528562895854;10165.180480957
2.2982021291224;6679.546875
2.30111862928626;7057.97912597656
2.30403512945012;4515.63750267029
2.30695162961398;11657.3496856689
2.30986812977784;7681.70336914063
2.3127846299417;6806.35025596619
2.31570113010556;7147.17933654785
2.31861763026942;5066.82420349121
2.32153413043329;17995.2118644714
2.32445063059715;12721.7454223633
2.32736713076101;9757.60493469238
2.33028363092487;9638.58760070801
2.33320013108873;10009.5266418457
2.33611663125259;10262.4444522858
2.33903313141645;9210.75554656982
2.34194963158031;15234.5485038757
2.34486613174417;6103.38464355469
2.34778263190803;15499.3885974884
2.35069913207189;12941.4010467529
2.35361563223576;8501.63292694092
2.35653213239962;5156.77560424805
2.35944863256348;8962.79905700684
2.36236513272734;7398.30035400391
2.3652816328912;11151.5872077942
2.36819813305506;5481.63666725159
2.37111463321892;7684.16735839844
2.37403113338278;13948.2811889648
2.37694763354664;7946.73989868164
2.3798641337105;21247.3080291748
2.38278063387436;7584.30045318604
2.38569713403823;9035.7170715332
2.38861363420209;8299.35682678223
2.39153013436595;7397.18128967285
2.39444663452981;14563.9318313599
2.39736313469367;9195.0465297699
2.40027963485753;17071.5605163574
2.40319613502139;8421.39839935303
2.40611263518525;8399.57002830505
2.40902913534911;7591.17183685303
2.41194563551297;6144.08949279785
2.41486213567683;10463.0584983826
2.4177786358407;8384.50161743164
2.42069513600456;6055.37377166748
2.42361163616842;15031.8480834961
2.42652813633228;9748.07592010498
2.42944463649614;8768.69626426697
2.43236113666;7214.12110519409
2.43527763682386;17336.2767715454
2.43819413698772;8660.13906097412
2.44111063715158;9645.51412010193
2.44402713731544;5634.57577705383
2.44694363747931;4133.78279304504
2.44986013764317;1964.30477905273
2.45277663780703;9262.72426605225
2.45569313797089;22066.7977294922
2.45860963813475;15711.4594726563
2.46152613829861;9867.83923339844
2.46444263846247;8382.73608398438
2.46735913862633;6639.36240005493
2.47027563879019;10950.6668510437
2.47319213895405;16413.7968597412
2.47610863911791;14432.1190948486
2.47902513928178;5232.77116012573
2.48194163944564;12023.1831207275
2.4848581396095;12802.4314956665
2.48777463977336;9406.38801383972
2.49069113993722;13905.3688659668
2.49360764010108;11903.0143127441
2.49652414026494;9096.39801025391
2.4994406404288;6667.71784210205
2.50235714059266;8195.00184631348
2.50527364075652;4976.28954696655
2.50819014092038;5522.87084960938
2.51110664108425;10205.1008262634
2.51402314124811;10739.4400100708
2.51693964141197;11467.1596679688
2.51985614157583;10677.605506897
2.52277264173969;10184.2292613983
2.52568914190355;6797.94047546387
2.52860564206741;6080.47071838379
2.53152214223127;8301.4751663208
2.53443864239513;16642.377363205
2.53735514255899;6405.57467651367
2.54027164272285;9340.45927429199
2.54318814288672;12942.2628822327
2.54610464305058;6354.99578857422
2.54902114321444;7667.68334960938
2.5519376433783;14445.6850738525
2.55485414354216;24220.9797363281
2.55777064370602;13220.1313476563
2.56068714386988;7536.22125244141
2.56360364403374;7802.17758178711
2.5665201441976;15816.0041732788
2.56943664436146;8585.77668762207
2.57235314452532;12847.5945281982
2.57526964468919;11587.9814453125
2.57818614485305;4784.18769836426
2.58110264501691;7419.76780700684
2.58401914518077;3614.16092681885
2.58693564534463;7182.50160217285
2.58985214550849;6192.03357315063
2.59276864567235;7915.19484329224
2.59568514583621;7961.28541755676
2.59860164600007;9258.05955505371
2.60151814616393;11410.1504516602
2.60443464632779;9560.89524841309
2.60735114649166;14254.1255645752
2.61026764665552;9350.8332824707
2.61318414681938;14834.0028381348
2.61610064698324;17083.2945404053
2.6190171471471;6573.02143478394
2.62193364731096;6186.469871521
2.62485014747482;7399.13319396973
2.62776664763868;19658.7315292358
2.63068314780254;11869.5095062256
2.6335996479664;13938.5485534668
2.63651614813026;13311.4280548096
2.63943264829413;11348.6838226318
2.64234914845799;3615.68746566772
2.64526564862185;7340.57084846497
2.64818214878571;4997.87120056152
2.65109864894957;12183.1541213989
2.65401514911343;6486.20003509521
2.65693164927729;13461.4266662598
2.65984814944115;9179.38934326172
2.66276464960501;11147.4153823853
2.66568114976887;7171.23031616211
2.66859764993273;6973.331615448
2.6715141500966;10584.7538146973
2.67443065026046;20061.8589897156
2.67734715042432;10132.5149497986
2.68026365058818;10454.4716339111
2.68318015075204;14773.6773605347
2.6860966509159;7334.25787353516
2.68901315107976;12131.5668640137
2.69192965124362;3265.82080078125
2.69484615140748;11498.6526184082
2.69776265157134;12734.1329193115
2.7006791517352;13645.1415710449
2.70359565189907;12740.6490936279
2.70651215206293;9776.07591247559
2.70942865222679;10417.6730270386
2.71234515239065;10499.9776992798
2.71526165255451;9214.53060913086
2.71817815271837;24683.3760910034
2.72109465288223;8807.88464355469
2.72401115304609;3236.86456298828
2.72692765320995;7631.03601837158
2.72984415337381;10879.658164978
2.73276065353767;11087.8090744019
2.73567715370154;11667.7234191895
2.7385936538654;14781.6957473755
2.74151015402926;10991.1741027832
2.74442665419312;12973.7104492188
2.74734315435698;10390.6893081665
2.75025965452084;8233.86083984375
2.7531761546847;10660.5779418945
2.75609265484856;10944.6114425659
2.75900915501242;10046.1634025574
2.76192565517628;11102.7613945007
2.76484215534014;5972.67491722107
2.76775865550401;8115.23449707031
2.77067515566787;8426.72799682617
2.77359165583173;10497.537109375
2.77650815599559;10230.4175567627
2.77942465615945;13240.4472198486
2.78234115632331;11577.9658432007
2.78525765648717;8252.83316040039
2.78817415665103;6063.80879974365
2.79109065681489;8961.51442718506
2.79400715697875;8617.69289207459
2.79692365714261;14326.5904273987
2.79984015730648;4671.60864257813
2.80275665747034;10112.6208724976
2.8056731576342;7059.49883651733
2.80858965779806;9682.60302734375
2.81150615796192;11606.8715362549
2.81442265812578;7013.79586791992
2.81733915828964;13163.706533432
2.8202556584535;10086.939666748
2.82317215861736;10122.4118347168
2.82608865878122;7005.16836547852
2.82900515894508;6738.95505142212
2.83192165910895;11079.6540870667
2.83483815927281;12183.6033630371
2.83775465943667;16320.1012268066
2.84067115960053;10017.1882362366
2.84358765976439;10291.9482116699
2.84650415992825;12913.0957336426
2.84942066009211;7220.20997619629
2.85233716025597;15673.5287208557
2.85525366041983;7560.74270820618
2.85817016058369;13502.7995853424
2.86108666074755;10255.7097053528
2.86400316091142;6677.2770690918
2.86691966107528;11628.3954486847
2.86983616123914;11795.5441207886
2.872752661403;7780.74855041504
2.87566916156686;6200.56664657593
2.87858566173072;9765.69537353516
2.88150216189458;9359.79293823242
2.88441866205844;14363.7212982178
2.8873351622223;12837.0618591309
2.89025166238616;13940.7999267578
2.89316816255002;12754.9343338013
2.89608466271389;9869.96935272217
2.89900116287775;6791.56282043457
2.90191766304161;7241.67025756836
2.90483416320547;7446.79581832886
2.90775066336933;8292.39945220947
2.91066716353319;4725.56620788574
2.91358366369705;14625.8956756592
2.91650016386091;9798.79106140137
2.91941666402477;9639.10007476807
2.92233316418863;7959.93960571289
2.92524966435249;7218.4771270752
2.92816616451636;7196.94878387451
2.93108266468022;10280.4499816895
2.93399916484408;8663.59338188171
2.93691566500794;15845.3164367676
2.9398321651718;12995.6278686523
2.94274866533566;3342.01245117188
2.94566516549952;22885.7154846191
2.94858166566338;9581.44373321533
2.95149816582724;11380.0625305176
2.9544146659911;8573.46212387085
2.95733116615496;8741.37092399597
2.96024766631883;9273.54537391663
2.96316416648269;7833.39834594727
2.96608066664655;6078.89719772339
2.96899716681041;11828.0920791626
2.97191366697427;5377.81686210632
2.97483016713813;11108.2771759033
2.97774666730199;7120.91435432434
2.98066316746585;4163.78929138184
2.98357966762971;5213.59963989258
2.98649616779357;8146.64801025391
2.98941266795743;10354.9757957458
2.9923291681213;8347.90841674805
2.99524566828516;11175.1816101074
2.99816216844902;2673.54229736328
3.00107866861288;7922.1155090332
3.00399516877674;10756.9242706299
3.0069116689406;13798.421541214
3.00982816910446;6873.90669250488
3.01274466926832;9339.15905761719
3.01566116943218;7634.54602813721
3.01857766959604;8254.66662597656
3.0214941697599;4917.37275695801
3.02441066992377;8009.16682624817
3.02732717008763;7859.17042541504
3.03024367025149;13657.1869812012
3.03316017041535;15104.5650138855
3.03607667057921;9787.93755340576
3.03899317074307;2462.87998962402
3.04190967090693;5122.57167053223
3.04482617107079;9099.46765899658
3.04774267123465;10665.4981689453
3.05065917139851;13986.1673316956
3.05357567156237;16528.5522460938
3.05649217172624;13557.3911819458
3.0594086718901;17578.525718689
3.06232517205396;11653.0115127563
3.06524167221782;5770.06687927246
3.06815817238168;16837.5039749146
3.07107467254554;17181.1358013153
3.0739911727094;5782.37574768066
3.07690767287326;11652.3128585815
3.07982417303712;5782.36234283447
3.08274067320098;10830.8334960938
3.08565717336484;6425.21488952637
3.08857367352871;11050.4167022705
3.09149017369257;10103.7911529541
3.09440667385643;22115.9952850342
3.09732317402029;7307.09577941895
3.10023967418415;7528.51519584656
3.10315617434801;12367.0022354126
3.10607267451187;7336.76264953613
3.10898917467573;11103.6062316895
3.11190567483959;9599.96266937256
3.11482217500345;7015.29627609253
3.11773867516731;7248.13255310059
3.12065517533118;7365.42718505859
3.12357167549504;4689.73732757568
3.1264881756589;16660.9101257324
3.12940467582276;8840.20203781128
3.13232117598662;9043.5753993988
3.13523767615048;9464.83578491211
3.13815417631434;11148.6973667145
3.1410706764782;6378.01866149902
3.14398717664206;13546.1169586182
3.14690367680592;10296.4530944824
3.14982017696978;6417.05608177185
3.15273667713365;15950.0729980469
3.15565317729751;13648.5807800293
3.15856967746137;6047.39865112305
3.16148617762523;6279.49169921875
3.16440267778909;2686.51647949219
3.16731917795295;6574.32947540283
3.17023567811681;12464.2856216431
3.17315217828067;5596.89027404785
3.17606867844453;4048.74998474121
3.17898517860839;11368.4768009186
3.18190167877225;9122.73166275024
3.18481817893612;6147.02928543091
3.18773467909998;10577.5082550049
3.19065117926384;9430.5343170166
3.1935676794277;25957.810131073
3.19648417959156;11374.706609726
3.19940067975542;8587.85111999512
3.20231717991928;6814.51675415039
3.20523368008314;6678.31819915771
3.208150180247;13925.4831085205
3.21106668041086;14117.2733917236
3.21398318057472;5389.93715667725
3.21689968073859;9910.04457855225
3.21981618090245;4495.84275817871
3.22273268106631;7999.23892211914
3.22564918123017;10983.7010040283
3.22856568139403;12050.3926696777
3.23148218155789;8630.5435962677
3.23439868172175;11643.0329742432
3.23731518188561;14063.8342285156
3.24023168204947;6707.39688110352
3.24314818221333;11267.9106941223
3.24606468237719;4478.91313934326
3.24898118254106;13604.3656425476
3.25189768270492;9129.7482509613
3.25481418286878;3154.45532608032
3.25773068303264;11773.8948974609
3.2606471831965;9650.66094970703
3.26356368336036;5081.07567596436
3.26648018352422;12807.7930908203
3.26939668368808;10968.4291534424
3.27231318385194;10205.9434814453
3.2752296840158;6911.43283653259
3.27814618417966;10562.2082862854
3.28106268434353;15078.0277023315
3.28397918450739;12733.4002380371
3.28689568467125;2973.07281494141
3.28981218483511;9644.81958007813
3.29272868499897;9519.1749420166
3.29564518516283;14939.3550415039
3.29856168532669;12089.6534729004
3.30147818549055;11313.2621231079
3.30439468565441;12432.4813652039
3.30731118581827;18717.5434875488
3.31022768598213;8536.56507873535
3.313144186146;9458.72606658936
3.31606068630986;9537.02689743042
3.31897718647372;15747.2331542969
3.32189368663758;12635.0575408936
3.32481018680144;7947.50816345215
3.3277266869653;13667.2834701538
3.33064318712916;13242.2104034424
3.33355968729302;8639.64183807373
3.33647618745688;5632.86004638672
3.33939268762074;10033.4687805176
3.34230918778461;10013.3409290314
3.34522568794847;11155.3544158936
3.34814218811233;6351.58330345154
3.35105868827619;7190.8020324707
3.35397518844005;10056.6478424072
3.35689168860391;5747.36877441406
3.35980818876777;5337.35733032227
3.36272468893163;4252.73064804077
3.36564118909549;12783.1114501953
3.36855768925935;7302.58869934082
3.37147418942321;8921.54355239868
3.37439068958708;8583.45209503174
3.37730718975094;9408.85619354248
3.3802236899148;10424.0872097015
3.38314019007866;2194.3955116272
3.38605669024252;6359.95407104492
3.38897319040638;5328.63859558105
3.39188969057024;7423.65364837646
3.3948061907341;19882.6520996094
3.39772269089796;8296.57721710205
3.40063919106182;8793.3053894043
3.40355569122568;11808.6477622986
3.40647219138955;5535.41238212585
3.40938869155341;7371.46910095215
3.41230519171727;17301.3161773682
3.41522169188113;10557.0331268311
3.41813819204499;7497.89982223511
3.42105469220885;8802.35060119629
3.42397119237271;7340.7509765625
3.42688769253657;11450.9425964355
3.42980419270043;9617.024269104
3.43272069286429;6006.9782409668
3.43563719302815;8428.91761779785
3.43855369319202;10286.0736694336
3.44147019335588;9084.64733886719
3.44438669351974;9800.40603637695
3.4473031936836;7487.45407104492
3.45021969384746;13075.9039154053
3.45313619401132;17271.7634277344
3.45605269417518;5406.19165039063
3.45896919433904;14070.5682373047
3.4618856945029;8405.68336486816
3.46480219466676;13593.378868103
3.46771869483062;8585.14414215088
3.47063519499449;11594.7110023499
3.47355169515835;6183.22702026367
3.47646819532221;12830.8856887817
3.47938469548607;5962.98776245117
3.48230119564993;12546.2206420898
3.48521769581379;9721.26741409302
3.48813419597765;5921.74759674072
3.49105069614151;6090.80627441406
3.49396719630537;8333.62287139893
3.49688369646923;12284.9128875732
3.49980019663309;7975.52565002441
3.50271669679696;8183.5587310791
3.50563319696082;6433.24958610535
3.50854969712468;11345.0516891479
3.51146619728854;14779.9706077576
3.5143826974524;12782.0008659363
3.51729919761626;15196.4649505615
3.52021569778012;13325.9674835205
3.52313219794398;14822.0659790039
3.52604869810784;6332.6262512207
3.5289651982717;10042.6819076538
3.53188169843556;7089.9250793457
3.53479819859943;12856.9958953857
3.53771469876329;23906.0208282471
3.54063119892715;7037.51644897461
3.54354769909101;12054.9999237061
3.54646419925487;5888.71539306641
3.54938069941873;8805.05035209656
3.55229719958259;4792.72926330566
3.55521369974645;6188.04500579834
3.55813019991031;9681.04148483276
3.56104670007417;12218.4680633545
3.56396320023803;4732.14218902588
3.56687970040189;12929.9043579102
3.56979620056576;1486.07913208008
3.57271270072962;5908.27082443237
3.57562920089348;4508.80407714844
3.57854570105734;12978.3379364014
3.5814622012212;9265.39915275574
3.58437870138506;8732.68007659912
3.58729520154892;15631.7951507568
3.59021170171278;11608.173418045
3.59312820187664;20516.0737380981
3.5960447020405;10394.5390167236
3.59896120220436;12781.1117935181
3.60187770236823;7279.37019348145
3.60479420253209;12523.9363632202
3.60771070269595;9683.26509857178
3.61062720285981;15804.7920837402
3.61354370302367;13073.6885528564
3.61646020318753;7117.55449676514
3.61937670335139;10857.7091064453
3.62229320351525;5838.57073974609
3.62520970367911;5081.41583251953
3.62812620384297;9905.22969055176
3.63104270400683;9953.80961227417
3.6339592041707;6249.33721923828
3.63687570433456;13466.9084587097
3.63979220449842;12684.2395477295
3.64270870466228;9139.70949554443
3.64562520482614;7459.47386169434
3.64854170499;9792.60481262207
3.65145820515386;10487.0243148804
3.65437470531772;10196.443862915
3.65729120548158;6987.89152526855
3.66020770564544;24162.4710845947
3.66312420580931;11118.6875343323
3.66604070597317;12828.7428321838
3.66895720613703;11604.7981071472
3.67187370630089;14153.7125091553
3.67479020646475;8184.00523376465
3.67770670662861;4185.30870056152
3.68062320679247;12924.4564666748
3.68353970695633;11386.640411377
3.68645620712019;11322.975112915
3.68937270728405;6274.43450927734
3.69228920744791;17331.4215927124
3.69520570761178;9685.45361328125
3.69812220777564;6162.5090713501
3.7010387079395;15062.4574222565
3.70395520810336;10153.1677131653
3.70687170826722;10407.1501617432
3.70978820843108;8080.79849243164
3.71270470859494;7976.55001831055
3.7156212087588;7006.56273651123
3.71853770892266;14875.3328857422
3.72145420908652;10957.5366592407
3.72437070925038;8587.08444786072
3.72728720941425;12180.5789260864
3.73020370957811;2212.29162597656
3.73312020974197;10158.274433136
3.73603670990583;15827.5527954102
3.73895321006969;6759.4591217041
3.74186971023355;12318.2483673096
3.74478621039741;8149.47397994995
3.74770271056127;15542.2456283569
3.75061921072513;5509.64007568359
3.75353571088899;9047.96292114258
3.75645221105285;9645.07917785645
3.75936871121672;7434.21232414246
3.76228521138058;3568.15202713013
3.76520171154444;10833.7677154541
3.7681182117083;11723.042350769
3.77103471187216;5715.91248893738
3.77395121203602;9097.59774780273
3.77686771219988;13171.0378799438
3.77978421236374;13564.8910217285
3.7827007125276;13693.5002822876
3.78561721269146;8753.09736251831
3.78853371285532;10368.4482116699
3.79145021301919;8144.13613033295
3.79436671318305;11465.8410797119
3.79728321334691;12374.8032684326
3.80019971351077;12034.1834869385
3.80311621367463;8565.00319671631
3.80603271383849;9804.70919036865
3.80894921400235;12573.4188690186
3.81186571416621;11425.1157913208
3.81478221433007;7490.2240447998
3.81769871449393;8856.19756317139
3.82061521465779;12699.5870018005
3.82353171482166;7072.71684265137
3.82644821498552;12269.5327453613
3.82936471514938;11867.3787078857
3.83228121531324;15599.8184814453
3.8351977154771;12386.6046791077
3.83811421564096;8348.36372375488
3.84103071580482;7315.50682830811
3.84394721596868;7912.6184387207
3.84686371613254;9116.18641662598
3.8497802162964;8660.39593505859
3.85269671646026;16055.5284576416
3.85561321662413;5969.88967895508
3.85852971678799;10136.7569198608
3.86144621695185;8539.80671691895
3.86436271711571;9595.70827484131
3.86727921727957;6609.10947799683
3.87019571744343;13423.7127742767
3.87311221760729;12113.753868103
3.87602871777115;6657.89436340332
3.87894521793501;16657.3496818542
3.88186171809887;9982.52926063538
3.88477821826273;9724.3385925293
3.8876947184266;2957.12502670288
3.89061121859046;18441.6530761719
3.89352771875432;11063.2401618958
3.89644421891818;3162.30335235596
3.89936071908204;6982.47091674805
3.9022772192459;5947.48481941223
3.90519371940976;11759.5764923096
3.90811021957362;9447.88681793213
3.91102671973748;11948.8981552124
3.91394321990134;13012.2701416016
3.9168597200652;16282.8737182617
3.91977622022907;6261.82716369629
3.92269272039293;7662.17288208008
3.92560922055679;5698.87066459656
3.92852572072065;9906.49356079102
3.93144222088451;12493.7449817657
3.93435872104837;24659.8903808594
3.93727522121223;7392.36316108704
3.94019172137609;7372.39962005615
3.94310822153995;12572.8764038086
3.94602472170381;12085.1499328613
3.94894122186767;5246.98604202271
3.95185772203154;9887.52865600586
3.9547742221954;5313.6000289917
3.95769072235926;5293.08889389038
3.96060722252312;7206.22090911865
3.96352372268698;9352.00411987305
3.96644022285084;15045.0513763428
3.9693567230147;9774.58528137207
3.97227322317856;10845.4427490234
3.97518972334242;12358.7621231079
3.97810622350628;8785.70812225342
3.98102272367014;10814.325012207
3.98393922383401;11257.9645385742
3.98685572399787;6483.83799743652
3.98977222416173;7519.16325378418
3.99268872432559;10137.3714065552
3.99560522448945;7418.48756408691
3.99852172465331;8819.75702667236
4.00143822481717;4845.76791000366
4.00435472498103;18394.0328636169
4.00727122514489;7092.48778533936
4.01018772530875;15452.2188873291
4.01310422547261;4814.2336730957
4.01602072563648;8649.24456787109
4.01893722580034;10900.573551178
4.0218537259642;8745.23095703125
4.02477022612806;12348.7429351807
4.02768672629192;11486.2177429199
4.03060322645578;9699.40425872803
4.03351972661964;19070.8077545166
4.0364362267835;8352.26132011414
4.03935272694736;8356.91032409668
4.04226922711122;12465.9020996094
4.04518572727508;11980.3502349854
4.04810222743895;10670.1783905029
4.05101872760281;7559.03409576416
4.05393522776667;13945.3193588257
4.05685172793053;7611.84190368652
4.05976822809439;8687.83387756348
4.06268472825825;2978.77157592773
4.06560122842211;7883.82122039795
4.06851772858597;14463.9459762573
4.07143422874983;10016.3751983643
4.07435072891369;8846.81409454346
4.07726722907755;6267.14717102051
4.08018372924142;8547.53546905518
4.08310022940528;9665.96114349365
4.08601672956914;8670.32538986206
4.088933229733;9316.73740768433
4.09184972989686;8212.20774841309
4.09476623006072;12023.5917358398
4.09768273022458;3124.71330070496
4.10059923038844;13246.4844360352
4.1035157305523;12404.8064537048
4.10643223071616;5765.45416259766
4.10934873088002;11591.6330909729
4.11226523104389;12858.050901413
4.11518173120775;13454.0734481812
4.11809823137161;9555.1568145752
4.12101473153547;10463.997751236
4.12393123169933;6610.02978515625
4.12684773186319;9528.32693099976
4.12976423202705;11435.8199005127
4.13268073219091;4672.86543464661
4.13559723235477;8869.27418518066
4.13851373251863;4839.3666229248
4.14143023268249;12730.3205108643
4.14434673284636;10948.493019104
4.14726323301022;9330.59118461609
4.15017973317408;8740.79236030579
4.15309623333794;11942.4742050171
4.1560127335018;6668.59138870239
4.15892923366566;11023.0209350586
4.16184573382952;6615.41814422607
4.16476223399338;8243.37295532227
4.16767873415724;7219.85217285156
4.1705952343211;7121.99243164063
4.17351173448496;6522.758934021
4.17642823464883;5932.55706787109
4.17934473481269;8700.46662902832
4.18226123497655;5972.91832733154
4.18517773514041;14720.7471923828
4.18809423530427;14467.8751564026
4.19101073546813;14046.3386306763
4.19392723563199;10512.5207366943
4.19684373579585;4687.66667938232
4.19976023595971;5764.77082061768
4.20267673612357;8382.14226531982
4.20559323628743;13583.2996902466
4.2085097364513;11576.1016845703
4.21142623661516;4283.22994232178
4.21434273677902;13959.8850097656
4.21725923694288;14764.6033592224
4.22017573710674;7062.91961669922
4.2230922372706;23629.8376159668
4.22600873743446;9319.32092285156
4.22892523759832;18260.0907287598
4.23184173776218;9656.49375152588
4.23475823792604;12380.9426345825
4.2376747380899;6346.13226318359
4.24059123825377;8307.63302230835
4.24350773841763;16490.8831329346
4.24642423858149;5788.52323913574
4.24934073874535;9076.55256271362
4.25225723890921;9491.41017913818
4.25517373907307;13585.6610984802
4.25809023923693;9084.8591003418
4.26100673940079;9747.20570373535
4.26392323956465;8010.20419311523
4.26683973972851;7270.26351547241
4.26975623989237;11250.396572113
4.27267274005624;7676.32775878906
4.2755892402201;16450.8199386597
4.27850574038396;7487.05033874512
4.28142224054782;10219.3674697876
4.28433874071168;6453.57666015625
4.28725524087554;7803.23316955566
4.2901717410394;9808.22497558594
4.29308824120326;5953.58453369141
4.29600474136712;8220.0727596283
4.29892124153098;9270.1174697876
4.30183774169485;5419.38758850098
4.30475424185871;5104.4638671875
4.30767074202257;17517.2838726044
4.31058724218643;10487.0535545349
4.31350374235029;8685.53441619873
4.31642024251415;3899.12969207764
4.31933674267801;7089.12894439697
4.32225324284187;10128.9333877563
4.32516974300573;8919.48347473145
4.32808624316959;9554.67782020569
4.33100274333345;7004.47192001343
4.33391924349731;9014.31359863281
4.33683574366118;5784.74179077148
4.33975224382504;5995.21029663086
4.3426687439889;9876.97666549683
4.34558524415276;13844.634557724
4.34850174431662;13071.0761108398
4.35141824448048;13713.7103767395
4.35433474464434;5207.80818939209
4.3572512448082;10972.8077392578
4.36016774497206;7092.48583221436
4.36308424513592;9764.90048217773
4.36600074529979;5795.52137756348
4.36891724546365;12046.3614082336
4.37183374562751;18270.3317184448
4.37475024579137;15414.6037979126
4.37766674595523;20300.9410247803
4.38058324611909;7715.52048301697
4.38349974628295;9264.34281921387
4.38641624644681;9136.25146484375
4.38933274661067;4964.73401641846
4.39224924677453;10426.0583572388
4.39516574693839;4326.61040306091
4.39808224710225;7880.0489654541
4.40099874726612;11100.4093780518
4.40391524742998;8265.32618713379
4.40683174759384;8117.76945495605
4.4097482477577;10601.757976532
4.41266474792156;11534.0953063965
4.41558124808542;11912.2363700867
4.41849774824928;9755.55249023438
4.42141424841314;9668.08016967773
4.424330748577;9364.30461120605
4.42724724874086;10202.0573272705
4.43016374890473;5446.15103530884
4.43308024906859;14976.3115158081
4.43599674923245;13369.0933246613
4.43891324939631;8354.34783935547
4.44182974956017;4622.65738105774
4.44474624972403;8039.58766174316
4.44766274988789;16876.2881622314
4.45057925005175;17469.0267791748
4.45349575021561;12467.4671325684
4.45641225037947;12662.4419784546
4.45932875054333;6910.6167755127
4.46224525070719;8743.98408508301
4.46516175087106;12937.4311676025
4.46807825103492;9514.35359191895
4.47099475119878;6110.43330192566
4.47391125136264;7705.95086669922
4.4768277515265;10547.842956543
4.47974425169036;11661.8020706177
4.48266075185422;5567.95166015625
4.48557725201808;14236.1987571716
4.48849375218194;14915.7153930664
4.4914102523458;5940.32758331299
4.49432675250967;9667.71755218506
4.49724325267353;11555.5619659424
4.50015975283739;14016.4478988647
4.50307625300125;3496.61780166626
4.50599275316511;15466.1434783936
4.50890925332897;12391.6696166992
4.51182575349283;6111.42242527008
4.51474225365669;12715.1064758301
4.51765875382055;6597.61386489868
4.52057525398441;3652.18912696838
4.52349175414827;11215.1743469238
4.52640825431213;12145.3690338135
4.529324754476;5579.72706604004
4.53224125463986;10695.4960327148
4.53515775480372;10622.4500579834
4.53807425496758;20009.1795196533
4.54099075513144;8375.8427734375
4.5439072552953;22009.0558776855
4.54682375545916;6574.27682876587
4.54974025562302;4878.8292388916
4.55265675578688;7264.45947265625
4.55557325595074;5924.15830993652
4.55848975611461;7269.21896362305
4.56140625627847;13084.8489570618
4.56432275644233;13539.9550476074
4.56723925660619;10655.9611434937
4.57015575677005;4697.29571533203
4.57307225693391;7633.8397064209
4.57598875709777;5448.88376617432
4.57890525726163;4873.87502288818
4.58182175742549;7354.32842254639
4.58473825758935;9689.06499481201
4.58765475775321;12060.4226531982
4.59057125791708;6746.88035583496
4.59348775808094;8044.63537597656
4.5964042582448;17024.6937179565
4.59932075840866;7788.70924377441
4.60223725857252;15857.5127716064
4.60515375873638;11023.5504760742
4.60807025890024;8363.14583206177
4.6109867590641;7576.43371582031
4.61390325922796;3308.94635009766
4.61681975939182;12298.678024292
4.61973625955568;8196.15620422363
4.62265275971955;6521.42999267578
4.62556925988341;16573.6551971436
4.62848576004727;10829.6196212769
4.63140226021113;7574.46219444275
4.63431876037499;16407.674446106
4.63723526053885;8237.02672576904
4.64015176070271;15291.2084980011
4.64306826086657;9690.87698364258
4.64598476103043;8609.49639129639
4.64890126119429;10108.1133880615
4.65181776135815;5167.32184028625
4.65473426152202;9037.33997344971
4.65765076168588;7469.56122589111
4.66056726184974;11133.5842132568
4.6634837620136;7401.17227172852
4.66640026217746;5744.97094726563
4.66931676234132;19200.803237915
4.67223326250518;6328.4402923584
4.67514976266904;10467.4719085693
4.6780662628329;12005.6817169189
4.68098276299676;5562.63500976563
4.68389926316062;10847.0937423706
4.68681576332449;9864.58026123047
4.68973226348835;6794.75902175903
4.69264876365221;10270.4365844727
4.69556526381607;10858.6293373108
4.69848176397993;11763.7974472046
4.70139826414379;8600.78322601318
4.70431476430765;7553.55082702637
4.70723126447151;10447.3445053101
4.71014776463537;10559.3947658539
4.71306426479923;11058.7241516113
4.71598076496309;13974.883392334
4.71889726512696;7793.62210845947
4.72181376529082;3586.00159645081
4.72473026545468;6336.03752708435
4.72764676561854;9498.34983062744
4.7305632657824;6143.28649520874
4.73347976594626;7146.9045715332
4.73639626611012;5975.06669616699
4.73931276627398;8955.78415679932
4.74222926643784;7760.91465759277
4.7451457666017;7230.86239624023
4.74806226676556;6754.83546066284
4.75097876692942;4672.24606323242
4.75389526709329;10736.0522689819
4.75681176725715;2928.87560653687
4.75972826742101;5547.03798675537
4.76264476758487;10140.0358123779
4.76556126774873;9259.22315216064
4.76847776791259;15780.066324234
4.77139426807645;7872.76910400391
4.77431076824031;5059.6954498291
4.77722726840417;8148.06930541992
4.78014376856803;6585.88124656677
4.7830602687319;6048.5249786377
4.78597676889576;15837.3894195557
4.78889326905962;4430.22080230713
4.79180976922348;6663.35411834717
4.79472626938734;6733.87101745605
4.7976427695512;5389.61627197266
4.80055926971506;8746.42556381226
4.80347576987892;5194.07555007935
4.80639227004278;2785.39612579346
4.80930877020664;5296.97787475586
4.8122252703705;9471.00019836426
4.81514177053436;3097.72085571289
4.81805827069823;13405.0524902344
4.82097477086209;8028.82501983643
4.82389127102595;12174.5444335938
4.82680777118981;10944.5316085815
4.82972427135367;6706.14784240723
4.83264077151753;12479.9840087891
4.83555727168139;4650.51036071777
4.83847377184525;9398.37257766724
4.84139027200911;6774.43347167969
4.84430677217297;3875.36005401611
4.84722327233684;7891.31137084961
4.8501397725007;7983.11283874512
4.85305627266456;16719.6447429657
4.85597277282842;8811.8097114563
4.85888927299228;8105.07904052734
4.86180577315614;11031.4618835449
4.86472227332;16866.2491378784
4.86763877348386;11379.1137542725
4.87055527364772;12306.1471099854
4.87347177381158;6281.43898010254
4.87638827397544;12334.1764373779
4.87930477413931;15655.0244522095
4.88222127430317;15273.3704528809
4.88513777446703;13750.9390258789
4.88805427463089;7859.22412109375
4.89097077479475;4911.88206863403
4.89388727495861;10693.8431415558
4.89680377512247;4251.28219604492
4.89972027528633;5932.87087059021
4.90263677545019;8235.36926651001
4.90555327561405;9227.22088623047
4.90846977577791;11415.5959701538
4.91138627594178;4853.54875183105
4.91430277610564;9195.2751083374
4.9172192762695;10328.2415332794
4.92013577643336;6558.75563049316
4.92305227659722;12572.1312866211
4.92596877676108;12228.8664855957
4.92888527692494;8926.4790763855
4.9318017770888;6145.49772071838
4.93471827725266;21554.7349243164
4.93763477741652;16999.1315383911
4.94055127758038;10246.9283447266
4.94346777774425;12077.7764320374
4.94638427790811;9099.23896789551
4.94930077807197;12539.0888938904
4.95221727823583;7949.32093811035
4.95513377839969;12196.7558135986
4.95805027856355;10641.1235733032
4.96096677872741;11789.6427726746
4.96388327889127;8782.55840301514
4.96679977905513;7481.8659324646
4.96971627921899;5702.67566680908
4.97263277938285;7864.19558525085
4.97554927954672;2948.32740020752
4.97846577971058;7168.06769371033
4.98138227987444;7631.58143043518
4.9842987800383;5252.87071228027
4.98721528020216;12338.7990875244
4.99013178036602;9454.66236877441
4.99304828052988;3305.53964233398
4.99596478069374;3453.22498321533
4.9988812808576;11038.0781097412
5.00179778102146;4696.27597045898
5.00471428118532;4917.77910423279
5.00763078134919;9523.85076904297
5.01054728151305;7009.88068199158
5.01346378167691;11613.9369392395
5.01638028184077;8151.69348144531
5.01929678200463;10026.8916854858
5.02221328216849;13712.3513145447
5.02512978233235;11558.4201965332
5.02804628249621;11316.734916687
5.03096278266007;8975.23882484436
5.03387928282393;5132.07070922852
5.03679578298779;8242.5905456543
5.03971228315166;9111.33203125
5.04262878331552;8105.78402709961
5.04554528347938;16090.6086959839
5.04846178364324;8596.57989501953
5.0513782838071;5731.58404541016
5.05429478397096;12470.9187049866
5.05721128413482;6699.92887306213
5.06012778429868;10031.0782012939
5.06304428446254;5140.96249389648
5.0659607846264;2583.59133720398
5.06887728479026;11727.4280548096
5.07179378495413;14008.6506958008
5.07471028511799;14785.2146911621
5.07762678528185;4073.31695556641
5.08054328544571;15036.6340637207
5.08345978560957;8041.92702293396
5.08637628577343;6339.28587913513
5.08929278593729;8102.46735572815
5.09220928610115;4515.72414779663
5.09512578626501;7985.85426330566
5.09804228642887;4965.61320495605
5.10095878659273;12472.8583679199
5.1038752867566;10062.2048492432
5.10679178692046;1218.76037216187
5.10970828708432;9008.55438613892
5.11262478724818;9673.78679656982
5.11554128741204;7955.87911987305
5.1184577875759;4478.22500610352
5.12137428773976;16109.9089546204
5.12429078790362;4829.62954711914
5.12720728806748;5119.44450378418
5.13012378823134;12528.1327972412
5.1330402883952;12697.5983886719
5.13595678855907;14371.7586154938
5.13887328872293;8009.50187683105
5.14178978888679;12686.9644584656
5.14470628905065;9997.50830078125
5.14762278921451;7162.99254608154
5.15053928937837;6011.36871528625
5.15345578954223;4085.15393829346
5.15637228970609;10016.773223877
5.15928878986995;6455.18805122375
5.16220529003381;6201.32458496094
5.16512179019767;7868.94918823242
5.16803829036154;7364.11730957031
5.1709547905254;13531.547203064
5.17387129068926;11387.0693969727
5.17678779085312;11004.8480110168
5.17970429101698;12822.2988357544
5.18262079118084;7923.95487976074
5.1855372913447;4574.38181495667
5.18845379150856;12291.7144374847
5.19137029167242;8125.45170593262
5.19428679183628;11513.7233276367
5.19720329200015;7210.77125549316
5.20011979216401;10309.4951477051
5.20303629232787;9425.64366912842
5.20595279249173;8146.88496589661
5.20886929265559;6924.17407226563
5.21178579281945;11839.789024353
5.21470229298331;10513.7659378052
5.21761879314717;7416.93341445923
5.22053529331103;9919.36080932617
5.22345179347489;10669.181427002
5.22636829363875;4140.17620849609
5.22928479380261;4908.25387573242
5.23220129396648;8557.27659606934
5.23511779413034;5023.92262649536
5.2380342942942;18366.1968994141
5.24095079445806;9900.21891784668
5.24386729462192;7490.89361572266
5.24678379478578;11975.7520370483
5.24970029494964;7733.7462272644
5.2526167951135;17308.2394714355
5.25553329527736;9128.63396835327
5.25844979544122;5590.52084350586
5.26136629560509;8949.53260803223
5.26428279576895;6179.98140335083
5.26719929593281;12622.5950317383
5.27011579609667;7544.99420928955
5.27303229626053;7081.56024169922
5.27594879642439;10582.650062561
5.27886529658825;6557.60844039917
5.28178179675211;4881.01013183594
5.28469829691597;11095.0889892578
5.28761479707983;5628.24278259277
5.29053129724369;6478.93957519531
5.29344779740755;9419.56393432617
5.29636429757142;6216.28332519531
5.29928079773528;6525.12901306152
5.30219729789914;5872.70399475098
5.305113798063;13810.3885917664
5.30803029822686;6334.46778869629
5.31094679839072;6400.78774642944
5.31386329855458;8415.96870422363
5.31677979871844;8102.2982006073
5.3196962988823;11548.7952423096
5.32261279904616;6798.51248550415
5.32552929921003;9847.59547424316
5.32844579937389;9442.29210281372
5.33136229953775;11674.3985977173
5.33427879970161;8471.88111877441
5.33719529986547;10510.5026874542
5.34011180002933;9231.92401695251
5.34302830019319;18218.952293396
5.34594480035705;8684.31237792969
5.34886130052091;3712.87321472168
5.35177780068477;11444.8291931152
5.35469430084863;10922.9178886414
5.35761080101249;10362.1783447266
5.36052730117636;6151.47829437256
5.36344380134022;11150.6429214478
5.36636030150408;9812.02464294434
5.36927680166794;7241.64321899414
5.3721933018318;17020.376750946
5.37510980199566;5959.4991569519
5.37802630215952;4173.57791137695
5.38094280232338;6377.01103210449
5.38385930248724;8405.55816650391
5.3867758026511;9431.10114097595
5.38969230281497;8111.85119628906
5.39260880297883;8285.16600036621
5.39552530314269;9973.61540222168
5.39844180330655;4868.901222229
5.40135830347041;8286.91870117188
5.40427480363427;7109.50366210938
5.40719130379813;9015.9288444519
5.41010780396199;4462.25749206543
5.41302430412585;7117.79249572754
5.41594080428971;5065.99784088135
5.41885730445357;6970.17083740234
5.42177380461743;6015.20293426514
5.4246903047813;9286.67035675049
5.42760680494516;9843.67333984375
5.43052330510902;4624.65274047852
5.43343980527288;6612.70206451416
5.43635630543674;10687.6362113953
5.4392728056006;9482.67901611328
5.44218930576446;7561.585105896
5.44510580592832;4194.04384994507
5.44802230609218;16473.192276001
5.45093880625604;7243.10531616211
5.45385530641991;3329.37080383301
5.45677180658377;17813.1116676331
5.45968830674763;6950.69561767578
5.46260480691149;9025.53991889954
5.46552130707535;7865.04084777832
5.46843780723921;5572.95796966553
5.47135430740307;8912.57995605469
5.47427080756693;5385.89140701294
5.47718730773079;5281.11489486694
5.48010380789465;10445.616973877
5.48302030805851;3360.46289634705
5.48593680822237;6277.32637786865
5.48885330838624;8558.32339477539
5.4917698085501;5857.41534614563
5.49468630871396;13321.3778533936
5.49760280887782;8383.23385238647
5.50051930904168;9227.83127403259
5.50343580920554;8616.41445541382
5.5063523093694;5898.08544921875
5.50926880953326;14680.1547546387
5.51218530969712;8496.27060699463
5.51510180986098;5558.93319702148
5.51801831002485;7805.90245056152
5.52093481018871;3902.17489624023
5.52385131035257;13851.870300293
5.52676781051643;15253.0825958252
5.52968431068029;9974.08869171143
5.53260081084415;9521.97161865234
5.53551731100801;5044.48733329773
5.53843381117187;5210.167137146
5.54135031133573;6895.51695251465
5.54426681149959;9154.10414505005
5.54718331166345;9272.45100402832
5.55009981182732;7949.90845108032
5.55301631199118;11302.3425216675
5.55593281215504;9487.40020751953
5.5588493123189;7238.92119216919
5.56176581248276;8928.50375366211
5.56468231264662;6187.41796875
5.56759881281048;5421.3957824707
5.57051531297434;6521.73327636719
5.5734318131382;4839.82116699219
5.57634831330206;8831.02090454102
5.57926481346592;8743.18121337891
5.58218131362978;5374.07493591309
5.58509781379365;11119.7979640961
5.58801431395751;6756.92662811279
5.59093081412137;7518.87180709839
5.59384731428523;6067.7592086792
5.59676381444909;9254.78433990479
5.59968031461295;5218.50778198242
5.60259681477681;6797.96557617188
5.60551331494067;5339.34991455078
5.60842981510453;14109.1381530762
5.61134631526839;7095.30630493164
5.61426281543226;9680.39099121094
5.61717931559612;12467.3082046509
5.62009581575998;14262.0136566162
5.62301231592384;7667.66682434082
5.6259288160877;3339.62088012695
5.62884531625156;6956.09474182129
5.63176181641542;4384.22709655762
5.63467831657928;6405.90132904053
5.63759481674314;13689.7996902466
5.640511316907;9775.03357696533
5.64342781707086;10111.3123168945
5.64634431723472;5371.08560180664
5.64926081739859;6849.17833709717
5.65217731756245;9883.71783256531
5.65509381772631;3994.76659202576
5.65801031789017;10653.3093566895
5.66092681805403;5837.95648574829
5.66384331821789;7582.3680267334
5.66675981838175;6630.82865905762
5.66967631854561;5147.94625854492
5.67259281870947;5951.75972747803
5.67550931887333;3499.02851867676
5.6784258190372;6738.17926025391
5.68134231920106;7160.12995529175
5.68425881936492;9798.54118728638
5.68717531952878;7368.60659790039
5.69009181969264;4033.88758087158
5.6930083198565;6122.01620483398
5.69592482002036;7476.43542480469
5.69884132018422;9724.08953857422
5.70175782034808;6076.68547821045
5.70467432051194;7384.76926422119
5.7075908206758;11918.7744293213
5.71050732083966;19105.9089355469
5.71342382100353;7697.51721191406
5.71634032116739;6226.27397155762
5.71925682133125;3458.33408737183
5.72217332149511;7796.02216339111
5.72508982165897;9381.88380432129
5.72800632182283;7149.88804244995
5.73092282198669;5802.08369445801
5.73383932215055;9026.68566513062
5.73675582231441;2462.79405212402
5.73967232247827;9203.19090270996
5.74258882264214;7375.99990844727
5.745505322806;9820.12048339844
5.74842182296986;9195.7956237793
5.75133832313372;10207.1892089844
5.75425482329758;8393.72797393799
5.75717132346144;10598.9640350342
5.7600878236253;11397.7534866333
5.76300432378916;10456.2335205078
5.76592082395302;4534.53005981445
5.76883732411688;6249.35736083984
5.77175382428074;8838.27308654785
5.7746703244446;9571.30964660645
5.77758682460847;9322.65710449219
5.78050332477233;9705.38318634033
5.78341982493619;6269.24157714844
5.78633632510005;14670.8645744324
5.78925282526391;13302.0692901611
5.79216932542777;12377.200012207
5.79508582559163;7250.98518753052
5.79800232575549;12730.5871582031
5.80091882591935;12062.5607147217
5.80383532608321;10339.4106216431
5.80675182624708;17196.5209350586
5.80966832641094;4841.07502746582
5.8125848265748;7693.64990234375
5.81550132673866;8179.67028808594
5.81841782690252;7720.47088432312
5.82133432706638;2293.62635803223
5.82425082723024;8437.64471435547
5.8271673273941;3132.55012512207
5.83008382755796;6308.56350708008
5.83300032772182;7533.54154968262
5.83591682788568;6889.84861755371
5.83883332804955;11110.0799694061
5.84174982821341;8048.13063430786
5.84466632837727;11212.1891689301
5.84758282854113;7601.80048370361
5.85049932870499;7590.73321533203
5.85341582886885;8368.784740448
5.85633232903271;3953.38442993164
5.85924882919657;12731.4317321777
5.86216532936043;6547.73438262939
5.86508182952429;8072.38446044922
5.86799832968815;12345.0635070801
5.87091482985202;8161.75328063965
5.87383133001588;10199.1813201904
5.87674783017974;6287.82440948486
5.8796643303436;6764.62050628662
5.88258083050746;11541.1582717896
5.88549733067132;11383.4042549133
5.88841383083518;16169.8231163025
5.89133033099904;5861.98010063171
5.8942468311629;8813.29847717285
5.89716333132676;10876.29296875
5.90007983149062;7615.40828704834
5.90299633165449;8863.58309936523
5.90591283181835;8775.66592407227
5.90882933198221;10077.3978881836
5.91174583214607;7800.33563232422
5.91466233230993;6041.7193107605
5.91757883247379;11096.0521736145
5.92049533263765;13567.7075805664
5.92341183280151;13026.0814971924
5.92632833296537;8744.61676025391
5.92924483312923;7036.96662521362
5.93216133329309;7319.68961143494
5.93507783345696;7787.77272033691
5.93799433362082;6710.30926704407
5.94091083378468;11606.4170379639
5.94382733394854;4332.12721252441
5.9467438341124;8424.64579772949
5.94966033427626;15424.9220428467
5.95257683444012;3867.85858154297
5.95549333460398;4419.97453308105
5.95840983476784;10746.7832641602
5.9613263349317;9956.7328338623
5.96424283509556;15072.6153831482
5.96715933525943;9016.94032287598
5.97007583542329;13923.8203277588
5.97299233558715;6158.32037353516
5.97590883575101;8757.74000549316
5.97882533591487;10588.3135375977
5.98174183607873;6012.65032196045
5.98465833624259;14383.7552108765
5.98757483640645;6855.47711181641
5.99049133657031;16025.2810211182
5.99340783673417;5723.77089500427
5.99632433689803;16018.1873626709
5.9992408370619;8049.46141815186
6.00215733722576;10090.001789093
6.00507383738962;10540.9263916016
6.00799033755348;7798.59178161621
6.01090683771734;3963.33361816406
6.0138233378812;4700.26553344727
6.01673983804506;9017.07146453857
6.01965633820892;9248.2333984375
6.02257283837278;12310.0793113708
6.02548933853664;8257.99788665771
6.0284058387005;11388.6300125122
6.03132233886437;6337.66034698486
6.03423883902823;14041.8120803833
6.03715533919209;7428.77359199524
6.04007183935595;7187.04382324219
6.04298833951981;7380.85424041748
6.04590483968367;4708.59378051758
6.04882133984753;13236.4363098145
6.05173784001139;4864.30499267578
6.05465434017525;16159.233215332
6.05757084033911;10267.6588439941
6.06048734050297;11018.9356689453
6.06340384066684;7730.26815795898
6.0663203408307;10003.6582489014
6.06923684099456;8937.62899780273
6.07215334115842;10802.3585071564
6.07506984132228;9756.09281539917
6.07798634148614;8244.2515411377
6.08090284165;4817.13649368286
6.08381934181386;11045.0583057404
6.08673584197772;7685.8686466217
6.08965234214158;4700.94309234619
6.09256884230544;9483.50648117065
6.09548534246931;5015.88369750977
6.09840184263317;6790.95813751221
6.10131834279703;7025.71629333496
6.10423484296089;5044.7084197998
6.10715134312475;10765.0625762939
6.11006784328861;6408.22695922852
6.11298434345247;5822.76879882813
6.11590084361633;9225.09668922424
6.11881734378019;6072.78337097168
6.12173384394405;8726.03355979919
6.12465034410791;4438.50651550293
6.12756684427178;3580.12119293213
6.13048334443564;5521.62889099121
6.1333998445995;3218.67498016357
6.13631634476336;6884.3334197998
6.13923284492722;6985.41107177734
6.14214934509108;8885.29795837402
6.14506584525494;5474.69581794739
6.1479823454188;11614.2802429199
6.15089884558266;1115.8835849762
6.15381534574652;8159.52864074707
6.15673184591039;10873.7910766602
6.15964834607425;5942.7008972168
6.16256484623811;12648.3113098145
6.16548134640197;5999.07750701904
6.16839784656583;10631.2787475586
6.17131434672969;11262.0167541504
6.17423084689355;10833.1977233887
6.17714734705741;9572.47045898438
6.18006384722127;11120.3105163574
6.18298034738513;11066.8396759033
6.18589684754899;15630.7554073334
6.18881334771285;17649.007610321
6.19172984787672;1605.02264404297
6.19464634804058;4772.99788665771
6.19756284820444;5337.8625793457
6.2004793483683;10607.6150360107
6.20339584853216;5694.21961975098
6.20631234869602;6020.61744689941
6.20922884885988;11772.2005310059
6.21214534902374;7194.21865844727
6.2150618491876;5827.12493896484
6.21797834935146;12200.8785476685
6.22089484951533;10485.9323158264
6.22381134967919;9151.03884887695
6.22672784984305;6757.65420150757
6.22964435000691;9539.51075744629
6.23256085017077;12297.8845214844
6.23547735033463;2899.55419921875
6.23839385049849;5868.80841064453
6.24131035066235;16429.6200218201
6.24422685082621;5719.72891998291
6.24714335099007;6399.93598175049
6.25005985115393;13862.733795166
6.25297635131779;8363.35731887817
6.25589285148166;15124.2106933594
6.25880935164552;7419.51116943359
6.26172585180938;5289.76371383667
6.26464235197324;11468.604429245
6.2675588521371;7530.08067321777
6.27047535230096;8988.30145263672
6.27339185246482;7535.26726913452
6.27630835262868;11109.6690597534
6.27922485279254;7347.51505661011
6.2821413529564;4200.94096374512
6.28505785312027;12743.8364868164
6.28797435328413;4550.0520324707
6.29089085344799;3418.32522583008
6.29380735361185;13408.4353599548
6.29672385377571;13999.1663818359
6.29964035393957;14107.5804824829
6.30255685410343;9811.61999511719
6.30547335426729;3044.3204574585
6.30838985443115;4652.32973098755
6.31130635459501;9940.62091445923
6.31422285475887;5585.75924682617
6.31713935492273;4568.93739318848
6.3200558550866;10888.8145446777
6.32297235525046;8601.01206207275
6.32588885541432;7940.25216674805
6.32880535557818;2574.20210647583
6.33172185574204;12676.3456802368
6.3346383559059;7550.32061958313
6.33755485606976;6775.25008773804
6.34047135623362;9224.65837097168
6.34338785639748;10876.0362854004
6.34630435656134;10521.7012939453
6.3492208567252;7214.72024536133
6.35213735688907;12137.4509658813
6.35505385705293;3786.07299423218
6.35797035721679;10827.2457199097
6.36088685738065;8864.62703514099
6.36380335754451;10951.6465892792
6.36671985770837;4056.09582519531
6.36963635787223;8308.09484863281
6.37255285803609;5319.06073570251
6.37546935819995;6814.72468185425
6.37838585836381;11035.7573814392
6.38130235852767;7024.0687789917
6.38421885869154;8008.98789215088
6.3871353588554;5710.87855911255
6.39005185901926;9412.1899356842
6.39296835918312;5784.2492980957
6.39588485934698;10383.7624206543
6.39880135951084;7654.10808563232
6.4017178596747;12591.1088867188
6.40463435983856;10162.1059017181
6.40755086000242;9175.55240631104
6.41046736016628;9900.82058334351
6.41338386033014;9089.33660697937
6.41630036049401;6616.38200378418
6.41921686065787;5525.77503967285
6.42213336082173;7745.18817138672
6.42504986098559;12862.2714500427
6.42796636114945;13045.0554103851
6.43088286131331;10463.8174247742
6.43379936147717;6029.33602905273
6.43671586164103;3196.1208190918
6.43963236180489;14986.016204834
6.44254886196875;5918.52272796631
6.44546536213262;6955.82080841064
6.44838186229648;10771.4688415527
6.45129836246034;7975.99405288696
6.4542148626242;3518.82504272461
6.45713136278806;6531.04423522949
6.46004786295192;4788.45829772949
6.46296436311578;5370.82915496826
6.46588086327964;10567.5914936066
6.4687973634435;5445.26675415039
6.47171386360736;10086.6570739746
6.47463036377122;5400.23489761353
6.47754686393508;14165.3307342529
6.48046336409895;13592.4965209961
6.48337986426281;16266.1623802185
6.48629636442667;12902.856464386
6.48921286459053;15012.507232666
6.49212936475439;14083.9912261963
6.49504586491825;15966.195892334
6.49796236508211;32025.7876281738
6.50087886524597;19078.322309494
6.50379536540983;16958.6752243042
6.50671186557369;39441.8988704681
6.50962836573756;13741.4510421753
6.51254486590142;14711.0481414795
6.51546136606528;14604.844329834
6.51837786622914;12163.1245155334
6.521294366393;11986.5878562927
6.52421086655686;8612.59931945801
6.52712736672072;13834.1323547363
6.53004386688458;9474.66993713379
6.53296036704844;5855.97467041016
6.5358768672123;10764.4664783478
6.53879336737616;10103.8519973755
6.54170986754002;10513.9114952087
6.54462636770389;3919.69058990479
6.54754286786775;10867.5452842712
6.55045936803161;12994.4509124756
6.55337586819547;10374.7027587891
6.55629236835933;17058.8171386719
6.55920886852319;6366.95942306519
6.56212536868705;1847.81875610352
6.56504186885091;7249.66146850586
6.56795836901477;9786.82243919373
6.57087486917863;9912.86047363281
6.5737913693425;16436.5605163574
6.57670786950636;8197.86152267456
6.57962436967022;5933.46865653992
6.58254086983408;8327.86851882935
6.58545736999794;9975.83570098877
6.5883738701618;12492.0527877808
6.59129037032566;3316.81460571289
6.59420687048952;6694.0813293457
6.59712337065338;9671.75318145752
6.60003987081724;11570.1171875
6.6029563709811;11196.2562866211
6.60587287114496;15517.3519897461
6.60878937130883;8154.92727661133
6.61170587147269;16189.4809112549
6.61462237163655;11878.1969985962
6.61753887180041;3705.80212402344
6.62045537196427;7346.34585571289
6.62337187212813;9194.69775390625
6.62628837229199;9842.26692962646
6.62920487245585;11396.7188110352
6.63212137261971;4209.79046630859
6.63503787278357;4106.92995452881
6.63795437294744;10018.4956588745
6.6408708731113;10827.8437271118
6.64378737327516;6079.3603515625
6.64670387343902;12468.0999755859
6.64962037360288;13581.1113357544
6.65253687376674;7286.70523071289
6.6554533739306;7534.43328094482
6.65836987409446;15537.1000671387
6.66128637425832;11716.3224029541
6.66420287442218;10339.8082771301
6.66711937458604;4591.48745727539
6.6700358747499;9147.71420288086
6.67295237491377;12426.7224979401
6.67586887507763;10149.8610916138
6.67878537524149;6180.39190101624
6.68170187540535;3709.30411529541
6.68461837556921;4618.30833435059
6.68753487573307;7547.4167175293
6.69045137589693;3094.64562988281
6.69336787606079;5963.45010948181
6.69628437622465;4805.71806335449
6.69920087638851;8873.94111633301
6.70211737655238;5386.49420166016
6.70503387671624;9210.30824279785
6.7079503768801;11505.983089447
6.71086687704396;8483.11716461182
6.71378337720782;12528.7458248138
6.71669987737168;9425.93913078308
6.71961637753554;12301.7081832886
6.7225328776994;8858.81890106201
6.72544937786326;7238.77238464355
6.72836587802712;11034.0909881592
6.73128237819098;5832.24999237061
6.73419887835485;7227.3604888916
6.73711537851871;5333.59321212769
6.74003187868257;9866.68173217773
6.74294837884643;4132.60549736023
6.74586487901029;7026.81226539612
6.74878137917415;9661.97509765625
6.75169787933801;8823.88507652283
6.75461437950187;9925.03562736511
6.75753087966573;8672.42709350586
6.76044737982959;9289.95554924011
6.76336387999345;4713.6333770752
6.76628038015732;6964.71156311035
6.76919688032118;10030.0650959015
6.77211338048504;5690.69380950928
6.7750298806489;6517.37714385986
6.77794638081276;12121.9316711426
6.78086288097662;5429.21129226685
6.78377938114048;2918.51667022705
6.78669588130434;6865.6208190918
6.7896123814682;8536.34274291992
6.79252888163206;7789.41913604736
6.79544538179592;9049.12704467773
6.79836188195979;9014.53715896606
6.80127838212365;8728.64367675781
6.80419488228751;9416.79275512695
6.80711138245137;9921.32944869995
6.81002788261523;15835.9036254883
6.81294438277909;9635.5124912262
6.81586088294295;7508.29723358154
6.81877738310681;10160.6321258545
6.82169388327067;5963.27910614014
6.82461038343453;9679.51871871948
6.82752688359839;7072.32482147217
6.83044338376226;7791.90127944946
6.83335988392612;4333.69993591309
6.83627638408998;12833.5978393555
6.83919288425384;7640.40209960938
6.8421093844177;6041.35000610352
6.84502588458156;5179.310546875
6.84794238474542;9649.0938873291
6.85085888490928;10483.3118019104
6.85377538507314;10714.8597259521
6.856691885237;10041.0708141327
6.85960838540086;8361.13853263855
6.86252488556473;10457.791809082
6.86544138572859;15174.4435882568
6.86835788589245;7072.04223823547
6.87127438605631;7407.5747833252
6.87419088622017;3602.02086639404
6.87710738638403;17976.5356292725
6.88002388654789;5203.41327476501
6.88294038671175;8501.18016815186
6.88585688687561;8844.79803466797
6.88877338703947;4100.5602722168
6.89168988720333;7892.09148406982
6.8946063873672;15487.0902328491
6.89752288753106;7517.5629119873
6.90043938769492;8706.30612945557
6.90335588785878;3767.8999786377
6.90627238802264;14156.2750854492
6.9091888881865;3703.0577545166
6.91210538835036;5025.73449707031
6.91502188851422;4907.01672363281
6.91793838867808;5398.50414276123
6.92085488884194;10591.5811882019
6.9237713890058;6699.99793243408
6.92668788916967;8188.75702667236
6.92960438933353;6896.19984054565
6.93252088949739;10308.2869377136
6.93543738966125;10388.2040863037
6.93835388982511;2236.27364730835
6.94127038998897;8927.6549243927
6.94418689015283;6838.68054771423
6.94710339031669;7388.21890258789
6.95001989048055;8009.79829406738
6.95293639064441;16944.4251403809
6.95585289080827;10350.7062034607
6.95876939097214;2683.15370178223
6.961685891136;10691.0595092773
6.96460239129986;5243.89994812012
6.96751889146372;8376.41327667236
6.97043539162758;5202.22229003906
6.97335189179144;9382.93535232544
6.9762683919553;8835.67073822021
6.97918489211916;13333.6211013794
6.98210139228302;7374.19152832031
6.98501789244688;8086.13785552979
6.98793439261074;12737.8844451904
6.99085089277461;8197.09583282471
6.99376739293847;6030.93704605103
6.99668389310233;7038.07598495483
6.99960039326619;5667.22509765625
7.00251689343005;8962.15948486328
7.00543339359391;10725.1837387085
7.00834989375777;9259.24971389771
7.01126639392163;9667.79671478271
7.01418289408549;7639.62784576416
7.01709939424935;2909.63329315186
7.02001589441321;6713.92093658447
7.02293239457708;9577.14892578125
7.02584889474094;8042.74788093567
7.0287653949048;14309.1677780151
7.03168189506866;8989.25186920166
7.03459839523252;13003.9991359711
7.03751489539638;6919.52479553223
7.04043139556024;7635.15751647949
7.0433478957241;5957.12910461426
7.04626439588796;5556.10005950928
7.04918089605182;8178.3041305542
7.05209739621569;12690.2687225342
7.05501389637955;4179.60836791992
7.05793039654341;6301.51542282104
7.06084689670727;7145.41052246094
7.06376339687113;9137.62043762207
7.06667989703499;15317.2597389221
7.06959639719885;5659.64501953125
7.07251289736271;9209.37547492981
7.07542939752657;9966.20022583008
7.07834589769043;14410.0607910156
7.08126239785429;5425.92289733887
7.08417889801815;7120.33334350586
7.08709539818202;20085.9524803162
7.09001189834588;13420.7261772156
7.09292839850974;10820.4277820587
7.0958448986736;7555.53137397766
7.09876139883746;7913.51734924316
7.10167789900132;5714.50463867188
7.10459439916518;5521.47492980957
7.10751089932904;14484.4574584961
7.1104273994929;7596.10416030884
7.11334389965676;9206.54989624023
7.11626039982063;3690.6215057373
7.11917689998449;7874.22470092773
7.12209340014835;7819.38661766052
7.12500990031221;5627.42091369629
7.12792640047607;4356.07915878296
7.13084290063993;4619.05806541443
7.13375940080379;15703.8771820068
7.13667590096765;7881.13956451416
7.13959240113151;6504.31042098999
7.14250890129537;6683.27228546143
7.14542540145923;5923.73219299316
7.14834190162309;13979.5914573669
7.15125840178696;13990.7116699219
7.15417490195082;19434.4185218811
7.15709140211468;1589.09162902832
7.16000790227854;9177.68468475342
7.1629244024424;11134.1480102539
7.16584090260626;5292.75841903687
7.16875740277012;13671.5246734619
7.17167390293398;2450.43330383301
7.17459040309784;9054.81937980652
7.1775069032617;8265.27277374268
7.18042340342556;2290.09357452393
7.18333990358943;6824.3649597168
7.18625640375329;13079.1383132935
7.18917290391715;14171.0043716431
7.19208940408101;10489.7685089111
7.19500590424487;13352.4638366699
7.19792240440873;14227.7343292236
7.20083890457259;16881.922088623
7.20375540473645;4779.1950378418
7.20667190490031;6602.99192428589
7.20958840506417;3982.80834960938
7.21250490522803;20974.1366882324
7.2154214053919;6890.22080993652
7.21833790555576;11300.7457237244
7.22125440571962;13202.8608417511
7.22417090588348;5494.50761413574
7.22708740604734;5583.70018005371
7.2300039062112;9520.72034072876
7.23292040637506;13956.9910392761
7.23583690653892;4176.24120330811
7.23875340670278;5472.98746490479
7.24166990686664;5693.47132873535
7.2445864070305;10993.5009231567
7.24750290719437;11758.9675140381
7.25041940735823;10303.7710647583
7.25333590752209;5978.51028442383
7.25625240768595;5868.9285697937
7.25916890784981;9905.58915710449
7.26208540801367;14942.5123443604
7.26500190817753;6565.40109062195
7.26791840834139;13728.8176651001
7.27083490850525;6442.25843048096
7.27375140866911;14912.9271011353
7.27666790883297;11948.7667770386
7.27958440899684;7339.86806869507
7.2825009091607;1624.28333282471
7.28541740932456;10226.4251556396
7.28833390948842;8980.53741455078
7.29125040965228;14111.7732849121
7.29416690981614;9573.69331169128
7.29708340998;6264.27018737793
7.29999991014386;4527.76679992676
7.30291641030772;7517.93698883057
7.30583291047158;7404.42908859253
7.30874941063544;4337.64236450195
7.31166591079931;8237.65693664551
7.31458241096317;6054.35133361816
7.31749891112703;5896.91044616699
7.32041541129089;11938.5006408691
7.32333191145475;10587.343208313
7.32624841161861;12392.5147132874
7.32916491178247;12483.0151367188
7.33208141194633;5767.6867980957
7.33499791211019;3720.59252929688
7.33791441227405;4429.36664581299
7.34083091243792;12311.5313186646
7.34374741260178;4442.48666381836
7.34666391276564;9780.29376220703
7.3495804129295;8716.5368347168
7.35249691309336;2775.44373703003
7.35541341325722;12065.4677963257
7.35832991342108;2712.83327674866
7.36124641358494;6241.9102935791
7.3641629137488;6383.26037597656
7.36707941391266;11295.6705360413
7.36999591407652;15214.0749588013
7.37291241424038;5318.46875
7.37582891440425;6801.98530578613
7.37874541456811;6436.29093933105
7.38166191473197;5365.97520065308
7.38457841489583;10457.1217918396
7.38749491505969;10628.8163452148
7.39041141522355;9070.13955688477
7.39332791538741;8435.23779296875
7.39624441555127;6697.86252975464
7.39916091571513;10972.910118103
7.40207741587899;2853.77072906494
7.40499391604286;7726.79158782959
7.40791041620672;3811.69179153442
7.41082691637058;5907.41668701172
7.41374341653444;8833.53681182861
7.4166599166983;5864.27104187012
7.41957641686216;4235.38543701172
7.42249291702602;8306.00215148926
7.42540941718988;9919.73815917969
7.42832591735374;5352.55001831055
7.4312424175176;12227.5694732666
7.43415891768146;5450.40731430054
7.43707541784532;11492.3645629883
7.43999191800919;16706.8699378967
7.44290841817305;4995.16078186035
7.44582491833691;8817.70246887207
7.44874141850077;9593.73257637024
7.45165791866463;7128.1923084259
7.45457441882849;11539.8769226074
7.45749091899235;10533.9773025513
7.46040741915621;6353.63333129883
7.46332391932007;5691.22415542603
7.46624041948393;12145.3103694916
7.4691569196478;8950.86496543884
7.47207341981166;7373.78279876709
7.47498991997552;4419.54376983643
7.47790642013938;2055.97918701172
7.48082292030324;11938.8469543457
7.4837394204671;11807.7437438965
7.48665592063096;10110.2584991455
7.48957242079482;16150.9524841309
7.49248892095868;16925.8819198608
7.49540542112254;8710.63523864746
7.4983219212864;11257.4141693115
7.50123842145026;6728.08094024658
7.50415492161413;3218.57549285889
7.50707142177799;4526.65625
7.50998792194185;6400.01461029053
7.51290442210571;5347.3461151123
7.51582092226957;9603.22483825684
7.51873742243343;6949.03164672852
7.52165392259729;7961.5173034668
7.52457042276115;7418.18807983398
7.52748692292501;4908.42846298218
7.53040342308887;21829.684009552
7.53331992325274;11009.6411628723
7.5362364234166;5040.97525024414
7.53915292358046;5484.47207641602
7.54206942374432;4980.0355682373
7.54498592390818;14761.5589408875
7.54790242407204;6186.72911071777
7.5508189242359;8914.65698242188
7.55373542439976;9003.09400177002
7.55665192456362;4621.55415344238
7.55956842472748;8714.98538208008
7.56248492489134;13960.2390594482
7.5654014250552;7911.64322090149
7.56831792521907;5337.68750762939
7.57123442538293;12268.9598693848
7.57415092554679;10395.7120437622
7.57706742571065;8109.48503875732
7.57998392587451;2142.38802146912
7.58290042603837;8203.34300994873
7.58581692620223;5730.94591522217
7.58873342636609;5417.03964233398
7.59164992652995;7396.74160575867
7.59456642669381;7532.39241409302
7.59748292685768;8412.93095397949
7.60039942702154;6007.69583129883
7.6033159271854;6896.19998168945
7.60623242734926;12387.9357757568
7.60914892751312;10377.5141296387
7.61206542767698;7549.65484619141
7.61498192784084;9810.55149078369
7.6178984280047;6598.69375610352
7.62081492816856;7659.05635070801
7.62373142833242;8193.35906982422
7.62664792849628;15185.2230911255
7.62956442866014;7187.55625915527
7.63248092882401;6482.68555259705
7.63539742898787;3639.00625991821
7.63831392915173;5160.10626220703
7.64123042931559;6681.77894592285
7.64414692947945;9040.97030639648
7.64706342964331;5352.03732299805
7.64997992980717;4502.31246948242
7.65289642997103;7318.53945922852
7.65581293013489;9747.29801940918
7.65872943029875;8285.44887924194
7.66164593046262;6315.36666870117
7.66456243062648;9641.57467651367
7.66747893079034;16221.1976623535
7.6703954309542;12613.4231681824
7.67331193111806;11731.4669189453
7.67622843128192;2984.80000305176
7.67914493144578;11360.1816711426
7.68206143160964;8242.7082901001
7.6849779317735;9363.07530975342
7.68789443193736;8471.62502479553
7.69081093210122;8639.63958740234
7.69372743226509;4661.18743896484
7.69664393242895;16425.2601394653
7.69956043259281;6383.52906799316
7.70247693275667;4954.50825500488
7.70539343292053;11180.2008514404
7.70830993308439;10324.451171875
7.71122643324825;6807.38418769836
7.71414293341211;6564.54015731812
7.71705943357597;10335.8215408325
7.71997593373983;8024.96639251709
7.72289243390369;15175.0392150879
7.72580893406756;10916.3352470398
7.72872543423142;4215.6541595459
7.73164193439528;16957.2190208435
7.73455843455914;9010.67733764648
7.737474934723;6223.24008178711
7.74039143488686;7327.07723236084
7.74330793505072;4618.05207061768
7.74622443521458;10635.1464195251
7.74914093537844;5289.65937042236
7.7520574355423;8609.74536132813
7.75497393570616;8711.42793273926
7.75789043587003;3961.79578399658
7.76080693603389;8920.74602508545
7.76372343619775;8518.60998916626
7.76663993636161;3402.90090751648
7.76955643652547;9342.44375610352
7.77247293668933;6149.15908050537
7.77538943685319;13052.350112915
7.77830593701705;6583.06248474121
7.78122243718091;4139.29162597656
7.78413893734477;5812.09133148193
7.78705543750863;14963.8987731934
7.7899719376725;3115.3166809082
7.79288843783636;10177.652179718
7.79580493800022;10124.4376182556
7.79872143816408;5220.21932983398
7.80163793832794;5216.13953781128
7.8045544384918;11818.1373138428
7.80747093865566;5475.58951187134
7.81038743881952;6875.27288818359
7.81330393898338;1958.77494812012
7.81622043914724;8108.21644210815
7.8191369393111;10864.2739105225
7.82205343947497;3420.76667785645
7.82496993963883;5615.08143234253
7.82788643980269;7846.71806335449
7.83080293996655;6461.63706207275
7.83371944013041;6561.70826721191
7.83663594029427;7481.05445861816
7.83955244045813;7270.12809944153
7.84246894062199;5421.73763656616
7.84538544078585;10988.0682983398
7.84830194094971;4956.90008544922
7.85121844111357;6231.64091110229
7.85413494127744;6149.91456604004
7.8570514414413;11568.6624107361
7.85996794160516;8389.19805908203
7.86288444176902;4368.37753295898
7.86580094193288;5827.50241851807
7.86871744209674;5654.00285720825
7.8716339422606;7897.45449066162
7.87455044242446;3436.95503234863
7.87746694258832;5652.79156494141
7.88038344275218;5910.57696533203
7.88329994291604;9831.81952285767
7.88621644307991;4888.90822601318
7.88913294324377;12390.2893428802
7.89204944340763;5060.25420379639
7.89496594357149;8890.32778930664
7.89788244373535;3301.86668395996
7.90079894389921;7755.30495071411
7.90371544406307;8606.4508972168
7.90663194422693;12925.5401134491
7.90954844439079;12956.9398193359
7.91246494455465;17292.5188522339
7.91538144471851;9148.96434020996
7.91829794488237;14557.6085968018
7.92121444504624;5787.27387809753
7.9241309452101;7471.82742881775
7.92704744537396;16409.6030883789
7.92996394553782;7107.93907928467
7.93288044570168;6192.36674880981
7.93579694586554;12419.4145202637
7.9387134460294;7410.84078979492
7.94162994619326;2436.68211555481
7.94454644635712;5986.34175109863
7.94746294652098;6557.43755912781
7.95037944668485;7754.59378814697
7.95329594684871;11771.9800109863
7.95621244701257;7148.6816368103
7.95912894717643;4402.2571182251
7.96204544734029;9494.14778137207
7.96496194750415;7468.77224731445
7.96787844766801;5444.53583908081
7.97079494783187;6990.69010543823
7.97371144799573;6588.78540039063
7.97662794815959;8775.57814025879
7.97954444832345;14908.3305664063
7.98246094848732;11001.5865707397
7.98537744865118;6800.53335380554
7.98829394881504;22873.0513687134
7.9912104489789;4328.40418243408
7.99412694914276;8477.52390670776
7.99704344930662;8273.77322387695
7.99995994947048;11475.7897338867
8.00287644963434;4478.13959503174
8.0057929497982;5535.51246643066
8.00870944996206;7685.60531616211
8.01162595012593;12366.2879714966
8.01454245028978;13938.0807056427
8.01745895045365;7895.22439575195
8.02037545061751;6012.30829811096
8.02329195078137;10442.2231903076
8.02620845094523;5829.3875579834
8.02912495110909;15718.9626846313
8.03204145127295;14508.8835906982
8.03495795143681;5083.91455841064
8.03787445160067;3861.00419616699
8.04079095176453;8301.15830993652
8.04370745192839;8642.96877479553
8.04662395209226;10144.9382400513
8.04954045225612;8341.04494476318
8.05245695241998;10145.9023323059
8.05537345258384;8610.90916442871
8.0582899527477;7173.12082672119
8.06120645291156;6145.28467559814
8.06412295307542;8170.26745605469
8.06703945323928;15581.1321868896
8.06995595340314;6410.69171142578
8.072872453567;12555.2048950195
8.07578895373086;11062.9733963013
8.07870545389473;10410.6792526245
8.08162195405859;10427.9801197052
8.08453845422245;6377.12301635742
8.08745495438631;7233.8102722168
8.09037145455017;6459.29382324219
8.09328795471403;2750.50207519531
8.09620445487789;5302.29669952393
8.09912095504175;9330.72479248047
8.10203745520561;10806.5668792725
8.10495395536947;5736.89847564697
8.10787045553333;12090.7353820801
8.1107869556972;7669.70913696289
8.11370345586106;7912.36001586914
8.11661995602492;1726.12406158447
8.11953645618878;7930.48622512817
8.12245295635264;5984.80429077148
8.1253694565165;7410.15201187134
8.12828595668036;9797.87643051147
8.13120245684422;10646.0684452057
8.13411895700808;8463.42500305176
8.13703545717194;4683.13961791992
8.13995195733581;12231.6675796509
8.14286845749966;8949.52265930176
8.14578495766353;10762.7848854065
8.14870145782739;9619.93457603455
8.15161795799125;12577.6002502441
8.15453445815511;12475.5313110352
8.15745095831897;6504.43399047852
8.16036745848283;8581.98811340332
8.16328395864669;14117.4197788239
8.16620045881055;6577.6479473114
8.16911695897441;4770.30260467529
8.17203345913827;1982.26337432861
8.17494995930214;10722.4813098907
8.177866459466;15656.3622894287
8.18078295962986;10785.6172485352
8.18369945979372;6899.27671813965
8.18661595995758;10541.3768692017
8.18953246012144;8095.7328338623
8.1924489602853;8138.8416557312
8.19536546044916;10526.5876464844
8.19828196061302;3239.23630905151
8.20119846077688;9706.13473510742
8.20411496094074;4537.07723999023
8.20703146110461;8699.68646621704
8.20994796126847;7376.2416973114
8.21286446143233;11120.4698762894
8.21578096159619;5426.82290458679
8.21869746176005;5917.08201599121
8.22161396192391;6044.08367156982
8.22453046208777;8594.53951835632
8.22744696225163;13735.8030700684
8.23036346241549;2835.14996337891
8.23327996257935;10026.9785079956
8.23619646274321;9417.36061096191
8.23911296290708;7154.81381225586
8.24202946307094;11092.2279815674
8.2449459632348;8334.87294387817
8.24786246339866;5863.3416519165
8.25077896356252;6141.28747558594
8.25369546372638;9214.27183532715
8.25661196389024;5221.86256408691
8.2595284640541;8675.59992980957
8.26244496421796;7512.82287788391
8.26536146438182;7549.21043395996
8.26827796454569;7010.54844665527
8.27119446470955;2579.19419670105
8.27411096487341;12806.6489372253
8.27702746503727;3101.82093048096
8.27994396520113;4762.57709503174
8.28286046536499;9966.14308166504
8.28577696552885;5730.52108383179
8.28869346569271;14601.2914962769
8.29160996585657;4708.50831222534
8.29452646602043;2865.72076797485
8.29744296618429;11210.9381713867
8.30035946634816;7112.64587402344
8.30327596651202;3194.41244506836
8.30619246667588;4289.39430999756
8.30910896683974;1500.42913627625
8.3120254670036;4717.05212402344
8.31494196716746;5674.99797058105
8.31785846733132;3678.08232116699
8.32077496749518;5305.05834197998
8.32369146765904;9867.1349773407
8.3266079678229;1627.41979980469
8.32952446798676;6668.76727294922
8.33244096815062;7258.79376220703
8.33535746831449;13191.5107879639
8.33827396847835;8666.11868858337
8.34119046864221;8076.65843200684
8.34410696880607;13136.833984375
8.34702346896993;9559.8332824707
8.34993996913379;7761.47074127197
8.35285646929765;6938.45678329468
8.35577296946151;7606.1831817627
8.35868946962537;5028.25514221191
8.36160596978923;6553.1667175293
8.36452246995309;8790.91241455078
8.36743897011696;7492.44708251953
8.37035547028082;5964.13331604004
8.37327197044468;6365.69461631775
8.37618847060854;10134.6338920593
8.3791049707724;11907.0829238892
8.38202147093626;4852.35005187988
8.38493797110012;12456.7929229736
8.38785447126398;7462.99853515625
8.39077097142784;3356.19166564941
8.3936874715917;4419.45819854736
8.39660397175557;5564.28276062012
8.39952047191943;8901.78561401367
8.40243697208329;8679.27288818359
8.40535347224715;8615.60541534424
8.40826997241101;10429.3301544189
8.41118647257487;7378.71873474121
8.41410297273873;12849.229019165
8.41701947290259;2207.6529083252
8.41993597306645;2143.61668395996
8.42285247323031;8183.95419311523
8.42576897339417;4961.51251220703
8.42868547355804;12041.8539428711
8.4316019737219;7187.12919616699
8.43451847388576;1984.57086181641
8.43743497404962;10538.4519500732
8.44035147421348;5605.83975219727
8.44326797437734;14019.3974151611
8.4461844745412;6958.89580535889
8.44910097470506;6992.59750366211
8.45201747486892;12091.5392990112
8.45493397503278;6601.95361709595
8.45785047519664;9081.06344604492
8.4607669753605;8006.83125686646
8.46368347552437;11775.2634887695
8.46659997568823;5188.52807998657
8.46951647585209;9065.30985069275
8.47243297601595;4670.07487487793
8.47534947617981;10642.7456264496
8.47826597634367;4696.20878982544
8.48118247650753;9650.54573059082
8.48409897667139;5597.85075378418
8.48701547683525;12257.4279174805
8.48993197699911;6074.57699203491
8.49284847716297;6838.67665100098
8.49576497732684;9094.23669433594
8.4986814774907;5382.27445220947
8.50159797765456;10665.8380432129
8.50451447781842;14909.4545898438
8.50743097798228;1985.13694763184
8.51034747814614;10943.9248695374
8.51326397831;9632.57012939453
8.51618047847386;7859.7000579834
8.51909697863772;5319.70064544678
8.52201347880158;8981.57133102417
8.52492997896545;7269.95980834961
8.52784647912931;10909.0751647949
8.53076297929317;4941.52500152588
8.53367947945703;9834.01861572266
8.53659597962089;13373.2108459473
8.53951247978475;17661.3645362854
8.54242897994861;3007.26458930969
8.54534548011247;4166.11250305176
8.54826198027633;10701.5035915375
8.55117848044019;14758.9161891937
8.55409498060405;4900.78126335144
8.55701148076792;14848.4928131104
8.55992798093178;9200.5622253418
8.56284448109564;9685.1395111084
8.5657609812595;7142.35764694214
8.56867748142336;2804.57080841064
8.57159398158722;2348.53128814697
8.57451048175108;11059.5790863037
8.57742698191494;6940.1079864502
8.5803434820788;5254.73918151855
8.58325998224266;10409.790763855
8.58617648240652;16711.7883300781
8.58909298257039;5469.1434173584
8.59200948273425;2530.04194641113
8.59492598289811;14076.0208511353
8.59784248306197;9644.99129295349
8.60075898322583;12535.9208450317
8.60367548338969;11277.5822296143
8.60659198355355;3579.29978179932
8.60950848371741;15586.5774536133
8.61242498388127;2871.53749656677
8.61534148404513;5397.30844116211
8.618257984209;12738.4648590088
8.62117448437285;6114.97924804688
8.62409098453672;9720.03665351868
8.62700748470058;4453.11262512207
8.62992398486444;8251.50617980957
8.6328404850283;8489.8046875
8.63575698519216;11104.9320755005
8.63867348535602;4030.38539886475
8.64158998551988;13677.6895065308
8.64450648568374;9350.4320526123
8.6474229858476;5737.76258850098
8.65033948601146;2051.0249786377
8.65325598617533;11165.3249359131
8.65617248633919;5460.38165283203
8.65908898650305;12123.9454193115
8.66200548666691;8398.16670227051
8.66492198683077;8596.87801361084
8.66783848699463;6911.06285858154
8.67075498715849;4762.24250793457
8.67367148732235;9873.15481567383
8.67658798748621;8471.12770080566
8.67950448765007;13286.3074645996
8.68242098781393;14071.029006958
8.6853374879778;5711.83685302734
8.68825398814166;3795.74583053589
8.69117048830552;3359.77920532227
8.69408698846938;8464.30241012573
8.69700348863324;2850.39671325684
8.6999199887971;6870.62368774414
8.70283648896096;10366.9290771484
8.70575298912482;5880.30088806152
8.70866948928868;6557.09731292725
8.71158598945254;5725.64995574951
8.7145024896164;10307.4853057861
8.71741898978027;12832.1419677734
8.72033548994413;8046.78894042969
8.72325199010799;4163.72079277039
8.72616849027185;9564.58329772949
8.72908499043571;10779.5984802246
8.73200149059957;7108.37504577637
8.73491799076343;4908.46351623535
8.73783449092729;8169.26770782471
8.74075099109115;5355.96712493896
8.74366749125501;6837.73834991455
8.74658399141887;11148.4281768799
8.74950049158273;10214.1160964966
8.7524169917466;11759.6214904785
8.75533349191046;4498.55633926392
8.75824999207432;9603.12310791016
8.76116649223818;10316.5500831604
8.76408299240204;3533.26049613953
8.7669994925659;5690.33324813843
8.76991599272976;14445.2354793549
8.77283249289362;10069.1727752686
8.77574899305748;14339.0592041016
8.77866549322134;4381.35041809082
8.7815819933852;4155.86436462402
8.78449849354907;7603.21183395386
8.78741499371293;5196.40833091736
8.79033149387679;10234.6250762939
8.79324799404065;14930.6516952515
8.79616449420451;6075.68748474121
8.79908099436837;4085.5645904541
8.80199749453223;5318.38334655762
8.80491399469609;15121.4283294678
8.80783049485995;4854.65616416931
8.81074699502381;11094.856338501
8.81366349518768;8954.12069702148
8.81657999535154;9810.18952941895
8.8194964955154;7999.02870178223
8.82241299567926;10124.9503479004
8.82532949584312;9674.12084197998
8.82824599600698;3748.42512130737
8.83116249617084;4593.00531005859
8.8340789963347;19150.0048904419
8.83699549649856;8012.38441467285
8.83991199666242;11539.2641448975
8.84282849682628;10915.9100189209
8.84574499699015;19730.3961219788
8.84866149715401;7301.39515686035
8.85157799731787;5386.7166519165
8.85449449748173;6546.09339904785
8.85741099764559;6752.51361083984
8.86032749780945;12683.8626842499
8.86324399797331;2453.42293167114
8.86616049813717;8734.53993225098
8.86907699830103;12656.5851898193
8.87199349846489;2696.26250076294
8.87490999862875;12474.1002502441
8.87782649879262;9076.20738792419
8.88074299895648;11283.2158050537
8.88365949912034;6367.93406295776
8.8865759992842;4973.06371688843
8.88949249944806;13572.2035427094
8.89240899961192;6978.37059020996
8.89532549977578;7912.91452789307
8.89824199993964;9135.48315429688
8.9011585001035;8502.43493652344
8.90407500026736;4980.47501373291
8.90699150043123;5980.11236190796
8.90990800059508;7396.22920227051
8.91282450075895;4530.4993057251
8.91574100092281;8716.39854431152
8.91865750108667;5451.63822174072
8.92157400125053;9392.41648483276
8.92449050141439;14694.1437988281
8.92740700157825;6853.83368492126
8.93032350174211;8874.85876464844
8.93324000190597;3497.12919616699
8.93615650206983;5140.689453125
8.93907300223369;6187.7540512085
8.94198950239756;9842.55310058594
8.94490600256142;9204.46945953369
8.94782250272528;16176.807723999
8.95073900288914;2372.19170761108
8.953655503053;7944.94583129883
8.95657200321686;4320.15153312683
8.95948850338072;5274.59838867188
8.96240500354458;7449.52911376953
8.96532150370844;7254.21590805054
8.9682380038723;6449.04373168945
8.97115450403616;5917.49577331543
8.97407100420003;2057.92264556885
8.97698750436389;8301.64579200745
8.97990400452775;8097.24379348755
8.98282050469161;10160.4833221436
8.98573700485547;9143.69528961182
8.98865350501933;5046.41674041748
8.99157000518319;10218.0636940002
8.99448650534705;8880.77069091797
8.99740300551091;7035.04359436035
9.00031950567477;5018.40002441406
9.00323600583863;8775.4119720459
9.0061525060025;3186.15272521973
9.00906900616636;4458.66455459595
9.01198550633022;5879.91256713867
9.01490200649408;5264.7416229248
9.01781850665794;8029.20771789551
9.0207350068218;11990.9626159668
9.02365150698566;1437.5625
9.02656800714952;7132.64807510376
9.02948450731338;5002.45648193359
9.03240100747724;2309.27241516113
9.03531750764111;10604.5861053467
9.03823400780496;4750.02081298828
9.04115050796883;3463.75991439819
9.04406700813269;13270.4824829102
9.04698350829655;8459.72229003906
9.04990000846041;12755.0287380219
9.05281650862427;7307.4617767334
9.05573300878813;4704.41864013672
9.05864950895199;17551.970703125
9.06156600911585;7884.64761161804
9.06448250927971;12389.1968307495
9.06739900944357;14093.4084396362
9.07031550960744;9181.94990539551
9.0732320097713;15057.5964355469
9.07614850993516;9566.83762168884
9.07906501009902;9443.65480613709
9.08198151026288;12033.5880050659
9.08489801042674;8307.44612884521
9.0878145105906;14419.3922119141
9.09073101075446;19000.9865093231
9.09364751091832;19841.3226470947
9.09656401108218;19062.9156627655
9.09948051124604;12886.2398891449
9.10239701140991;28857.4900474548
9.10531351157377;15091.0749340057
9.10823001173763;20300.8034667969
9.11114651190149;12639.147983551
9.11406301206535;9280.17923736572
9.11697951222921;10114.8471908569
9.11989601239307;18012.6420631409
9.12281251255693;6809.24572181702
9.12572901272079;6060.13688087463
9.12864551288465;5028.59017944336
9.13156201304851;5827.29898071289
9.13447851321238;6983.78488922119
9.13739501337624;17224.0289611816
9.1403115135401;13136.0187835693
9.14322801370396;7309.67936706543
9.14614451386782;4960.65830993652
9.14906101403168;16865.0010223389
9.15197751419554;8336.0491809845
9.1548940143594;5333.58749389648
9.15781051452326;5208.08796691895
9.16072701468712;7483.67213439941
9.16364351485099;14474.5942993164
9.16656001501485;5834.65437698364
9.16947651517871;19559.9334259033
9.17239301534257;13619.3606109619
9.17530951550643;11930.2811508179
9.17822601567029;9056.3601360321
9.18114251583415;4221.12087440491
9.18405901599801;8446.42695617676
9.18697551616187;17312.3986206055
9.18989201632573;5134.91454315186
9.19280851648959;3118.39165687561
9.19572501665346;6076.57815551758
9.19864151681732;2959.68745994568
9.20155801698118;4075.31465911865
9.20447451714504;14582.7647399902
9.2073910173089;11613.7841358185
9.21030751747276;4072.1322479248
9.21322401763662;3948.64169692993
9.21614051780048;9307.22980308533
9.21905701796434;14302.4621963501
9.2219735181282;10532.0695800781
9.22489001829206;5613.6905670166
9.22780651845592;11069.3167266846
9.23072301861979;6144.10633850098
9.23363951878365;3188.09169006348
9.23655601894751;8753.32914733887
9.23947251911137;14089.7324676514
9.24238901927523;4722.0825252533
9.24530551943909;7127.84999084473
9.24822201960295;9155.8129119873
9.25113851976681;2652.10208320618
9.25405501993067;9411.92458343506
9.25697152009453;6068.08541107178
9.25988802025839;5049.27291870117
9.26280452042226;12109.4748306274
9.26572102058612;9871.64350509644
9.26863752074998;11682.3969268799
9.27155402091384;5616.99993133545
9.2744705210777;3788.30460357666
9.27738702124156;8813.68359375
9.28030352140542;11002.5848312378
9.28322002156928;2199.82083129883
9.28613652173314;10827.7582855225
9.289053021897;3223.96513366699
9.29196952206087;10247.0959625244
9.29488602222473;7219.75838470459
9.29780252238859;8839.17288208008
9.30071902255245;7373.6873626709
9.30363552271631;7392.68480300903
9.30655202288017;5995.97090148926
9.30946852304403;9147.50358581543
9.31238502320789;4949.34745788574
9.31530152337175;4167.30839538574
9.31821802353561;2269.34992218018
9.32113452369947;10410.6448173523
9.32405102386334;6542.64412689209
9.3269675240272;15013.9499435425
9.32988402419106;4572.3371181488
9.33280052435492;5820.46246337891
9.33571702451878;8341.92467880249
9.33863352468264;7342.12818145752
9.3415500248465;9292.44403839111
9.34446652501036;8132.48168945313
9.34738302517422;8691.94422149658
9.35029952533808;6758.76467895508
9.35321602550194;7628.39175415039
9.3561325256658;16102.4105625153
9.35904902582967;4578.67500305176
9.36196552599353;4349.41687774658
9.36488202615739;11744.212600708
9.36779852632125;8177.45027923584
9.37071502648511;8619.8748550415
9.37363152664897;10830.2923145294
9.37654802681283;4292.87089538574
9.37946452697669;7100.96349334717
9.38238102714055;9141.06368255615
9.38529752730441;13742.6832962036
9.38821402746827;12335.1487388611
9.39113052763214;4942.7207775116
9.394047027796;6874.90305709839
9.39696352795986;12738.3888092041
9.39988002812372;5112.18588256836
9.40279652828758;8984.895154953
9.40571302845144;8092.80215454102
9.4086295286153;12109.9878444672
9.41154602877916;7223.46096038818
9.41446252894302;3946.16457366943
9.41737902910688;8605.0630569458
9.42029552927075;4333.56284332275
9.42321202943461;2615.28744506836
9.42612852959847;8618.28533935547
9.42904502976233;6567.00410842896
9.43196152992619;4374.90159606934
9.43487803009005;9446.6266784668
9.43779453025391;6222.94577789307
9.44071103041777;9733.99519348145
9.44362753058163;4616.42914581299
9.44654403074549;11291.906867981
9.44946053090935;9124.58619689941
9.45237703107322;5576.51248550415
9.45529353123708;10262.9749145508
9.45821003140094;10611.867401123
9.4611265315648;4067.57325744629
9.46404303172866;10195.5746040344
9.46695953189252;7479.39807891846
9.46987603205638;3752.18336296082
9.47279253222024;14055.7393798828
9.4757090323841;11489.6716918945
9.47862553254796;6388.28118133545
9.48154203271182;9172.04173278809
9.48445853287569;14668.9460048676
9.48737503303955;3698.37083435059
9.49029153320341;8263.73594665527
9.49320803336727;9052.88285827637
9.49612453353113;6523.5161895752
9.49904103369499;6843.45278930664
9.50195753385885;10281.6332626343
9.50487403402271;8615.01362228394
9.50779053418657;4952.97085571289
9.51070703435043;7818.53551673889
9.51362353451429;16014.6981277466
9.51654003467815;5738.54867172241
9.51945653484202;6367.22564697266
9.52237303500588;8069.01507568359
9.52528953516974;7389.56666564941
9.5282060353336;6868.86664581299
9.53112253549746;6854.85871124268
9.53403903566132;9882.56020355225
9.53695553582518;6989.47679138184
9.53987203598904;25432.0438842773
9.5427885361529;10296.4797306061
9.54570503631676;6157.6020526886
9.54862153648062;9506.87498474121
9.55153803664449;8599.22208976746
9.55445453680835;6180.75006103516
9.55737103697221;12194.3396377563
9.56028753713607;5325.98545074463
9.56320403729993;7015.7833404541
9.56612053746379;9503.97072601318
9.56903703762765;9014.02097702026
9.57195353779151;3838.11185836792
9.57487003795537;4533.48968505859
9.57778653811923;6410.31835174561
9.5807030382831;13702.4908752441
9.58361953844696;10620.4067897797
9.58653603861082;6530.2733001709
9.58945253877468;19158.8658752441
9.59236903893854;8172.12339782715
9.5952855391024;12524.8941955566
9.59820203926626;7569.71034240723
9.60111853943012;8040.10012817383
9.60403503959398;8363.14585876465
9.60695153975784;6471.33756256104
9.6098680399217;6141.20211791992
9.61278454008557;11999.7678375244
9.61570104024943;8838.06248474121
9.61861754041329;6342.9562664032
9.62153404057715;11938.8209648132
9.62445054074101;14411.6641387939
9.62736704090487;9150.3148727417
9.63028354106873;9535.95718765259
9.63320004123259;6161.01889801025
9.63611654139645;6890.81525421143
9.63903304156031;14266.8993148804
9.64194954172417;7291.02519989014
9.64486604188803;17549.4059371948
9.6477825420519;11288.5450382233
9.65069904221576;9616.86469841003
9.65361554237962;8451.73039245605
9.65653204254348;10008.5088424683
9.65944854270734;5935.47751235962
9.6623650428712;10455.5176696777
9.66528154303506;9418.63957214355
9.66819804319892;8902.80830955505
9.67111454336278;5324.875
9.67403104352664;17305.5000610352
9.6769475436905;6342.69992828369
9.67986404385437;10195.9608306885
9.68278054401823;5162.92487716675
9.68569704418209;8857.55354309082
9.68861354434595;3467.09642028809
9.69153004450981;9889.05683517456
9.69444654467367;5551.83346176147
9.69736304483753;8095.1240234375
9.70027954500139;11076.112991333
9.70319604516525;16641.4855461121
9.70611254532911;7013.81875610352
9.70902904549298;8763.36143493652
9.71194554565684;15546.431060791
9.7148620458207;8054.96254730225
9.71777854598456;8120.13527297974
9.72069504614842;12782.7906951904
9.72361154631228;10557.4310569763
9.72652804647614;4848.59167480469
9.72944454664;12451.6389007568
9.73236104680386;8404.40912246704
9.73527754696772;7312.79790878296
9.73819404713158;3932.7541809082
9.74111054729545;10567.7178192139
9.74402704745931;12579.141708374
9.74694354762317;7273.74168395996
9.74986004778703;10271.0741958618
9.75277654795089;7765.57106399536
9.75569304811475;9570.25415802002
9.75860954827861;11001.4035339355
9.76152604844247;5068.10356140137
9.76444254860633;13853.8147506714
9.76735904877019;8393.95108032227
9.77027554893405;7187.10733413696
9.77319204909791;8041.72292327881
9.77610854926178;7177.81878662109
9.77902504942564;9489.06581878662
9.7819415495895;15651.2376174927
9.78485804975336;18462.5955200195
9.78777454991722;7637.98016738892
9.79069105008108;3088.49560546875
9.79360755024494;6952.60300254822
9.7965240504088;10809.1374206543
9.79944055057266;17057.3710479736
9.80235705073653;13874.9980201721
9.80527355090038;5473.15835571289
9.80819005106425;4691.16876220703
9.81110655122811;17844.4911499023
9.81402305139197;12304.8933410645
9.81693955155583;18114.3666687012
9.81985605171969;5447.02086639404
9.82277255188355;13390.9918823242
9.82568905204741;10647.6687736511
9.82860555221127;6571.54391288757
9.83152205237513;11164.214515686
9.83443855253899;7652.29782867432
9.83735505270286;3638.66455078125
9.84027155286672;5062.52933502197
9.84318805303058;4006.76758575439
9.84610455319444;8589.60362243652
9.8490210533583;7068.91251182556
9.85193755352216;4011.33938598633
9.85485405368602;8298.74172973633
9.85777055384988;4097.51266479492
9.86068705401374;10660.4395141602
9.8636035541776;10145.6207580566
9.86652005434146;12500.8154792786
9.86943655450533;5044.84867858887
9.87235305466919;4601.05429077148
9.87526955483305;9158.54593276978
9.87818605499691;2462.50984954834
9.88110255516077;9856.5188293457
9.88401905532463;13302.6209259033
9.88693555548849;7026.35013580322
9.88985205565235;12847.2722148895
9.89276855581621;3606.6333770752
9.89568505598007;8058.7412109375
9.89860155614393;10230.9149169922
9.9015180563078;8828.70471191406
9.90443455647166;7068.68176841736
9.90735105663552;7221.2014465332
9.91026755679938;7202.59149169922
9.91318405696324;18177.3565483093
9.9161005571271;6714.01419067383
9.91901705729096;4624.97087860107
9.92193355745482;6957.19134521484
9.92485005761868;8536.62704467773
9.92776655778254;13537.6874732971
9.93068305794641;8959.96128845215
9.93359955811026;14999.6639671326
9.93651605827413;12316.8649406433
9.93943255843799;13260.8320770264
9.94234905860185;8429.22456359863
9.94526555876571;3277.7791595459
9.94818205892957;9523.95831298828
9.95109855909343;4085.99163818359
9.95401505925729;10947.8715362549
9.95693155942115;4734.38957214355
9.95984805958501;4687.83746337891
9.96276455974887;9920.19281005859
9.96568105991274;15810.0564422607
9.9685975600766;12202.3989868164
9.97151406024046;4771.63123321533
9.97443056040432;10528.8144836426
9.97734706056818;6458.13822174072
9.98026356073204;4704.70653533936
9.9831800608959;9210.56500244141
9.98609656105976;5651.30990791321
9.98901306122362;11203.4447212219
9.99192956138748;9501.59316253662
9.99484606155134;6715.74906921387
9.99776256171521;14036.0023345947
10.0006790618791;6789.59986877441
10.0035955620429;9640.29571533203
10.0065120622068;2897.50416564941
10.0094285623706;5764.51502227783
10.0123450625345;11654.2503585815
10.0152615626984;6463.65920829773
10.0181780628622;8289.97909545898
10.0210945630261;11576.169052124
10.02401106319;9453.26113128662
10.0269275633538;4178.07083129883
10.0298440635177;5655.20263671875
10.0327605636815;4275.27502441406
10.0356770638454;14201.6943969727
10.0385935640093;13344.2548065186
10.0415100641731;6390.87506103516
10.044426564337;14642.0732021332
10.0473430645008;6327.66656494141
10.0502595646647;10401.4672470093
10.0531760648286;14012.4674072266
10.0560925649924;4495.3936920166
10.0590090651563;6210.64577293396
10.0619255653201;11195.4447631836
10.064842065484;11280.6150970459
10.0677585656479;13477.2122344971
10.0706750658117;4260.75764465332
10.0735915659756;7429.76733398438
10.0765080661394;2956.01454162598
10.0794245663033;10482.5651245117
10.0823410664672;6543.8330078125
10.085257566631;6625.91893959045
10.0881740667949;4894.99146270752
10.0910905669588;3462.73083877563
10.0940070671226;9091.32283782959
10.0969235672865;13772.8392944336
10.0998400674503;10586.1065750122
10.1027565676142;9758.99879837036
10.1056730677781;10795.5542907715
10.1085895679419;9913.28875732422
10.1115060681058;13323.2314109802
10.1144225682696;8863.98014068604
10.1173390684335;8224.54999732971
10.1202555685974;2419.59791374207
10.1231720687612;6620.04781341553
10.1260885689251;3470.0520324707
10.1290050690889;2384.32080078125
10.1319215692528;2276.52493286133
10.1348380694167;4461.82530212402
10.1377545695805;10697.83228302
10.1406710697444;10119.670539856
10.1435875699083;11421.4307861328
10.1465040700721;10526.423412323
10.149420570236;12335.2656230927
10.1523370703998;7499.78147888184
10.1552535705637;3427.60000610352
10.1581700707276;3851.33979034424
10.1610865708914;8203.52769470215
10.1640030710553;4105.97916412354
10.1669195712191;11087.5958995819
10.169836071383;4288.34380722046
10.1727525715469;4936.91245079041
10.1756690717107;12554.0380439758
10.1785855718746;8896.48738861084
10.1815020720384;4786.57914733887
10.1844185722023;7516.92298126221
10.1873350723662;4584.38551330566
10.19025157253;7904.51446533203
10.1931680726939;11506.6071243286
10.1960845728577;8691.74710083008
10.1990010730216;3848.36259078979
10.2019175731855;11492.6086883545
10.2048340733493;12741.7494430542
10.2077505735132;12368.4673290253
10.2106670736771;7308.59941864014
10.2135835738409;3911.38566589355
10.2165000740048;4354.79454803467
10.2194165741686;5851.52998352051
10.2223330743325;5268.54599761963
10.2252495744964;9975.92938232422
10.2281660746602;15459.2758483887
10.2310825748241;8460.17919540405
10.2339990749879;13477.1273498535
10.2369155751518;11146.542678833
10.2398320753157;11197.0743026733
10.2427485754795;8882.00408172607
10.2456650756434;5317.59051513672
10.2485815758072;9789.77485656738
10.2514980759711;8090.13191223145
10.254414576135;12081.6376953125
10.2573310762988;8710.36462402344
10.2602475764627;6658.66736984253
10.2631640766265;12988.5721263885
10.2660805767904;9567.2512512207
10.2689970769543;2836.82040405273
10.2719135771181;9944.1773891449
10.274830077282;12022.8920669556
10.2777465774459;5256.97364807129
10.2806630776097;8297.92371368408
10.2835795777736;10267.3160018921
10.2864960779374;7604.64053344727
10.2894125781013;13693.3166885376
10.2923290782652;22505.5835151672
10.295245578429;10163.5583305359
10.2981620785929;8955.3864440918
10.3010785787567;9179.97665405273
10.3039950789206;6480.06616973877
10.3069115790845;6230.92320251465
10.3098280792483;8066.66458129883
10.3127445794122;11910.9920043945
10.315661079576;7635.67735481262
10.3185775797399;8025.3218460083
10.3214940799038;10872.7708129883
10.3244105800676;14084.9785919189
10.3273270802315;11810.1012420654
10.3302435803953;10261.6020050049
10.3331600805592;11487.7180252075
10.3360765807231;3478.16665649414
10.3389930808869;2024.20416259766
10.3419095810508;10312.0480728149
10.3448260812147;8179.47892570496
10.3477425813785;6044.51554870605
10.3506590815424;9983.63359642029
10.3535755817062;6543.08662414551
10.3564920818701;10740.7959423065
10.359408582034;7260.75830078125
10.3623250821978;8105.65579795837
10.3652415823617;15151.4646453857
10.3681580825255;12990.2528457642
10.3710745826894;7365.65005493164
10.3739910828533;6592.77381896973
10.3769075830171;5130.26849365234
10.379824083181;12060.3207550049
10.3827405833448;8406.12832641602
10.3856570835087;7124.47430419922
10.3885735836726;4384.43758010864
10.3914900838364;6566.83341217041
10.3944065840003;7286.45027923584
10.3973230841641;8301.21875
10.400239584328;4629.24163818359
10.4031560844919;11365.3569335938
10.4060725846557;6036.2169418335
10.4089890848196;5970.45414352417
10.4119055849835;6679.66873168945
10.4148220851473;7638.94875335693
10.4177385853112;6502.17294311523
10.420655085475;5110.66201782227
10.4235715856389;7125.97081756592
10.4264880858028;6676.32647705078
10.4294045859666;9587.70333862305
10.4323210861305;16316.5598602295
10.4352375862943;15636.8673400879
10.4381540864582;8424.21880340576
10.4410705866221;7365.29769897461
10.4439870867859;10456.9387531281
10.4469035869498;10292.8715133667
10.4498200871136;10646.7179718018
10.4527365872775;8140.20803451538
10.4556530874414;5853.35675048828
10.4585695876052;9830.09521484375
10.4614860877691;10066.7577514648
10.464402587933;9508.24154663086
10.4673190880968;4306.70840454102
10.4702355882607;5990.27077484131
10.4731520884245;11022.3374042511
10.4760685885884;9740.44174575806
10.4789850887523;8157.54953384399
10.4819015889161;14727.0260238647
10.48481808908;11617.4354629517
10.4877345892438;9906.11987304688
10.4906510894077;11056.5284423828
10.4935675895716;7849.10026454926
10.4964840897354;15445.4493560791
10.4994005898993;6153.42127227783
10.5023170900631;14997.774515152
10.505233590227;5882.98760986328
10.5081500903909;11221.6865234375
10.5110665905547;12148.2817077637
10.5139830907186;8550.32302093506
10.5168995908824;7520.00495910645
10.5198160910463;8397.82507324219
10.5227325912102;7698.62917327881
10.525649091374;14951.3329849243
10.5285655915379;6872.55084991455
10.5314820917018;9422.07932281494
10.5343985918656;7609.21005249023
10.5373150920295;9121.6457862854
10.5402315921933;10512.5708312988
10.5431480923572;11936.1896133423
10.5460645925211;13778.1756820679
10.5489810926849;8712.73581695557
10.5518975928488;8797.74353027344
10.5548140930126;10056.5253448486
10.5577305931765;4333.87076568604
10.5606470933404;8245.78357124329
10.5635635935042;4479.76245307922
10.5664800936681;7660.43963623047
10.5693965938319;9750.489112854
10.5723130939958;15153.4844589233
10.5752295941597;9518.54200744629
10.5781460943235;10036.641248703
10.5810625944874;7207.22315216064
10.5839790946512;10098.9832496643
10.5868955948151;5568.31243896484
10.589812094979;11326.933380127
10.5927285951428;8098.64768981934
10.5956450953067;16366.0896568298
10.5985615954706;9657.20831298828
10.6014780956344;8109.4739074707
10.6043945957983;5252.9542388916
10.6073110959621;8406.17775535584
10.610227596126;6373.70621109009
10.6131440962899;8838.99069213867
10.6160605964537;3349.52944946289
10.6189770966176;9376.7276763916
10.6218935967814;5657.14585876465
10.6248100969453;19035.9209671021
10.6277265971092;8991.38545227051
10.630643097273;5939.75227737427
10.6335595974369;13081.1298675537
10.6364760976007;8975.07075119019
10.6393925977646;9824.96675109863
10.6423090979285;12777.5138473511
10.6452255980923;4211.89575195313
10.6481420982562;6118.78179740906
10.6510585984201;11976.6232833862
10.6539750985839;3561.875
10.6568915987478;7740.8854675293
10.6598080989116;8314.79999542236
10.6627245990755;4123.23329162598
10.6656410992394;6621.1032333374
10.6685575994032;6072.17858886719
10.6714740995671;7375.10549926758
10.6743905997309;7015.22808837891
10.6773070998948;12515.335357666
10.6802236000587;2934.48959350586
10.6831401002225;6576.7386932373
10.6860566003864;5115.26248931885
10.6889731005502;12941.4791717529
10.6918896007141;11356.0497055054
10.694806100878;6763.26072692871
10.6977226010418;13375.5205917358
10.7006391012057;8780.75141525269
10.7035556013695;4168.82295799255
10.7064721015334;5237.92255210876
10.7093886016973;4108.37084960938
10.7123051018611;13679.7194824219
10.715221602025;10307.6560821533
10.7181381021889;2873.41663360596
10.7210546023527;12954.8896522522
10.7239711025166;4036.53533935547
10.7268876026804;8610.09826660156
10.7298041028443;9146.67301177979
10.7327206030082;1957.92080688477
10.735637103172;5528.16665649414
10.7385536033359;10541.6985931396
10.7414701034997;6663.33891296387
10.7443866036636;4237.18075561523
10.7473031038275;10471.8598499298
10.7502196039913;9730.12825012207
10.7531361041552;8570.05049514771
10.756052604319;4834.10334014893
10.7589691044829;6230.48704528809
10.7618856046468;3196.1208114624
10.7648021048106;4553.61913299561
10.7677186049745;12965.559967041
10.7706351051383;14326.6812133789
10.7735516053022;6513.87494659424
10.7764681054661;13820.0126953125
10.7793846056299;4464.04584884644
10.7823011057938;9557.54299926758
10.7852176059577;5808.1858921051
10.7881341061215;9177.6769618988
10.7910506062854;16087.7360687256
10.7939671064492;8619.07317352295
10.7968836066131;11447.1921386719
10.799800106777;9857.76664733887
10.8027166069408;3502.85174942017
10.8056331071047;9674.03541564941
10.8085496072685;13615.7593994141
10.8114661074324;9820.64442825317
10.8143826075963;7798.71253967285
10.8172991077601;12975.1124954224
10.820215607924;7494.01236343384
10.8231321080878;5868.04334259033
10.8260486082517;3517.11640930176
10.8289651084156;13423.9978942871
10.8318816085794;3720.49376487732
10.8347981087433;6415.36885070801
10.8377146089071;6327.04225349426
10.840631109071;4278.8639755249
10.8435476092349;8187.52899169922
10.8464641093987;5317.05752563477
10.8493806095626;9697.53977966309
10.8522971097265;16628.5751037598
10.8552136098903;10496.8384990692
10.8581301100542;10827.0963516235
10.861046610218;10438.3322753906
10.8639631103819;4913.0500831604
10.8668796105458;6338.07165145874
10.8697961107096;17014.6848106384
10.8727126108735;16990.7552909851
10.8756291110373;3555.29791641235
10.8785456112012;5999.06875610352
10.8814621113651;12603.2291030884
10.8843786115289;10092.5770492554
10.8872951116928;10737.7291870117
10.8902116118566;6656.63134765625
10.8931281120205;5040.88040161133
10.8960446121844;3969.31253051758
10.8989611123482;3947.63526916504
10.9018776125121;8421.314453125
10.9047941126759;6467.57926940918
10.9077106128398;7501.97504043579
10.9106271130037;10569.3729400635
10.9135436131675;14829.7860107422
10.9164601133314;7720.45332336426
10.9193766134953;5693.27704620361
10.9222931136591;5352.46151733398
10.925209613823;16873.2398223877
10.9281261139868;10989.1956958771
10.9310426141507;16459.7025756836
10.9339591143146;8731.00863647461
10.9368756144784;7214.54719543457
10.9397921146423;6179.15783691406
10.9427086148061;9820.52492523193
10.94562511497;12757.5895614624
10.9485416151339;10057.1070098877
10.9514581152977;9306.99995422363
10.9543746154616;5114.46258544922
10.9572911156254;14833.9864807129
10.9602076157893;13006.2469329834
10.9631241159532;9602.97960090637
10.966040616117;10007.4023132324
10.9689571162809;14544.5105743408
10.9718736164447;10970.8311386108
10.9747901166086;6348.30220031738
10.9777066167725;17857.3521118164
10.9806231169363;5500.91877746582
10.9835396171002;6083.71937561035
10.9864561172641;12440.0923690796
10.9893726174279;7003.65418624878
10.9922891175918;13085.8498039246
10.9952056177556;15120.1199035645
10.9981221179195;16844.0108108521
11.0010386180834;12447.811416626
11.0039551182472;9033.15439605713
11.0068716184111;11208.6827163696
11.0097881185749;9645.3350982666
11.0127046187388;1980.47085571289
11.0156211189027;5806.62500190735
11.0185376190665;18018.7308654785
11.0214541192304;9392.4166469574
11.0243706193942;13218.3514328003
11.0272871195581;6481.75855255127
11.030203619722;5851.21249389648
11.0331201198858;14757.1190338135
11.0360366200497;10335.5330543518
11.0389531202136;7977.0633430481
11.0418696203774;11363.0468521118
11.0447861205413;9470.04535102844
11.0477026207051;5122.55233383179
11.050619120869;7786.58981323242
11.0535356210329;9044.59985351563
11.0564521211967;8761.56010437012
11.0593686213606;10354.8916625977
11.0622851215244;11795.7000732422
11.0652016216883;13905.9135284424
11.0681181218522;6516.52285766602
11.071034622016;3591.34375
11.0739511221799;7177.39171600342
11.0768676223437;8117.50512695313
11.0797841225076;9595.28136444092
11.0827006226715;13041.4997558594
11.0856171228353;3357.21295547485
11.0885336229992;13007.8974151611
11.091450123163;8395.51873779297
11.0943666233269;17745.9153060913
11.0972831234908;12105.9337310791
11.1001996236546;6380.66795539856
11.1031161238185;13660.9637451172
11.1060326239824;6385.92137145996
11.1089491241462;15648.9311447144
11.1118656243101;9204.84743499756
11.1147821244739;9026.5393371582
11.1176986246378;8174.46046066284
11.1206151248017;8700.46389770508
11.1235316249655;8840.23557281494
11.1264481251294;8713.61507034302
11.1293646252932;6704.4395904541
11.1322811254571;4875.24167251587
11.135197625621;7999.89625549316
11.1381141257848;11509.9802246094
11.1410306259487;15165.4917984009
11.1439471261125;6124.03329467773
11.1468636262764;9582.58889770508
11.1497801264403;10129.1354980469
11.1526966266041;5988.47436141968
11.155613126768;5639.37916564941
11.1585296269318;12108.2018814087
11.1614461270957;6663.35415649414
11.1643626272596;6999.72499656677
11.1672791274234;5778.52282714844
11.1701956275873;10825.2490005493
11.1731121277512;14629.5108032227
11.176028627915;11030.4541931152
11.1789451280789;22611.6205635071
11.1818616282427;20187.6464538574
11.1847781284066;18979.6477661133
11.1876946285705;15630.2365703583
11.1906111287343;14615.9064559937
11.1935276288982;19192.3015270233
11.196444129062;11610.1466445923
11.1993606292259;11891.5743484497
11.2022771293898;16298.8630065918
11.2051936295536;9237.49662017822
11.2081101297175;3779.26047515869
11.2110266298813;13341.1377563477
11.2139431300452;10536.4020576477
11.2168596302091;13362.9110488892
11.2197761303729;5893.49578094482
11.2226926305368;9025.80816650391
11.2256091307006;16938.5658779144
11.2285256308645;11890.5375671387
11.2314421310284;7088.21644592285
11.2343586311922;5524.83541870117
11.2372751313561;7592.3459186554
11.24019163152;8901.60377311707
11.2431081316838;8458.3334274292
11.2460246318477;4999.69341278076
11.2489411320115;6425.39039611816
11.2518576321754;6695.12921142578
11.2547741323393;4959.22990036011
11.2576906325031;3050.40003204346
11.260607132667;10062.8851776123
11.2635236328308;9574.64990234375
11.2664401329947;7589.48120117188
11.2693566331586;4521.06443786621
11.2722731333224;8624.70945930481
11.2751896334863;9596.58177185059
11.2781061336501;6868.74425888062
11.281022633814;9976.12716674805
11.2839391339779;8912.49547767639
11.2868556341417;4000.92226219177
11.2897721343056;13290.701713562
11.2926886344694;4665.80004882813
11.2956051346333;2539.74075126648
11.2985216347972;2917.66249084473
11.301438134961;9579.31073951721
11.3043546351249;12219.168718338
11.3072711352888;8860.77275276184
11.3101876354526;14136.2874755859
11.3131041356165;9363.5959854126
11.3160206357803;9738.93844604492
11.3189371359442;5976.00622558594
11.3218536361081;12365.5464630127
11.3247701362719;9271.05425643921
11.3276866364358;4096.07081604004
11.3306031365996;10831.3016529083
11.3335196367635;18145.6264343262
11.3364361369274;7913.68330383301
11.3393526370912;7228.21453857422
11.3422691372551;11207.7770080566
11.3451856374189;6616.20413208008
11.3481021375828;10711.7626342773
11.3510186377467;12201.685218811
11.3539351379105;7607.55087280273
11.3568516380744;13497.7978973389
11.3597681382383;16072.3390731812
11.3626846384021;9705.12704467773
11.365601138566;16328.6747741699
11.3685176387298;7201.14322662354
11.3714341388937;7165.60416412354
11.3743506390576;6007.18417358398
11.3772671392214;10057.9834671021
11.3801836393853;9988.14081573486
11.3831001395491;6337.73345184326
11.386016639713;9597.17385864258
11.3889331398769;7117.21881103516
11.3918496400407;14220.4054107666
11.3947661402046;14652.8268585205
11.3976826403684;6938.29759216309
11.4005991405323;7349.54109191895
11.4035156406962;9465.89346313477
11.40643214086;9469.77649879456
11.4093486410239;10901.643737793
11.4122651411877;12253.6975097656
11.4151816413516;14755.3877792358
11.4180981415155;10834.3354034424
11.4210146416793;8577.95071601868
11.4239311418432;10336.2209587097
11.4268476420071;9519.68734741211
11.4297641421709;8103.82080078125
11.4326806423348;12217.3478927612
11.4355971424986;8627.74029922485
11.4385136426625;7073.35420227051
11.4414301428264;14025.3332214355
11.4443466429902;6088.57450485229
11.4472631431541;6857.16446685791
11.4501796433179;6813.51663970947
11.4530961434818;7575.5445022583
11.4560126436457;14125.4777297974
11.4589291438095;19978.2208633423
11.4618456439734;6325.27502822876
11.4647621441372;12112.8520774841
11.4676786443011;9664.1162853241
11.470595144465;8441.61956787109
11.4735116446288;17816.9770069122
11.4764281447927;21728.3312683105
11.4793446449565;7961.60198020935
11.4822611451204;6326.98338317871
11.4851776452843;10939.8377380371
11.4880941454481;12217.1921386719
11.491010645612;10512.0890464783
11.4939271457759;6258.18611526489
11.4968436459397;5333.59117126465
11.4997601461036;5290.82421875
11.5026766462674;11783.4001159668
11.5055931464313;7435.86242675781
11.5085096465952;8439.42310333252
11.511426146759;11449.3383026123
11.5143426469229;10599.3510894775
11.5172591470867;10830.8334541321
11.5201756472506;9247.0375213623
11.5230921474145;10145.1080703735
11.5260086475783;3443.48750305176
11.5289251477422;11756.7411651611
11.531841647906;8816.02487945557
11.5347581480699;10207.5645446777
11.5376746482338;15939.1053695679
11.5405911483976;11932.2722539902
11.5435076485615;7101.44281959534
11.5464241487254;9538.22281646729
11.5493406488892;3084.82287597656
11.5522571490531;12451.0203895569
11.5551736492169;8017.73030853271
11.5580901493808;12067.310295105
11.5610066495447;9261.28032493591
11.5639231497085;3770.9750213623
11.5668396498724;6308.44784355164
11.5697561500362;5211.09993743896
11.5726726502001;6289.42706108093
11.575589150364;5114.9216003418
11.5785056505278;11571.7387313843
11.5814221506917;8260.10078048706
11.5843386508555;5485.1949005127
11.5872551510194;7165.65783691406
11.5901716511833;10498.6688556671
11.5930881513471;15941.0883579254
11.596004651511;10269.687543869
11.5989211516748;11143.0322647095
11.6018376518387;8545.33951568604
11.6047541520026;6160.25177001953
11.6076706521664;9070.67840576172
11.6105871523303;7436.37506866455
11.6135036524942;7877.21036148071
11.616420152658;9173.15062713623
11.6193366528219;13907.6270904541
11.6222531529857;7671.61245727539
11.6251696531496;18578.2151794434
11.6280861533135;5807.63159942627
11.6310026534773;11406.029083252
11.6339191536412;16327.2038726807
11.636835653805;12254.2166824341
11.6397521539689;9951.38330841064
11.6426686541328;7290.14187240601
11.6455851542966;4046.95628356934
11.6485016544605;10186.0385036469
11.6514181546243;13636.4291305542
11.6543346547882;8082.03942871094
11.6572511549521;7793.2467918396
11.6601676551159;9440.92633056641
11.6630841552798;11354.3740615845
11.6660006554436;9672.52373123169
11.6689171556075;4129.20832824707
11.6718336557714;13585.9480285645
11.6747501559352;6531.72817230225
11.6776666560991;11874.3050231934
11.680583156263;4812.54588317871
11.6834996564268;3743.48709869385
11.6864161565907;13670.4282913208
11.6893326567545;5766.65006637573
11.6922491569184;12395.2284011841
11.6951656570823;4333.38523864746
11.6980821572461;10553.135345459
11.70099865741;13360.9603805542
11.7039151575738;3746.54582214355
11.7068316577377;14824.8313903809
11.7097481579016;4613.01243591309
11.7126646580654;9796.52293014526
11.7155811582293;6625.60003662109
11.7184976583931;8416.78747558594
11.721414158557;13304.6223983765
11.7243306587209;6987.42506599426
11.7272471588847;8996.81678009033
11.7301636590486;3762.09167480469
11.7330801592124;15030.2698059082
11.7359966593763;9413.68534851074
11.7389131595402;9382.84107208252
11.741829659704;5629.21078205109
11.7447461598679;10090.0996818542
11.7476626600318;10175.1961212158
11.7505791601956;5709.16448974609
11.7534956603595;7385.46900558472
11.7564121605233;5717.96250915527
11.7593286606872;17707.7916870117
11.7622451608511;9701.11226463318
11.7651616610149;5816.39353179932
11.7680781611788;13436.1084594727
11.7709946613426;14911.7301025391
11.7739111615065;12147.67420578
11.7768276616704;3856.05004119873
11.7797441618342;8417.89789581299
11.7826606619981;3211.15420532227
11.7855771621619;10652.3124198914
11.7884936623258;5361.01226806641
11.7914101624897;10705.3969421387
11.7943266626535;4883.69787597656
11.7972431628174;8255.09381103516
11.8001596629812;5084.85420227051
11.8030761631451;6470.39794158936
11.805992663309;6641.40283966064
11.8089091634728;12061.35597229
11.8118256636367;5669.55893707275
11.8147421638006;9719.4340133667
11.8176586639644;4552.45319366455
11.8205751641283;9051.60418701172
11.8234916642921;10501.5889320374
11.826408164456;4791.84295654297
11.8293246646199;12779.7726821899
11.8322411647837;5948.98973083496
11.8351576649476;4351.97919464111
11.8380741651114;3111.38745117188
11.8409906652753;14125.659029007
11.8439071654392;3452.35642242432
11.846823665603;25136.7586364746
11.8497401657669;18442.2267494202
11.8526566659307;5326.24172210693
11.8555731660946;10559.0398788452
11.8584896662585;11435.2667980194
11.8614061664223;6094.13746452332
11.8643226665862;8614.72994995117
11.86723916675;6333.81665611267
11.8701556669139;8629.47513198853
11.8730721670778;5089.55212211609
11.8759886672416;11913.5838184357
11.8789051674055;7046.53335571289
11.8818216675694;13861.7587661743
11.8847381677332;11190.2205467224
11.8876546678971;5090.72593688965
11.8905711680609;9112.15966033936
11.8934876682248;8264.14772033691
11.8964041683887;11940.0542316437
11.8993206685525;7291.93544578552
11.9022371687164;12577.3479690552
11.9051536688802;7726.77523422241
11.9080701690441;6489.95835876465
11.910986669208;6879.5438079834
11.9139031693718;9594.14456176758
11.9168196695357;7073.26866149902
11.9197361696995;5682.60010528564
11.9226526698634;16726.7857437134
11.9255691700273;13582.1378479004
11.9284856701911;9249.26735115051
11.931402170355;16996.9769115448
11.9343186705189;10042.686958313
11.9372351706827;16882.1770248413
11.9401516708466;12089.2693824768
11.9430681710104;8060.34380531311
11.9459846711743;11047.7047729492
11.9489011713382;5764.51458740234
11.951817671502;10317.4277496338
11.9547341716659;6457.86822509766
11.9576506718297;10510.8625640869
11.9605671719936;4570.10540771484
11.9634836721575;14817.2398605347
11.9664001723213;7885.46019744873
11.9693166724852;6960.60411834717
11.972233172649;14354.8686714172
11.9751496728129;14663.247177124
11.9780661729768;3738.92015457153
11.9809826731406;9521.47693252563
11.9838991733045;10542.9459838867
11.9868156734683;8203.44700622559
11.9897321736322;8246.48721313477
11.9926486737961;5868.15182495117
11.9955651739599;7032.54936218262
11.9984816741238;7197.8522567749
12.0013981742877;7748.14587402344
12.0043146744515;8625.20417785645
12.0072311746154;12431.3705940247
12.0101476747792;2975.4041595459
12.0130641749431;16417.4248657227
12.015980675107;10925.30418396
12.0188971752708;13028.8772277832
12.0218136754347;10546.3871860504
12.0247301755985;8181.89190673828
12.0276466757624;17457.0129547119
12.0305631759263;9227.1003818512
12.0334796760901;10493.0204925537
12.036396176254;9833.59371948242
12.0393126764178;17468.2273254395
12.0422291765817;8934.66887283325
12.0451456767456;20259.9379806519
12.0480621769094;7870.63467407227
12.0509786770733;11695.610458374
12.0538951772371;9909.67240905762
12.056811677401;10599.1834564209
12.0597281775649;7170.90000152588
12.0626446777287;9221.24172973633
12.0655611778926;5680.98307800293
12.0684776780565;17333.0920410156
12.0713941782203;6484.15003967285
12.0743106783842;18916.2894897461
12.077227178548;6284.26585388184
12.0801436787119;10784.3123474121
12.0830601788758;3023.47737884521
12.0859766790396;13766.2625427246
12.0888931792035;7801.71993255615
12.0918096793673;8286.10019683838
12.0947261795312;9489.27926635742
12.0976426796951;5287.48371124268
12.1005591798589;5590.86238861084
12.1034756800228;5931.93133544922
12.1063921801866;11090.7527217865
12.1093086803505;17001.2559356689
12.1122251805144;12841.1780090332
12.1151416806782;8688.41250801086
12.1180581808421;5682.42919921875
12.1209746810059;10352.8816757202
12.1238911811698;7060.83255767822
12.1268076813337;9085.94188690186
12.1297241814975;5874.61660766602
12.1326406816614;11727.5116119385
12.1355571818253;4625.22706604004
12.1384736819891;8531.33129882813
12.141390182153;6712.04159545898
12.1443066823168;7762.15412902832
12.1472231824807;10792.6075973511
12.1501396826446;8423.96483612061
12.1530561828084;5140.07146453857
12.1559726829723;6082.23410415649
12.1588891831361;12381.3260345459
12.1618056833;10061.8927631378
12.1647221834639;8022.39961242676
12.1676386836277;6911.91664123535
12.1705551837916;7643.80137634277
12.1734716839554;11761.120475769
12.1763881841193;5456.99322509766
12.1793046842832;13183.0376014709
12.182221184447;8452.91870117188
12.1851376846109;5921.13874053955
12.1880541847747;10795.7667312622
12.1909706849386;8702.68226623535
12.1938871851025;7888.84725570679
12.1968036852663;12966.2540969849
12.1997201854302;7384.3871307373
12.2026366855941;9777.35990905762
12.2055531857579;11877.6755905151
12.2084696859218;11991.0501251221
12.2113861860856;15628.3228225708
12.2143026862495;2894.6856842041
12.2172191864134;11843.8423156738
12.2201356865772;7427.15619277954
12.2230521867411;13180.2751083374
12.2259686869049;6724.35868453979
12.2288851870688;6087.13334655762
12.2318016872327;11568.3818511963
12.2347181873965;7388.55184173584
12.2376346875604;21631.3626174927
12.2405511877242;9454.05589294434
12.2434676878881;17604.3672485352
12.246384188052;11806.3323364258
12.2493006882158;12531.0109558105
12.2522171883797;14802.2811737061
12.2551336885436;15905.2435302734
12.2580501887074;7989.55835151672
12.2609666888713;8628.89611816406
12.2638831890351;12116.6629295349
12.266799689199;9376.08676147461
12.2697161893629;7976.91340637207
12.2726326895267;4886.3458404541
12.2755491896906;3867.0196685791
12.2784656898544;13057.5785369873
12.2813821900183;7972.65063667297
12.2842986901822;15518.7643127441
12.287215190346;4705.26243591309
12.2901316905099;11734.7977981567
12.2930481906737;5361.34790802002
12.2959646908376;15003.4373397827
12.2988811910015;10727.1378173828
12.3017976911653;13903.6127166748
12.3047141913292;6375.15840148926
12.307630691493;10915.6520385742
12.3105471916569;4598.92825317383
12.3134636918208;8772.76894378662
12.3163801919846;7262.46672821045
12.3192966921485;3522.32660675049
12.3222131923124;6396.17080688477
12.3251296924762;7801.09276199341
12.3280461926401;6377.8062286377
12.3309626928039;6266.70292663574
12.3338791929678;9247.30424880981
12.3367956931317;14676.4409255981
12.3397121932955;9952.40921020508
12.3426286934594;12484.6850585938
12.3455451936232;12367.2643890381
12.3484616937871;8483.66876983643
12.351378193951;6004.04814910889
12.3542946941148;8520.98041915894
12.3572111942787;12125.9695053101
12.3601276944425;13064.9914703369
12.3630441946064;2152.67649841309
12.3659606947703;10572.1303329468
12.3688771949341;1606.51667785645
12.371793695098;4956.47282028198
12.3747101952618;8944.74792480469
12.3776266954257;3757.22010040283
12.3805431955896;5687.63968276978
12.3834596957534;7684.64427185059
12.3863761959173;6855.37092590332
12.3892926960812;7601.74151611328
12.392209196245;7109.67868041992
12.3951256964089;11204.0516204834
12.3980421965727;11067.7791519165
12.4009586967366;5285.61961174011
12.4038751969005;8317.78961181641
12.4067916970643;7986.82793426514
12.4097081972282;8443.56860351563
12.412624697392;8065.8104019165
12.4155411975559;10223.09375
12.4184576977198;6411.03329086304
12.4213741978836;8659.00701904297
12.4242906980475;12896.0595092773
12.4272071982113;6288.97660064697
12.4301236983752;10892.5699272156
12.4330401985391;8304.41627502441
12.4359566987029;5751.36049079895
12.4388731988668;6456.64579772949
12.4417896990307;5391.32917785645
12.4447061991945;7322.42921447754
12.4476226993584;6099.27069091797
12.4505391995222;10568.2625427246
12.4534556996861;13908.7106742859
12.45637219985;19552.6124305725
12.4592887000138;3428.96667480469
12.4622052001777;8716.17283630371
12.4651217003415;8810.93357467651
12.4680382005054;6436.16131210327
12.4709547006693;9217.91546630859
12.4738712008331;6681.54795455933
12.476787700997;5617.72910690308
12.4797042011608;8284.13533782959
12.4826207013247;6385.57910919189
12.4855372014886;6329.88757324219
12.4884537016524;14446.0083370209
12.4913702018163;7527.42712020874
12.4942867019801;16805.916229248
12.497203202144;11137.1709365845
12.5001197023079;6172.37908935547
12.5030362024717;6976.75765228271
12.5059527026356;5457.84075927734
12.5088692027995;17471.466796875
12.5117857029633;7816.05206298828
12.5147022031272;6075.40427398682
12.517618703291;7550.14990997314
12.5205352034549;16219.4419326782
12.5234517036188;11758.6561927795
12.5263682037826;9743.22305297852
12.5292847039465;17141.6727294922
12.5322012041103;11510.1019439697
12.5351177042742;7451.06662750244
12.5380342044381;9683.52826499939
12.5409507046019;13935.3278675079
12.5438672047658;8610.56858825684
12.5467837049296;10110.6000366211
12.5497002050935;9589.29842758179
12.5526167052574;5745.29574584961
12.5555332054212;8385.29794311523
12.5584497055851;8859.41689300537
12.5613662057489;3836.00524139404
12.5642827059128;5516.54998016357
12.5671992060767;12736.5647964478
12.5701157062405;4587.56657409668
12.5730322064044;8624.56666564941
12.5759487065683;6588.85012817383
12.5788652067321;1846.09074401855
12.581781706896;8084.802734375
12.5846982070598;3731.68328857422
12.5876147072237;7757.79791641235
12.5905312073876;4195.73883056641
12.5934477075514;1562.7833480835
12.5963642077153;6943.77745819092
12.5992807078791;6300.84592819214
12.602197208043;10136.8839225769
12.6051137082069;5308.78036499023
12.6080302083707;11407.566734314
12.6109467085346;14379.6220474243
12.6138632086984;9209.02714538574
12.6167797088623;8646.91839599609
12.6196962090262;17684.5009002686
12.62261270919;6931.89821434021
12.6255292093539;11851.3565979004
12.6284457095177;8744.70777511597
12.6313622096816;9019.01104736328
12.6342787098455;8862.7343044281
12.6371952100093;7524.80151367188
12.6401117101732;11406.2275619507
12.6430282103371;9366.36456871033
12.6459447105009;8780.8328666687
12.6488612106648;13904.9463119507
12.6517777108286;14008.7680053711
12.6546942109925;10929.1479797363
12.6576107111564;5762.6099395752
12.6605272113202;8096.89070129395
12.6634437114841;9503.62696075439
12.6663602116479;16158.034034729
12.6692767118118;13128.7126312256
12.6721932119757;10921.0537109375
12.6751097121395;9417.69104385376
12.6780262123034;8415.08465576172
12.6809427124672;6179.72494506836
12.6838592126311;5218.31018829346
12.686775712795;11209.709777832
12.6896922129588;13297.0221252441
12.6926087131227;9525.15438842773
12.6955252132865;7837.49147033691
12.6984417134504;10590.9647064209
12.7013582136143;2928.5959148407
12.7042747137781;8465.5979309082
12.707191213942;12301.2511138916
12.7101077141059;15797.3002223969
12.7130242142697;14264.1563110352
12.7159407144336;9005.1692199707
12.7188572145974;17060.9539413452
12.7217737147613;2847.62083816528
12.7246902149252;10521.0286064148
12.727606715089;10336.1854858398
12.7305232152529;4292.35834884644
12.7334397154167;8641.77494812012
12.7363562155806;6396.23299026489
12.7392727157445;6780.46035766602
12.7421892159083;8218.36463165283
12.7451057160722;13057.9873733521
12.748022216236;7842.95820999146
12.7509387163999;7333.62031555176
12.7538552165638;5695.15615844727
12.7567717167276;11292.2540740967
12.7596882168915;3094.90209197998
12.7626047170553;4082.31871032715
12.7655212172192;12107.8616027832
12.7684377173831;2928.76665878296
12.7713542175469;8056.75691223145
12.7742707177108;9544.69068145752
12.7771872178747;10841.254365921
12.7801037180385;6391.77967071533
12.7830202182024;8436.29278564453
12.7859367183662;9410.42720794678
12.7888532185301;10887.891866684
12.791769718694;4655.29376220703
12.7946862188578;5168.73327445984
12.7976027190217;7550.91872787476
12.8005192191855;3665.40005493164
12.8034357193494;11061.5652313232
12.8063522195133;10069.8006896973
12.8092687196771;9824.3688659668
12.812185219841;5906.56240844727
12.8151017200048;7153.43701553345
12.8180182201687;3383.8666343689
12.8209347203326;4895.39370727539
12.8238512204964;6977.6021270752
12.8267677206603;6849.89977836609
12.8296842208242;4533.28852844238
12.832600720988;3529.96389770508
12.8355172211519;4035.59158325195
12.8384337213157;11699.6270065308
12.8413502214796;3992.71667671204
12.8442667216435;3675.64994430542
12.8471832218073;7473.44580078125
12.8500997219712;12139.40716362
12.853016222135;5913.56681251526
12.8559327222989;2470.93333435059
12.8588492224628;12185.5668334961
12.8617657226266;11270.5586471558
12.8646822227905;6087.81985473633
12.8675987229543;12215.0959224701
12.8705152231182;5227.24383926392
12.8734317232821;7564.71353149414
12.8763482234459;4725.97249603271
12.8792647236098;10673.1541595459
12.8821812237736;10785.3046150208
12.8850977239375;13679.6355361938
12.8880142241014;15707.7045516968
12.8909307242652;6317.39079856873
12.8938472244291;9457.76043891907
12.896763724593;6831.2833366394
12.8996802247568;8842.7758102417
12.9025967249207;11975.501953125
12.9055132250845;12672.84375
12.9084297252484;4773.76667022705
12.9113462254123;7484.54997825623
12.9142627255761;5686.81015014648
12.91717922574;13351.9929275513
12.9200957259038;7500.98696708679
12.9230122260677;8335.24638366699
12.9259287262316;15331.1214485168
12.9288452263954;5761.99280548096
12.9317617265593;11900.0366210938
12.9346782267231;15059.6151504517
12.937594726887;14759.9999084473
12.9405112270509;2842.15418624878
12.9434277272147;3472.36362457275
12.9463442273786;10597.3096542358
12.9492607275424;8223.2332611084
12.9521772277063;7770.27832221985
12.9550937278702;10219.4207763672
12.958010228034;5788.3742980957
12.9609267281979;9947.88131523132
12.9638432283618;5145.56903457642
12.9667597285256;3190.91038513184
12.9696762286895;7541.60830688477
12.9725927288533;7188.99948120117
12.9755092290172;7737.21243286133
12.9784257291811;10844.0010986328
12.9813422293449;8511.68542098999
12.9842587295088;6253.85823440552
12.9871752296726;4981.90135192871
12.9900917298365;13723.781463623
12.9930082300004;11306.4604816437
12.9959247301642;6153.58755493164
12.9988412303281;6399.0763168335
13.0017577304919;17530.6604614258
13.0046742306558;7737.04363822937
13.0075907308197;4137.92420959473
13.0105072309835;7536.14333724976
13.0134237311474;7518.03341674805
13.0163402313112;10258.5507030487
13.0192567314751;7362.66040611267
13.022173231639;19071.654460907
13.0250897318028;7387.18187713623
13.0280062319667;10043.6081981659
13.0309227321306;8796.49728393555
13.0338392322944;6142.61893844604
13.0367557324583;8863.98934936523
13.0396722326221;12464.1722564697
13.042588732786;6453.05844116211
13.0455052329499;10895.2138214111
13.0484217331137;4189.94374847412
13.0513382332776;4498.40625
13.0542547334414;6954.79585266113
13.0571712336053;4564.23957824707
13.0600877337692;7240.38794708252
13.063004233933;2329.48332977295
13.0659207340969;4526.60223770142
13.0688372342607;6718.19178771973
13.0717537344246;8752.0478515625
13.0746702345885;4567.43505859375
13.0775867347523;8564.38786315918
13.0805032349162;7148.17925071716
13.08341973508;6330.0583152771
13.0863362352439;4258.5332775116
13.0892527354078;14854.214630127
13.0921692355716;5841.47499084473
13.0950857357355;6070.54605102539
13.0980022358994;12301.9547348022
13.1009187360632;6797.8529548645
13.1038352362271;9167.77090454102
13.1067517363909;4577.51870727539
13.1096682365548;5006.78336334229
13.1125847367187;9849.99404907227
13.1155012368825;10701.512512207
13.1184177370464;12152.7782745361
13.1213342372102;23251.1193828583
13.1242507373741;21364.396194458
13.127167237538;17888.0840950012
13.1300837377018;46273.5422687531
13.1330002378657;35255.3659629822
13.1359167380295;63518.9871749878
13.1388332381934;67225.33253479
13.1417497383573;118578.152755737
13.1446662385211;110879.986755371
13.147582738685;101984.425354004
13.1504992388489;107397.475837708
13.1534157390127;121175.228181839
13.1563322391766;85442.0342330933
13.1592487393404;67494.8247947693
13.1621652395043;69386.4529342651
13.1650817396682;67630.5682449341
13.167998239832;44817.8213500977
13.1709147399959;29255.3549575806
13.1738312401597;28676.7378044128
13.1767477403236;29893.1036224365
13.1796642404875;18241.1965179443
13.1825807406513;26395.1921691895
13.1854972408152;14554.7485809326
13.188413740979;21250.3009490967
13.1913302411429;14016.3694915771
13.1942467413068;4003.67934989929
13.1971632414706;20213.0656051636
13.2000797416345;16518.1290054321
13.2029962417983;12107.7974700928
13.2059127419622;20733.0020256042
13.2088292421261;27297.4435958862
13.2117457422899;33408.2224197388
13.2146622424538;38587.1564788818
13.2175787426177;45897.9123134613
13.2204952427815;57121.7673721313
13.2234117429454;46437.9536590576
13.2263282431092;58865.4397583008
13.2292447432731;45835.2153739929
13.232161243437;63074.0770778656
13.2350777436008;47850.8744697571
13.2379942437647;60704.1687202454
13.2409107439285;47719.017326355
13.2438272440924;63598.9160957336
13.2467437442563;43373.5165042877
13.2496602444201;48400.6312961578
13.252576744584;37974.0311584473
13.2554932447478;43272.8570976257
13.2584097449117;35326.0133361816
13.2613262450756;51914.3566207886
13.2642427452394;42441.1529998779
13.2671592454033;46126.4831771851
13.2700757455671;39770.432226181
13.272992245731;29070.6006622314
13.2759087458949;35889.2532730103
13.2788252460587;28032.3640289307
13.2817417462226;26859.4865169525
13.2846582463865;35654.412361145
13.2875747465503;22700.6862068176
13.2904912467142;30875.8179168701
13.293407746878;25809.8437232971
13.2963242470419;23992.8998413086
13.2992407472058;27252.6670608521
13.3021572473696;26837.8164825439
13.3050737475335;18464.5927581787
13.3079902476973;18099.7107410431
13.3109067478612;24683.2509384155
13.3138232480251;12349.0394935608
13.3167397481889;11589.9619750977
13.3196562483528;17280.1950759888
13.3225727485166;14263.4475059509
13.3254892486805;10229.163772583
13.3284057488444;16265.2976970673
13.3313222490082;13187.0808410645
13.3342387491721;17157.9313049316
13.337155249336;13052.0833435059
13.3400717494998;16911.7678070068
13.3429882496637;13413.5800018311
13.3459047498275;5897.37824630737
13.3488212499914;16221.1246337891
13.3517377501553;24259.4471168518
13.3546542503191;11691.6706790924
13.357570750483;8471.59215927124
13.3604872506468;16001.1763954163
13.3634037508107;12015.7332172394
13.3663202509746;6415.1453332901
13.3692367511384;13976.7310581207
13.3721532513023;19727.3218669891
13.3750697514661;9621.93119049072
13.37798625163;16506.4780426025
13.3809027517939;14516.0500144958
13.3838192519577;9684.02914810181
13.3867357521216;13924.7956924438
13.3896522522854;11546.4821777344
13.3925687524493;8700.08148956299
13.3954852526132;4131.60417175293
13.398401752777;10370.3521842957
13.4013182529409;9703.27301025391
13.4042347531048;4269.29579162598
13.4071512532686;5109.02711486816
13.4100677534325;5167.72101402283
13.4129842535963;8012.3090877533
13.4159007537602;7716.4652557373
13.4188172539241;6937.02917480469
13.4217337540879;8855.84658622742
13.4246502542518;9349.20152282715
13.4275667544156;12920.4073028564
13.4304832545795;15808.8305664063
13.4333997547434;12323.8935089111
13.4363162549072;6762.22010040283
13.4392327550711;14290.7139587402
13.4421492552349;10373.6163635254
13.4450657553988;13210.7123565674
13.4479822555627;10762.8617553711
13.4508987557265;11206.0884170532
13.4538152558904;8207.3520565033
13.4567317560542;7125.28761291504
13.4596482562181;5096.38539886475
13.462564756382;17662.5436096191
13.4654812565458;10346.3696899414
13.4683977567097;14310.5375137329
13.4713142568736;8029.85005187988
13.4742307570374;9493.23908996582
13.4771472572013;11532.7053527832
13.4800637573651;6225.2520980835
13.482980257529;10367.9135780334
13.4858967576929;14926.8185329437
13.4888132578567;9640.64721679688
13.4917297580206;13049.6169128418
13.4946462581844;12333.9957733154
13.4975627583483;11003.211517334
13.5004792585122;10363.0916442871
13.503395758676;15181.3849506378
13.5063122588399;11590.7081298828
13.5092287590037;16785.1122932434
13.5121452591676;14129.306930542
13.5150617593315;7770.69586181641
13.5179782594953;6120.78746414185
13.5208947596592;5465.05306243896
13.523811259823;7919.23541259766
13.5267277599869;11879.4084854126
13.5296442601508;8281.14566040039
13.5325607603146;6671.89590644836
13.5354772604785;9393.78333282471
13.5383937606424;13362.2616424561
13.5413102608062;10915.9937534332
13.5442267609701;3427.00202941895
13.5471432611339;9735.11093139648
13.5500597612978;4973.55625915527
13.5529762614617;12322.7204284668
13.5558927616255;17901.46849823
13.5588092617894;14771.211555481
13.5617257619532;16180.9063110352
13.5646422621171;8224.82175827026
13.567558762281;8564.23611450195
13.5704752624448;11755.5648956299
13.5733917626087;5912.25097846985
13.5763082627725;5465.21458435059
13.5792247629364;9913.37298583984
13.5821412631003;12374.2269134521
13.5850577632641;7965.57285308838
13.587974263428;8261.77917861938
13.5908907635918;10757.4530792236
13.5938072637557;14146.5493621826
13.5967237639196;9767.88609313965
13.5996402640834;6973.92923736572
13.6025567642473;13193.2650146484
13.6054732644112;10045.6832427979
13.608389764575;13841.1756725311
13.6113062647389;10559.726852417
13.6142227649027;14065.8193817139
13.6171392650666;12702.1188659668
13.6200557652305;5938.85003852844
13.6229722653943;13142.5301589966
13.6258887655582;9134.00117492676
13.628805265722;11205.4714126587
13.6317217658859;11622.965057373
13.6346382660498;10796.029258728
13.6375547662136;15391.4164886475
13.6404712663775;22128.7323532104
13.6433877665413;13727.2416191101
13.6463042667052;15391.5057601929
13.6492207668691;12251.9139709473
13.6521372670329;12504.2235908508
13.6550537671968;5944.82926177979
13.6579702673606;4889.04277038574
13.6608867675245;7652.39378356934
13.6638032676884;7184.64284133911
13.6667197678522;8300.53781890869
13.6696362680161;16334.6614074707
13.67255276818;6972.89938354492
13.6754692683438;11693.200050354
13.6783857685077;8650.06049537659
13.6813022686715;10301.0050430298
13.6842187688354;7522.13333129883
13.6871352689993;6466.64141082764
13.6900517691631;7141.17497253418
13.692968269327;15205.2073554993
13.6958847694908;11779.8980979919
13.6988012696547;16873.0374450684
13.7017177698186;7858.93120956421
13.7046342699824;11853.2594833374
13.7075507701463;8967.55423736572
13.7104672703101;17686.8879585266
13.713383770474;14020.3314056396
13.7163002706379;5531.41753768921
13.7192167708017;12976.6325302124
13.7221332709656;13480.3730163574
13.7250497711295;7683.35500335693
13.7279662712933;10981.2353973389
13.7308827714572;8082.12505340576
13.733799271621;4133.90431213379
13.7367157717849;12977.503993988
13.7396322719488;13015.4179229736
13.7425487721126;11265.5221939087
13.7454652722765;6163.23957824707
13.7483817724403;5496.20733642578
13.7512982726042;8209.12420654297
13.7542147727681;19626.439666748
13.7571312729319;8581.50875091553
13.7600477730958;8522.49475860596
13.7629642732596;13999.3553333282
13.7658807734235;15563.2051696777
13.7687972735874;12700.2819519043
13.7717137737512;16871.0814094543
13.7746302739151;13073.9375610352
13.7775467740789;28461.7861652374
13.7804632742428;21306.3948478699
13.7833797744067;28553.1270446777
13.7862962745705;29830.9968338013
13.7892127747344;33534.6767024994
13.7921292748983;24434.6567306519
13.7950457750621;38823.6603775024
13.797962275226;22953.9894046783
13.8008787753898;21973.9653320313
13.8037952755537;12617.002904892
13.8067117757176;21621.4205188751
13.8096282758814;28388.0660324097
13.8125447760453;13365.8972377777
13.8154612762091;27483.3235321045
13.818377776373;13021.7782115936
13.8212942765369;14959.9083023071
13.8242107767007;16529.779291153
13.8271272768646;16012.0985507965
13.8300437770284;8678.47617721558
13.8329602771923;15477.4154815674
13.8358767773562;16177.7627048492
13.83879327752;12252.939666748
13.8417097776839;12590.7241744995
13.8446262778477;17933.4627590179
13.8475427780116;10895.4936676025
13.8504592781755;11951.8104705811
13.8533757783393;9525.1102142334
13.8562922785032;10579.7082214355
13.8592087786671;11313.0127563477
13.8621252788309;19618.9397850037
13.8650417789948;13721.5528640747
13.8679582791586;8176.59573364258
13.8708747793225;6243.43788146973
13.8737912794864;9576.63563537598
13.8767077796502;9586.30456542969
13.8796242798141;7755.15784454346
13.8825407799779;9684.44185638428
13.8854572801418;5999.75212097168
13.8883737803057;5708.82284545898
13.8912902804695;10798.7860107422
13.8942067806334;6922.76631164551
13.8971232807972;7057.60050964355
13.9000397809611;4486.14529418945
13.902956281125;17619.1357498169
13.9058727812888;6320.32077789307
13.9087892814527;4753.63256835938
13.9117057816165;5453.52423858643
13.9146222817804;24562.987449646
13.9175387819443;8949.07827758789
13.9204552821081;7378.49416542053
13.923371782272;8393.38391876221
13.9262882824359;4781.84507751465
13.9292047825997;7921.42442321777
13.9321212827636;10987.1457061768
13.9350377829274;6553.93546295166
13.9379542830913;13140.7562236786
13.9408707832552;5235.36115646362
13.943787283419;7753.04345703125
13.9467037835829;11188.8458404541
13.9496202837467;10547.7625732422
13.9525367839106;6619.2156867981
13.9554532840745;2847.10827636719
13.9583697842383;11877.551864624
13.9612862844022;13484.8181686401
13.964202784566;16309.7063903809
13.9671192847299;12853.1996994019
13.9700357848938;12040.2478790283
13.9729522850576;9004.96929931641
13.9758687852215;6677.38063049316
13.9787852853853;13802.0597877502
13.9817017855492;7690.85935974121
13.9846182857131;5373.13548278809
13.9875347858769;4956.47290039063
13.9904512860408;7898.9917678833
13.9933677862047;13300.9979915619
13.9962842863685;11142.6043167114
13.9992007865324;11142.2919807434
14.0021172866962;6165.71661949158
14.0050337868601;7775.6501083374
14.007950287024;8429.38425254822
14.0108667871878;7266.13953781128
14.0137832873517;12846.35912323
14.0166997875155;11770.2458724976
14.0196162876794;7823.31555938721
14.0225327878433;15980.4556732178
14.0254492880071;7929.04601860046
14.028365788171;6833.07708740234
14.0312822883348;7970.48547363281
14.0341987884987;5359.04161071777
14.0371152886626;18083.0406036377
14.0400317888264;12872.6388263702
14.0429482889903;9961.64119338989
14.0458647891542;9789.26240539551
14.048781289318;8600.9458770752
14.0516977894819;6981.56484222412
14.0546142896457;8530.98246955872
14.0575307898096;10693.4859390259
14.0604472899735;13609.8838882446
14.0633637901373;11856.1793441772
14.0662802903012;14254.2486724854
14.069196790465;4707.31246948242
14.0721132906289;11629.5646972656
14.0750297907928;6310.56410980225
14.0779462909566;12870.7575302124
14.0808627911205;12071.7623214722
14.0837792912843;5658.0000629425
14.0866957914482;17874.4212188721
14.0896122916121;14027.3125228882
14.0925287917759;6944.78998947144
14.0954452919398;7781.88537597656
14.0983617921036;10020.5707244873
14.1012782922675;12750.9978942871
14.1041947924314;10485.6646175385
14.1071112925952;9281.80206298828
14.1100277927591;6017.8157043457
14.112944292923;7687.8415145874
14.1158607930868;9929.85849761963
14.1187772932507;4075.01470947266
14.1216937934145;10246.070892334
14.1246102935784;9652.68801879883
14.1275267937423;6354.40194702148
14.1304432939061;5589.15412139893
14.13335979407;8934.07237243652
14.1362762942338;10526.7917575836
14.1391927943977;13589.9627170563
14.1421092945616;13169.8064632416
14.1450257947254;7710.05005645752
14.1479422948893;8549.10758972168
14.1508587950531;6279.67317962646
14.153775295217;7428.17503356934
14.1566917953809;9966.33132171631
14.1596082955447;13852.0216674805
14.1625247957086;11394.5833511353
14.1654412958724;15782.3519287109
14.1683577960363;2852.67817306519
14.1712742962002;3480.21662902832
14.174190796364;10568.2624511719
14.1771072965279;6793.01667022705
14.1800237966918;5164.67781066895
14.1829402968556;6638.24166870117
14.1858567970195;15598.3219394684
14.1887732971833;10299.1146240234
14.1916897973472;8428.66032409668
14.1946062975111;7741.35572052002
14.1975227976749;10688.4437561035
14.2004392978388;10234.9668540955
14.2033557980026;8744.67218017578
14.2062722981665;3041.68753051758
14.2091887983304;7739.60422134399
14.2121052984942;9509.38877868652
14.2150217986581;12904.2373962402
14.2179382988219;14455.3187942505
14.2208547989858;13677.0021514893
14.2237712991497;2287.11663818359
14.2266877993135;11077.2603759766
14.2296042994774;12009.3135986328
14.2325207996413;10122.2468967438
14.2354372998051;7382.91195487976
14.238353799969;10370.8645172119
14.2412703001328;9465.75772094727
14.2441868002967;7790.43222808838
14.2471033004606;9143.66888427734
14.2500198006244;5398.67498397827
14.2529363007883;5644.90617752075
14.2558528009521;5515.10173034668
14.258769301116;8200.14747619629
14.2616858012799;10994.662437439
14.2646023014437;10727.1373901367
14.2675188016076;10041.4125061035
14.2704353017714;9654.63246917725
14.2733518019353;15976.333190918
14.2762683020992;9524.88815307617
14.279184802263;16084.2287902832
14.2821013024269;8946.90869140625
14.2850178025907;6690.94373321533
14.2879343027546;9756.90155029297
14.2908508029185;9807.63696289063
14.2937673030823;13516.5363769531
14.2966838032462;9360.82106018066
14.2996003034101;13094.6069641113
14.3025168035739;13991.4504470825
14.3054333037378;9723.14995002747
14.3083498039016;15495.9598693848
14.3112663040655;17772.032535553
14.3141828042294;12229.4992103577
14.3170993043932;14433.2909240723
14.3200158045571;14317.7977600098
14.3229323047209;21360.6361694336
14.3258488048848;11707.6960601807
14.3287653050487;12907.1157150269
14.3316818052125;9777.45727157593
14.3345983053764;19665.9944076538
14.3375148055402;16994.9125881195
14.3404313057041;17945.7000579834
14.343347805868;13286.7073402405
14.3462643060318;19048.7729797363
14.3491808061957;19255.6416492462
14.3520973063595;23149.1657066345
14.3550138065234;24305.4609489441
14.3579303066873;26864.7232818604
14.3608468068511;29949.0255336761
14.363763307015;28995.979724884
14.3666798071789;25654.6448040009
14.3695963073427;25279.1363830566
14.3725128075066;40248.5283279419
14.3754293076704;27295.2944641113
14.3783458078343;28490.1283950806
14.3812623079982;33999.6389789581
14.384178808162;32122.5467357636
14.3870953083259;22065.7797031403
14.3900118084897;13626.0215377808
14.3929283086536;15998.1433181763
14.3958448088175;27474.8142242432
14.3987613089813;19918.6667022705
14.4016778091452;15982.5357036591
14.404594309309;8579.79628753662
14.4075108094729;9254.70021057129
14.4104273096368;11241.9465351105
14.4133438098006;16177.7699203491
14.4162603099645;10728.5057430267
14.4191768101283;6333.47612762451
14.4220933102922;8715.89280700684
14.4250098104561;13059.0128059387
14.4279263106199;11615.917514801
14.4308428107838;8909.05128479004
14.4337593109477;14351.2669296265
14.4366758111115;20012.7096939087
14.4395923112754;15128.3894119263
14.4425088114392;10396.831161499
14.4454253116031;12110.7534008026
14.448341811767;18866.9966621399
14.4512583119308;13096.6934738159
14.4541748120947;9271.33323478699
14.4570913122585;16739.7889175415
14.4600078124224;12779.9856262207
14.4629243125863;9726.0256652832
14.4658408127501;7150.13316345215
14.468757312914;9341.85004234314
14.4716738130778;11583.2686691284
14.4745903132417;9075.3500919342
14.4775068134056;4873.02087402344
14.4804233135694;8470.59999084473
14.4833398137333;5156.86042785645
14.4862563138971;3110.87506103516
14.489172814061;5652.61876678467
14.4920893142249;7785.21678161621
14.4950058143887;4430.13547515869
14.4979223145526;4352.32078552246
14.5008388147165;6403.43541717529
14.5037553148803;8305.74817276001
14.5066718150442;11026.1927261353
14.509588315208;8404.56623458862
14.5125048153719;5021.54694366455
14.5154213155358;4351.6223487854
14.5183378156996;6987.76663208008
14.5212543158635;10675.1187515259
14.5241708160273;13960.7558250427
14.5270873161912;11745.8666229248
14.5300038163551;11883.4074554443
14.5329203165189;19048.5145797729
14.5358368166828;12881.5472869873
14.5387533168466;7121.61456298828
14.5416698170105;7148.17922973633
14.5445863171744;10880.0040493011
14.5475028173382;11444.3634815216
14.5504193175021;15757.9450454712
14.5533358176659;8281.65829849243
14.5562523178298;8737.10003662109
14.5591688179937;10191.0869903564
14.5620853181575;9233.11456298828
14.5650018183214;15891.5997619629
14.5679183184853;6809.23268127441
14.5708348186491;12828.0459766388
14.573751318813;9037.41504669189
14.5766678189768;9038.65594482422
14.5795843191407;6501.57504463196
14.5825008193046;17752.4783191681
14.5854173194684;10883.3609161377
14.5883338196323;4550.91457366943
14.5912503197961;11712.6751213074
14.59416681996;8012.93755340576
14.5970833201239;6963.92244529724
14.5999998202877;4428.42708587646
14.6029163204516;15048.8790512085
14.6058328206154;9331.62338256836
14.6087493207793;4883.13916778564
14.6116658209432;5471.62080383301
14.614582321107;7386.28239440918
14.6174988212709;3765.76991271973
14.6204153214348;5739.99732971191
14.6233318215986;11503.7457275391
14.6262483217625;19682.2208538055
14.6291648219263;9216.2875289917
14.6320813220902;5945.63882446289
14.6349978222541;16934.4529876709
14.6379143224179;12003.6323719025
14.6408308225818;4926.12188720703
14.6437473227456;4991.58322525024
14.6466638229095;12757.553817749
14.6495803230734;10780.9219741821
14.6524968232372;9233.96905517578
14.6554133234011;9505.6791973114
14.6583298235649;8854.48399543762
14.6612463237288;10154.7645111084
14.6641628238927;9690.17917633057
14.6670793240565;6813.18496704102
14.6699958242204;12862.1853256226
14.6729123243842;2506.72290039063
14.6758288245481;5804.14793968201
14.678745324712;9026.83905220032
14.6816618248758;10297.3207111359
14.6845783250397;10636.6860198975
14.6874948252036;5492.03536605835
14.6904113253674;7792.5623550415
14.6933278255313;8252.70204162598
14.6962443256951;2722.6450958252
14.699160825859;4311.59674072266
14.7020773260229;7150.91259765625
14.7049938261867;6218.45174217224
14.7079103263506;8368.85479736328
14.7108268265144;4458.74998474121
14.7137433266783;7406.30819702148
14.7166598268422;6580.6707649231
14.719576327006;9697.13645935059
14.7224928271699;13359.5939273834
14.7254093273337;6144.10624694824
14.7283258274976;3372.76251220703
14.7312423276615;6830.94165802002
14.7341588278253;6902.35000610352
14.7370753279892;5286.29987335205
14.739991828153;6133.93766784668
14.7429083283169;9291.95216178894
14.7458248284808;8615.15199279785
14.7487413286446;4888.69094085693
14.7516578288085;8886.90720748901
14.7545743289724;7719.29266357422
14.7574908291362;6729.97927856445
14.7604073293001;7230.05754089355
14.7633238294639;8339.76149749756
14.7662403296278;11141.115190506
14.7691568297917;11268.2063140869
14.7720733299555;9940.55924224854
14.7749898301194;10141.7533531189
14.7779063302832;13255.6416168213
14.7808228304471;4298.61437988281
14.783739330611;4731.11093521118
14.7866558307748;11424.358795166
14.7895723309387;13684.2750358582
14.7924888311025;9479.79788780212
14.7954053312664;12371.4978141785
14.7983218314303;11657.1541900635
14.8012383315941;9027.77700996399
14.804154831758;7190.46054077148
14.8070713319218;3770.29162979126
14.8099878320857;11144.1417236328
14.8129043322496;13856.8931941986
14.8158208324134;11679.2475414276
14.8187373325773;5900.07089996338
14.8216538327412;15408.3125915527
14.824570332905;9643.4672164917
14.8274868330689;6383.43974494934
14.8304033332327;13302.7061538696
14.8333198333966;8216.74974060059
14.8362363335605;10314.3819274902
14.8391528337243;10265.5422058105
14.8420693338882;9189.38104629517
14.844985834052;7565.35401153564
14.8479023342159;8651.08210754395
14.8508188343798;5976.26248931885
14.8537353345436;6783.72732543945
14.8566518347075;8063.5047454834
14.8595683348713;5837.87837219238
14.8624848350352;12749.5477981567
14.8654013351991;4967.83332824707
14.8683178353629;11242.3202590942
14.8712343355268;4811.05064582825
14.8741508356906;14371.0963745117
14.8770673358545;4809.89782714844
14.8799838360184;9552.91447067261
14.8829003361822;8483.43885803223
14.8858168363461;7634.96894836426
14.88873333651;6295.37915039063
14.8916498366738;7212.98528289795
14.8945663368377;18895.6632003784
14.8974828370015;7322.9750213623
14.9003993371654;9091.33575439453
14.9033158373293;7603.70632171631
14.9062323374931;4431.75234222412
14.909148837657;5923.38964653015
14.9120653378208;11094.6393089294
14.9149818379847;11546.1885375977
14.9178983381486;8277.43511962891
14.9208148383124;8797.64339447021
14.9237313384763;8150.11657714844
14.9266478386401;8361.86459350586
14.929564338804;5865.22847747803
14.9324808389679;6810.95407104492
14.9353973391317;11582.6707706451
14.9383138392956;9723.57732391357
14.9412303394595;12769.7063789368
14.9441468396233;7982.35845947266
14.9470633397872;12568.2516403198
14.949979839951;13382.0581665039
14.9528963401149;14424.384677887
14.9558128402788;23093.3423633575
14.9587293404426;20857.7978820801
14.9616458406065;11148.8395767212
14.9645623407703;12309.3008956909
14.9674788409342;25564.556388855
14.9703953410981;19659.7752418518
14.9733118412619;17704.8585662842
14.9762283414258;12379.9734573364
14.9791448415896;11910.918762207
14.9820613417535;12860.6451187134
14.9849778419174;11632.9800109863
14.9878943420812;7839.80973052979
14.9908108422451;8949.18305969238
14.9937273424089;9732.00415039063
14.9966438425728;12629.5687332153
14.9995603427367;7640.244140625
15.0024768429005;12093.8035430908
15.0053933430644;8847.45919799805
15.0083098432283;10191.3992919922
15.0112263433921;6739.12016296387
15.014142843556;10638.1552963257
15.0170593437198;18458.0284347534
15.0199758438837;11963.501083374
15.0228923440476;8094.2447052002
15.0258088442114;16849.2508659363
15.0287253443753;11038.0954856873
15.0316418445391;9629.87596511841
15.034558344703;13348.0623626709
15.0374748448669;10766.2828159332
15.0403913450307;6239.36015319824
15.0433078451946;7838.34240722656
15.0462243453584;5867.57092285156
15.0491408455223;13125.6376953125
15.0520573456862;17447.3597640991
15.05497384585;15331.1875076294
15.0578903460139;5673.03337097168
15.0608068461777;6763.49501419067
15.0637233463416;6948.90203857422
15.0666398465055;10013.7124481201
15.0695563466693;6079.27936553955
15.0724728468332;20221.4560699463
15.0753893469971;6401.38714599609
15.0783058471609;7898.82089233398
15.0812223473248;8346.831199646
15.0841388474886;16162.88331604
15.0870553476525;8635.51593017578
15.0899718478164;6353.63327407837
15.0928883479802;11946.3980712891
15.0958048481441;3787.20417785645
15.0987213483079;4963.5625
15.1016378484718;15655.8026733398
15.1045543486357;10173.3432674408
15.1074708487995;11486.2918281555
15.1103873489634;6084.91244506836
15.1133038491272;11990.5958938599
15.1162203492911;10847.3831787109
15.119136849455;5258.25003051758
15.1220533496188;9182.12078857422
15.1249698497827;5920.24028396606
15.1278863499465;5822.15751647949
15.1308028501104;16645.9920310974
15.1337193502743;12433.5901908875
15.1366358504381;18916.9065093994
15.139552350602;4218.38750457764
15.1424688507659;11265.9440155029
15.1453853509297;7226.49724578857
15.1483018510936;12447.7708435059
15.1512183512574;14720.5125274658
15.1541348514213;3225.33334541321
15.1570513515852;6905.17120361328
15.159967851749;8611.03213310242
15.1628843519129;11896.1723861694
15.1658008520767;7095.90412902832
15.1687173522406;15122.7035675049
15.1716338524045;9358.7114982605
15.1745503525683;8581.85764312744
15.1774668527322;4002.55535125732
15.180383352896;10562.283208847
15.1832998530599;1350.52293586731
15.1862163532238;10544.5401496887
15.1891328533876;6174.51795959473
15.1920493535515;13946.6811904907
15.1949658537154;13996.6259670258
15.1978823538792;11342.8996200562
15.2007988540431;7752.92700195313
15.2037153542069;9619.79681015015
15.2066318543708;7568.51644706726
15.2095483545347;11794.504119873
15.2124648546985;6512.04643249512
15.2153813548624;13186.0759277344
15.2182978550262;8559.94575500488
15.2212143551901;13266.1486663818
15.224130855354;9310.61668395996
15.2270473555178;8552.77088928223
15.2299638556817;9176.0562171936
15.2328803558455;9651.31452941895
15.2357968560094;8209.85140991211
15.2387133561733;7878.66248321533
15.2416298563371;9792.68592071533
15.244546356501;10841.2543506622
15.2474628566648;13188.9312744141
15.2503793568287;11100.579208374
15.2532958569926;8983.61043930054
15.2562123571564;13601.8687133789
15.2591288573203;9382.1929473877
15.2620453574842;6803.09594726563
15.264961857648;20849.8893585205
15.2678783578119;4113.19985198975
15.2707948579757;15148.7277374268
15.2737113581396;20967.052947998
15.2766278583035;10341.9937286377
15.2795443584673;9141.2168006897
15.2824608586312;4731.74829101563
15.285377358795;12831.3643493652
15.2882938589589;8359.98550415039
15.2912103591228;15910.5625152588
15.2941268592866;5793.72705841064
15.2970433594505;8603.36302566528
15.2999598596143;5253.87605667114
15.3028763597782;7010.48751831055
15.3057928599421;16914.0048828125
15.3087093601059;12249.59765625
15.3116258602698;14584.3689575195
15.3145423604336;5027.88123321533
15.3174588605975;10441.0018844604
15.3203753607614;12131.5601882935
15.3232918609252;10599.9216766357
15.3262083610891;9595.79381942749
15.329124861253;9762.90180587769
15.3320413614168;5454.64656639099
15.3349578615807;11894.4498138428
15.3378743617445;9500.10502624512
15.3407908619084;7634.20374679565
15.3437073620723;16134.3538513184
15.3466238622361;10993.3810482025
15.3495403624;13299.7689247131
15.3524568625638;8993.89317321777
15.3553733627277;7307.65200614929
15.3582898628916;13082.8976287842
15.3612063630554;9475.00720977783
15.3641228632193;4632.65832519531
15.3670393633831;9359.88410949707
15.369955863547;5697.54788208008
15.3728723637109;5666.96881103516
15.3757888638747;4630.90162658691
15.3787053640386;6009.91668319702
15.3816218642024;10072.2379608154
15.3845383643663;11397.4356536865
15.3874548645302;7328.38903045654
15.390371364694;4671.77911376953
15.3932878648579;7386.83332824707
15.3962043650218;5889.04952049255
15.3991208651856;5009.17496490479
15.4020373653495;12267.9063262939
15.4049538655133;11107.4125213623
15.4078703656772;7313.80200195313
15.4107868658411;12313.1376190186
15.4137033660049;11564.4769897461
15.4166198661688;13953.8375701904
15.4195363663326;6251.84344482422
15.4224528664965;2187.00836181641
15.4253693666604;8943.03939819336
15.4282858668242;3101.9916229248
15.4312023669881;15301.3706970215
15.4341188671519;13534.5546150208
15.4370353673158;6786.96563720703
15.4399518674797;8213.75210571289
15.4428683676435;10684.6518707275
15.4457848678074;15266.5967178345
15.4487013679712;23436.2953968048
15.4516178681351;34038.8866653442
15.454534368299;32385.0673828125
15.4574508684628;35866.4808044434
15.4603673686267;39443.5044355392
15.4632838687906;60800.704875946
15.4662003689544;73435.2982330322
15.4691168691183;62530.8904418945
15.4720333692821;86118.1350727081
15.474949869446;105744.89622879
15.4778663696099;85154.6641387939
15.4807828697737;79918.4896316528
15.4836993699376;71443.733089447
15.4866158701014;65446.549495697
15.4895323702653;78930.7557220459
15.4924488704292;59838.8487701416
15.495365370593;53470.3030815125
15.4982818707569;66415.7798919678
15.5011983709207;42047.4865989685
15.5041148710846;37468.0040435791
15.5070313712485;21077.3240509033
15.5099478714123;20287.015209198
15.5128643715762;18586.6532249451
15.5157808717401;11497.7514667511
15.5186973719039;16014.7093276978
15.5216138720678;13609.6173152924
15.5245303722316;13777.0636119843
15.5274468723955;13287.9933738708
15.5303633725594;17663.4706726074
15.5332798727232;13794.3647155762
15.5361963728871;11184.9755325317
15.5391128730509;9750.92256164551
15.5420293732148;5952.75506591797
15.5449458733787;8963.33753204346
15.5478623735425;15445.1800079346
15.5507788737064;14435.2176532745
15.5536953738702;13460.7625083923
15.5566118740341;17041.8308944702
15.559528374198;13057.4170227051
15.5624448743618;13778.7333564758
15.5653613745257;12258.4875946045
15.5682778746895;7914.53871154785
15.5711943748534;6778.15416526794
15.5741108750173;15859.7832298279
15.5770273751811;10844.1103649139
15.579943875345;3339.27919006348
15.5828603755089;6853.83340454102
15.5857768756727;9457.8696975708
15.5886933758366;4647.43536376953
15.5916098760004;13453.5168533325
15.5945263761643;9114.56318664551
15.5974428763282;10267.9376602173
15.600359376492;13266.150177002
15.6032758766559;4851.32503509521
15.6061923768197;5508.52093505859
15.6091088769836;4224.02499389648
15.6120253771475;11173.8666915894
15.6149418773113;6680.09591674805
15.6178583774752;14408.8343353271
15.620774877639;6771.1312713623
15.6236913778029;10445.6895580292
15.6266078779668;7336.55206298828
15.6295243781306;13624.8986434937
15.6324408782945;10079.8658905029
15.6353573784583;21082.1144294739
15.6382738786222;29862.1563873291
15.6411903787861;40608.2511119843
15.6441068789499;55635.1690979004
15.6470233791138;99642.2899589539
15.6499398792777;138502.97231102
15.6528563794415;263614.437725067
15.6557728796054;364628.111999512
15.6586893797692;585450.871246338
15.6616058799331;822503.042907715
15.664522380097;1271846.84844971
15.6674388802608;1751798.0761795
15.6703553804247;2539323.62341499
15.6732718805885;3159803.76260567
15.6761883807524;4114279.54194069
15.6791048809163;4848851.64211845
15.6820213810801;6137446.47359467
15.684937881244;7308374.7613163
15.6878543814078;8294587.10929108
15.6907708815717;8895736.63331223
15.6936873817356;10073007.5553131
15.6966038818994;10585934.6634464
15.6995203820633;11263809.2430267
15.7024368822271;11770089.395134
15.705353382391;12077964.2306366
15.7082698825549;11336217.4489059
15.7111863827187;10974266.4030266
15.7141028828826;9744981.32083511
15.7170193830465;8954924.29991341
15.7199358832103;7293153.90860748
15.7228523833742;6428933.76093864
15.725768883538;4836316.57008362
15.7286853837019;3692519.22748756
15.7316018838658;2687212.57675552
15.7345183840296;2150804.90635681
15.7374348841935;1608867.37077904
15.7403513843573;1185992.6566925
15.7432678845212;907979.82503891
15.7461843846851;739904.270301819
15.7491008848489;555598.57526207
15.7520173850128;487774.671693802
15.7549338851766;338833.429128647
15.7578503853405;331715.708274841
15.7607668855044;273035.138654709
15.7636833856682;237884.44291687
15.7665998858321;189643.264957428
15.7695163859959;201724.238229752
15.7724328861598;162713.38986969
15.7753493863237;134235.732074738
15.7782658864875;150120.083023071
15.7811823866514;124790.565353394
15.7840988868153;112999.25844574
15.7870153869791;107369.100727081
15.789931887143;121392.484298706
15.7928483873068;93994.1300392151
15.7957648874707;101381.781181335
15.7986813876346;94500.8528213501
15.8015978877984;77209.2059173584
15.8045143879623;79001.3995819092
15.8074308881261;73470.0197982788
15.81034738829;71856.961555481
15.8132638884539;75315.1437320709
15.8161803886177;63462.8683776855
15.8190968887816;59948.4862937927
15.8220133889454;73979.7801132202
15.8249298891093;70352.9034042358
15.8278463892732;53211.231086731
15.830762889437;54945.2896385193
15.8336793896009;44525.9672718048
15.8365958897647;51448.910610199
15.8395123899286;42279.3738136292
15.8424288900925;45156.8204956055
15.8453453902563;40074.361907959
15.8482618904202;36989.9301595688
15.8511783905841;43678.1407108307
15.8540948907479;41435.5165557861
15.8570113909118;42708.7006187439
15.8599278910756;32447.6737709045
15.8628443912395;34211.2270488739
15.8657608914034;33918.3621749878
15.8686773915672;38026.4390296936
15.8715938917311;34214.7136688232
15.8745103918949;32111.5423488617
15.8774268920588;39206.2481384277
15.8803433922227;36849.9831542969
15.8832598923865;24808.8247528076
15.8861763925504;19334.7752590179
15.8890928927142;27125.6332778931
15.8920093928781;31243.0609741211
15.894925893042;36502.6805267334
15.8978423932058;22609.1765708923
15.9007588933697;23401.6556453705
15.9036753935336;25266.4460945129
15.9065918936974;26958.7628173828
15.9095083938613;38358.9680461884
15.9124248940251;19917.2870616913
15.915341394189;15347.5496692657
15.9182578943529;30362.0142211914
15.9211743945167;25674.205997467
15.9240908946806;23641.8769798279
15.9270073948444;18307.9404907227
15.9299238950083;21764.0399532318
15.9328403951722;24286.5117797852
15.935756895336;22294.3646087646
15.9386733954999;20978.6413726807
15.9415898956637;18923.8532867432
15.9445063958276;19794.7350082397
15.9474228959915;20931.0476303101
15.9503393961553;12714.9502296448
15.9532558963192;21877.2986125946
15.956172396483;22997.2955245972
15.9590888966469;13830.7922592163
15.9620053968108;18414.9734039307
15.9649218969746;17374.4845046997
15.9678383971385;23615.2270965576
15.9707548973024;16244.6332817078
15.9736713974662;22784.9876174927
15.9765878976301;16841.4779167175
15.9795043977939;14881.6716022491
15.9824208979578;19878.283241272
15.9853373981217;13916.5221557617
15.9882538982855;20758.1384067535
15.9911703984494;14146.4892196655
15.9940868986132;18706.775138855
15.9970033987771;16741.8375282288
15.999919898941;20620.6064682007
16.0028363991048;19153.1362876892
16.0057528992687;19777.8670768738
16.0086693994325;16776.4669189453
16.0115858995964;21774.2936553955
16.0145023997603;11518.2414550781
16.0174188999241;10709.8954391479
16.020335400088;19570.5749073029
16.0232519002519;15213.6101760864
16.0261684004157;18731.2834300995
16.0290849005796;24365.540599823
16.0320014007434;8448.52825164795
16.0349179009073;9880.8784942627
16.0378344010712;14085.9952049255
16.040750901235;19640.737449646
16.0436674013989;11903.5813446045
16.0465839015627;12237.2687530518
16.0495004017266;13643.0983695984
16.0524169018905;9375.845911026
16.0553334020543;11774.1644363403
16.0582499022182;20728.219833374
16.061166402382;14947.9822235107
16.0640829025459;15382.7398643494
16.0669994027098;13488.4776821136
16.0699159028736;12494.4109039307
16.0728324030375;19217.4721984863
16.0757489032013;16844.3375053406
16.0786654033652;9097.82331085205
16.0815819035291;14992.4732055664
16.0844984036929;13012.2259216309
16.0874149038568;21683.4407653809
16.0903314040206;17419.6427536011
16.0932479041845;14972.7417030334
16.0961644043484;13568.9345626831
16.0990809045122;9727.42089080811
16.1019974046761;10690.6263122559
16.10491390484;16262.2354927063
16.1078304050038;16509.4478530884
16.1107469051677;12712.3961105347
16.1136634053315;10830.4391174316
16.1165799054954;12095.9066753387
16.1194964056593;8728.27103233337
16.1224129058231;14463.5490169525
16.125329405987;11839.3908996582
16.1282459061508;12473.7374572754
16.1311624063147;9332.69504547119
16.1340789064786;25695.1269073486
16.1369954066424;8710.62088775635
16.1399119068063;8247.50282287598
16.1428284069701;12706.0245285034
16.145744907134;10867.2207489014
16.1486614072979;14097.814704895
16.1515779074617;14805.8284606934
16.1544944076256;10687.077003479
16.1574109077895;19645.0212440491
16.1603274079533;13741.1331176758
16.1632439081172;13829.6070709229
16.166160408281;16584.103767395
16.1690769084449;14750.1381072998
16.1719934086088;10210.2083320618
16.1749099087726;10251.7679748535
16.1778264089365;12815.5749282837
16.1807429091003;13503.5378952026
16.1836594092642;11252.7969245911
16.1865759094281;8685.42279052734
16.1894924095919;8874.62660980225
16.1924089097558;11061.4630031586
16.1953254099196;12626.0827484131
16.1982419100835;8924.05030822754
16.2011584102474;11823.383014679
16.2040749104112;13006.9624843597
16.2069914105751;17001.0501022339
16.2099079107389;9869.48876953125
16.2128244109028;17067.7379150391
16.2157409110667;13670.1625556946
16.2186574112305;19906.4940471649
16.2215739113944;11194.1957550049
16.2244904115583;7039.10205078125
16.2274069117221;11295.3945770264
16.230323411886;11056.7536010742
16.2332399120498;14501.2652359009
16.2361564122137;18775.159450531
16.2390729123776;12100.154296875
16.2419894125414;12369.3490867615
16.2449059127053;13838.1832427979
16.2478224128691;12691.7961769104
16.250738913033;19938.3123779297
16.2536554131969;15041.1624984741
16.2565719133607;13288.2350845337
16.2594884135246;8815.04515075684
16.2624049136884;7107.52070617676
16.2653214138523;7445.96309280396
16.2682379140162;16758.149017334
16.27115441418;11975.1740856171
16.2740709143439;15455.5814056396
16.2769874145077;17944.0198059082
16.2799039146716;11553.6832427979
16.2828204148355;9328.36617088318
16.2857369149993;9117.88998222351
16.2886534151632;15572.3718948364
16.2915699153271;8916.17132568359
16.2944864154909;20692.3362426758
16.2974029156548;10188.8416442871
16.3003194158186;15707.5052757263
16.3032359159825;17015.8233146667
16.3061524161464;18390.4256401062
16.3090689163102;27724.6211833954
16.3119854164741;18255.3301124573
16.3149019166379;24537.2519073486
16.3178184168018;16551.7291641235
16.3207349169657;29302.7055664063
16.3236514171295;12542.2095184326
16.3265679172934;18703.7731685638
16.3294844174572;14323.3499031067
16.3324009176211;21091.3981781006
16.335317417785;19338.1092071533
16.3382339179488;10527.2491149902
16.3411504181127;13042.5161819458
16.3440669182766;7889.1812210083
16.3469834184404;14912.2472133636
16.3498999186043;16789.2015228271
16.3528164187681;8488.61418151855
16.355732918932;16300.0917930603
16.3586494190959;17472.6036682129
16.3615659192597;13398.8855495453
16.3644824194236;12299.8963165283
16.3673989195874;10295.7867240906
16.3703154197513;6720.49791717529
16.3732319199152;15752.5071372986
16.376148420079;13085.8780059814
16.3790649202429;14099.2374382019
16.3819814204067;13140.2761592865
16.3848979205706;11150.2104873657
16.3878144207345;14616.8416900635
16.3907309208983;6395.03691101074
16.3936474210622;17484.6151008606
16.396563921226;10893.3583431244
16.3994804213899;7694.68148803711
16.4023969215538;14097.1655807495
16.4053134217176;9594.76866531372
16.4082299218815;11791.7708396912
16.4111464220454;6905.85198974609
16.4140629222092;16056.9935379028
16.4169794223731;27424.2256145477
16.4198959225369;26472.3115310669
16.4228124227008;30807.2568473816
16.4257289228647;50971.961139679
16.4286454230285;56477.5481109619
16.4315619231924;84079.5082778931
16.4344784233562;110939.959135056
16.4373949235201;155213.20740509
16.440311423684;215949.808921814
16.4432279238478;207632.9106884
16.4461444240117;320382.77895546
16.4490609241755;348568.253936768
16.4519774243394;418797.51490593
16.4548939245033;467850.212696075
16.4578104246671;449517.866096497
16.460726924831;487100.049560547
16.4636434249948;537932.227237701
16.4665599251587;579373.070648193
16.4694764253226;548164.539577484
16.4723929254864;522722.239788055
16.4753094256503;531528.773784637
16.4782259258142;606027.687971115
16.481142425978;650880.175542831
16.4840589261419;722726.05786705
16.4869754263057;792165.994707108
16.4898919264696;829598.937768936
16.4928084266335;931313.89957428
16.4957249267973;1056636.50963402
16.4986414269612;1126762.96695709
16.501557927125;1177229.5269146
16.5044744272889;1338782.45663452
16.5073909274528;1318055.93440819
16.5103074276166;1246112.36901093
16.5132239277805;1284771.06433105
16.5161404279443;1136579.68344116
16.5190569281082;1020643.98115158
16.5219734282721;926819.301239014
16.5248899284359;742409.68771553
16.5278064285998;680268.620729446
16.5307229287636;635749.412874222
16.5336394289275;478110.289575577
16.5365559290914;402977.577230453
16.5394724292552;331739.746294022
16.5423889294191;259883.520929337
16.545305429583;251248.120965958
16.5482219297468;189225.071130753
16.5511384299107;177354.604072571
16.5540549300745;147894.911028862
16.5569714302384;121672.661243439
16.5598879304023;129854.948308945
16.5628044305661;103212.936010361
16.56572093073;125062.764408112
16.5686374308938;95404.3928604126
16.5715539310577;83488.2926940918
16.5744704312216;87449.4273471832
16.5773869313854;85466.0690441132
16.5803034315493;104288.652435303
16.5832199317131;80449.419801712
16.586136431877;73490.964471817
16.5890529320409;92387.2890605927
16.5919694322047;100764.410745621
16.5948859323686;111735.917816162
16.5978024325325;116412.259822845
16.6007189326963;134290.790477753
16.6036354328602;124649.842222214
16.606551933024;133914.965013504
16.6094684331879;133265.31088829
16.6123849333518;143543.128904343
16.6153014335156;110137.312429428
16.6182179336795;113534.644645691
16.6211344338433;121834.850408554
16.6240509340072;98257.1718463898
16.6269674341711;85579.7957992554
16.6298839343349;79807.5925159454
16.6328004344988;57534.344707489
16.6357169346626;53158.0338745117
16.6386334348265;49763.7881507874
16.6415499349904;40079.5020332336
16.6444664351542;44514.5347290039
16.6473829353181;32765.4256916046
16.6502994354819;33409.17237854
16.6532159356458;32141.4932098389
16.6561324358097;23687.998418808
16.6590489359735;36718.9497737885
16.6619654361374;25920.9025859833
16.6648819363012;29098.3454093933
16.6677984364651;29087.6830329895
16.670714936629;23782.3385467529
16.6736314367928;15150.7896957397
16.6765479369567;17296.067024231
16.6794644371206;18417.3966674805
16.6823809372844;26665.2127132416
16.6852974374483;23523.059803009
16.6882139376121;18144.2233734131
16.691130437776;17093.2952651978
16.6940469379399;25298.207408905
16.6969634381037;15224.4491996765
16.6998799382676;17574.0919151306
16.7027964384314;16944.7244567871
16.7057129385953;22687.1452102661
16.7086294387592;15365.5634765625
16.711545938923;20324.2820930481
16.7144624390869;11156.8688220978
16.7173789392507;11861.7071113586
16.7202954394146;14930.5264358521
16.7232119395785;14366.8331298828
16.7261284397423;17195.4308395386
16.7290449399062;13819.4019317627
16.7319614400701;16887.0458641052
16.7348779402339;20312.3467254639
16.7377944403978;14424.8249740601
16.7407109405616;4896.75315475464
16.7436274407255;15625.0008544922
16.7465439408894;13667.6458969116
16.7494604410532;16646.5800628662
16.7523769412171;9238.5306854248
16.7552934413809;14368.739528656
16.7582099415448;12480.4002532959
16.7611264417087;15245.5635814667
16.7640429418725;9702.91058349609
16.7669594420364;14922.2864837646
16.7698759422002;8903.14168548584
16.7727924423641;17484.8781490326
16.775708942528;14666.3537902832
16.7786254426918;24485.8641872406
16.7815419428557;14220.2467498779
16.7844584430195;10101.4496879578
16.7873749431834;14548.9239501953
16.7902914433473;13637.6434173584
16.7932079435111;13057.8426818848
16.796124443675;12501.4856414795
16.7990409438389;12957.7094345093
16.8019574440027;11856.3457489014
16.8048739441666;13712.4585113525
16.8077904443304;19699.7683410645
16.8107069444943;23179.8326396942
16.8136234446582;20137.5349960327
16.816539944822;18882.1047668457
16.8194564449859;21177.4617919922
16.8223729451497;19031.8451461792
16.8252894453136;12219.1225967407
16.8282059454775;19828.9667243958
16.8311224456413;9941.14691162109
16.8340389458052;23257.2498168945
16.836955445969;13902.1507720947
16.8398719461329;20804.1254386902
16.8427884462968;10013.4772148132
16.8457049464606;17764.9063644409
16.8486214466245;9683.89008522034
16.8515379467883;12090.3168334961
16.8544544469522;3693.24590301514
16.8573709471161;10521.1952552795
16.8602874472799;11979.9048309326
16.8632039474438;10242.5937271118
16.8661204476077;6656.88681030273
16.8690369477715;9840.5124206543
16.8719534479354;9820.71068954468
16.8748699480992;5836.35007476807
16.8777864482631;7832.87921905518
16.880702948427;12466.3915882111
16.8836194485908;9950.82726478577
16.8865359487547;7808.27917480469
16.8894524489185;19555.1645355225
16.8923689490824;12826.2673187256
16.8952854492463;11382.7616424561
16.8982019494101;11603.6653442383
16.901118449574;14440.4649391174
16.9040349497378;10742.854133606
16.9069514499017;8929.73843383789
16.9098679500656;10282.7372512817
16.9127844502294;13821.3380279541
16.9157009503933;18407.1649188995
16.9186174505572;15932.1955795288
16.921533950721;9345.29773712158
16.9244504508849;7206.77500152588
16.9273669510487;15861.1626663208
16.9302834512126;9840.85934448242
16.9331999513765;9908.07715034485
16.9361164515403;8173.52076721191
16.9390329517042;7567.91665649414
16.941949451868;18728.287399292
16.9448659520319;8807.23798179626
16.9477824521958;6450.49594497681
16.9506989523596;4677.93055343628
16.9536154525235;11267.8249664307
16.9565319526873;14950.4653892517
16.9594484528512;16752.2034568787
16.9623649530151;8678.07702827454
16.9652814531789;13084.893737793
16.9681979533428;7896.68134689331
16.9711144535066;8042.73641967773
16.9740309536705;12115.0447463989
16.9769474538344;13245.6480350494
16.9798639539982;17730.4577331543
16.9827804541621;13403.4009170532
16.9856969543259;18436.0486679077
16.9886134544898;6712.26726531982
16.9915299546537;22219.4279174805
16.9944464548175;14315.8798522949
16.9973629549814;11646.3062438965
17.0002794551453;13842.3477859497
17.0031959553091;11799.0312576294
17.006112455473;11312.3943252563
17.0090289556368;13513.9115333557
17.0119454558007;18103.8128242493
17.0148619559646;5108.77082824707
17.0177784561284;9559.80178070068
17.0206949562923;10594.0584621429
17.0236114564561;11329.4010124207
17.02652795662;8079.55903625488
17.0294444567839;11386.0973415375
17.0323609569477;19146.3400840759
17.0352774571116;13409.0374851227
17.0381939572754;6162.49406433105
17.0411104574393;11055.6496810913
17.0440269576032;11441.5624732971
17.046943457767;12361.1246490479
17.0498599579309;13347.4656066895
17.0527764580948;10346.3276519775
17.0556929582586;10139.2960968018
17.0586094584225;11327.3801651001
17.0615259585863;10139.8034667969
17.0644424587502;11451.0998840332
17.0673589589141;26327.722442627
17.0702754590779;6312.98333740234
17.0731919592418;11522.8791332245
17.0761084594056;12167.8758239746
17.0790249595695;11289.8545837402
17.0819414597334;16953.7511444092
17.0848579598972;6365.93325996399
17.0877744600611;13078.3594818115
17.0906909602249;13267.2870597839
17.0936074603888;8166.08952331543
17.0965239605527;6892.84648895264
17.0994404607165;5886.85922241211
17.1023569608804;9611.58306121826
17.1052734610442;6256.70394897461
17.1081899612081;7585.79315948486
17.111106461372;13195.764755249
17.1140229615358;9472.95124053955
17.1169394616997;11718.4229888916
17.1198559618636;20880.4233150482
17.1227724620274;6296.04037475586
17.1256889621913;11316.9395751953
17.1286054623551;5254.8334197998
17.131521962519;12414.1166000366
17.1344384626829;13449.2581100464
17.1373549628467;15754.4889755249
17.1402714630106;8334.27499771118
17.1431879631744;10451.824508667
17.1461044633383;12514.3140411377
17.1490209635022;10893.4437866211
17.151937463666;15487.4851531982
17.1548539638299;10398.8899383545
17.1577704639937;15850.9451293945
17.1606869641576;11506.9062347412
17.1636034643215;13822.1712493896
17.1665199644853;10759.1695652008
17.1694364646492;13373.7562026978
17.172352964813;6978.93458366394
17.1752694649769;14924.9854278564
17.1781859651408;6611.33542633057
17.1811024653046;10430.8609218597
17.1840189654685;20556.7390975952
17.1869354656324;10097.9583148956
17.1898519657962;11403.9482879639
17.1927684659601;12933.364528656
17.1956849661239;17572.4458312988
17.1986014662878;12525.3926925659
17.2015179664517;6559.65829658508
17.2044344666155;14409.7074356079
17.2073509667794;26928.1402053833
17.2102674669432;33060.1549835205
17.2131839671071;35358.270904541
17.216100467271;65743.0578403473
17.2190169674348;97156.3413600922
17.2219334675987;154640.670217514
17.2248499677625;230051.583492279
17.2277664679264;326626.99269104
17.2306829680903;428412.656913757
17.2335994682541;626461.17181778
17.236515968418;856518.470844269
17.2394324685819;1106080.99203873
17.2423489687457;1318741.24111938
17.2452654689096;1573969.18013
17.2481819690734;1905770.09913826
17.2510984692373;2245992.53354645
17.2540149694012;2682671.32583618
17.256931469565;2697405.92441559
17.2598479697289;2809668.68507004
17.2627644698927;2604698.60307312
17.2656809700566;2512422.05260086
17.2685974702205;2325049.8137207
17.2715139703843;2060330.64302063
17.2744304705482;2029840.71681404
17.277346970712;1750887.1952343
17.2802634708759;1491986.13890457
17.2831799710398;1222199.27048683
17.2860964712036;1037794.51464653
17.2890129713675;760187.765705109
17.2919294715313;730373.41586113
17.2948459716952;553443.579940796
17.2977624718591;445338.166414261
17.3006789720229;372404.345619202
17.3035954721868;275201.141769409
17.3065119723507;255544.067739487
17.3094284725145;217725.39604187
17.3123449726784;186678.522449493
17.3152614728422;153113.220050812
17.3181779730061;161671.083745956
17.32109447317;144330.016214371
17.3240109733338;106854.462600708
17.3269274734977;97031.8008918762
17.3298439736615;85637.3964157104
17.3327604738254;81601.7920799255
17.3356769739893;63102.095615387
17.3385934741531;61787.0151119232
17.341509974317;57802.0692806244
17.3444264744808;67165.891916275
17.3473429746447;51679.5951099396
17.3502594748086;41670.0314788818
17.3531759749724;38651.3888893127
17.3560924751363;35804.4751358032
17.3590089753001;32448.9339523315
17.361925475464;46041.1767902374
17.3648419756279;31672.5116424561
17.3677584757917;43698.2566413879
17.3706749759556;33638.5280456543
17.3735914761195;31133.0260429382
17.3765079762833;38613.326581955
17.3794244764472;42990.0436096191
17.382340976611;27947.1124038696
17.3852574767749;30589.8289604187
17.3881739769388;30159.5306377411
17.3910904771026;32005.2474441528
17.3940069772665;31102.4763565063
17.3969234774303;29320.2180614471
17.3998399775942;19492.2362442017
17.4027564777581;22778.6904430389
17.4056729779219;14107.5661392212
17.4085894780858;15986.76720047
17.4115059782496;19620.9945220947
17.4144224784135;29830.3308067322
17.4173389785774;22155.1005325317
17.4202554787412;23373.4932479858
17.4231719789051;26074.2233276367
17.4260884790689;21280.339220047
17.4290049792328;15906.804151535
17.4319214793967;22554.2338123322
17.4348379795605;20912.8907470703
17.4377544797244;19406.8861904144
17.4406709798883;15432.8436222076
17.4435874800521;12041.0793838501
17.446503980216;15201.4496307373
17.4494204803798;12119.762878418
17.4523369805437;22089.9646148682
17.4552534807076;20275.8758468628
17.4581699808714;26078.4944000244
17.4610864810353;15268.0212650299
17.4640029811991;21887.105298996
17.466919481363;14481.3905639648
17.4698359815269;19381.881855011
17.4727524816907;12495.5579071045
17.4756689818546;17697.128326416
17.4785854820184;21258.2386169434
17.4815019821823;12315.8875007629
17.4844184823462;14062.423034668
17.48733498251;23655.5521240234
17.4902514826739;12225.449962616
17.4931679828377;8747.00821113586
17.4960844830016;15520.1629333496
17.4990009831655;12951.1962623596
17.5019174833293;13600.8958721161
17.5048339834932;11383.6996917725
17.5077504836571;5338.08843994141
17.5106669838209;21826.6430473328
17.5135834839848;13895.1750736237
17.5164999841486;20384.4997634888
17.5194164843125;10157.2938766479
17.5223329844764;11314.6332740784
17.5252494846402;14122.1565628052
17.5281659848041;10930.3943595886
17.5310824849679;10016.6150741577
17.5339989851318;7617.2578125
17.5369154852957;13217.3302536011
17.5398319854595;8201.110496521
17.5427484856234;9332.4402923584
17.5456649857872;6390.02088928223
17.5485814859511;6885.77563476563
17.551497986115;14083.1882152557
17.5544144862788;11355.2859916687
17.5573309864427;12702.5765476227
17.5602474866065;34634.7157974243
17.5631639867704;8887.70684814453
17.5660804869343;9787.57234573364
17.5689969870981;14109.6393127441
17.571913487262;16884.4938564301
17.5748299874259;15006.4113883972
17.5777464875897;16529.7161254883
17.5806629877536;15358.3434963226
17.5835794879174;12545.9143676758
17.5864959880813;16895.7842636108
17.5894124882452;7676.07927513123
17.592328988409;17303.0947914124
17.5952454885729;7451.004737854
17.5981619887367;14160.7462844849
17.6010784889006;11886.4123382568
17.6039949890645;10607.5212993622
17.6069114892283;10805.2009506226
17.6098279893922;9712.81457901001
17.612744489556;12471.4651641846
17.6156609897199;10299.7086372375
17.6185774898838;8382.14250183105
17.6214939900476;7294.63281440735
17.6244104902115;7567.57496452332
17.6273269903754;8847.21318054199
17.6302434905392;15594.778169632
17.6331599907031;14870.2038879395
17.6360764908669;11899.0351638794
17.6389929910308;15990.341468811
17.6419094911947;12726.5718650818
17.6448259913585;21895.3204956055
17.6477424915224;26826.4461345673
17.6506589916862;34603.420999527
17.6535754918501;57851.7206401825
17.656491992014;70229.3701248169
17.6594084921778;109402.24820137
17.6623249923417;161775.544176102
17.6652414925055;189960.755607605
17.6681579926694;260992.610250473
17.6710744928333;347180.836339951
17.6739909929971;485899.212799072
17.676907493161;571941.223825455
17.6798239933248;665169.543762207
17.6827404934887;784598.533039093
17.6856569936526;846970.613441467
17.6885734938164;864530.704269409
17.6914899939803;852713.946517944
17.6944064941442;871969.349790573
17.697322994308;849970.781393051
17.7002394944719;772034.21512413
17.7031559946357;673446.463661194
17.7060724947996;593462.356128693
17.7089889949635;556769.632778168
17.7119054951273;463091.179157257
17.7148219952912;418141.447702408
17.717738495455;284105.270503998
17.7206549956189;275894.842607498
17.7235714957828;224256.171516418
17.7264879959466;193317.785482407
17.7294044961105;150027.013786316
17.7323209962743;150511.765262604
17.7352374964382;92374.8281650543
17.7381539966021;74401.6246299744
17.7410704967659;69835.4379577637
17.7439869969298;49657.8711566925
17.7469034970936;60492.4233417511
17.7498199972575;50236.2342643738
17.7527364974214;36585.0412445068
17.7556529975852;31832.033241272
17.7585694977491;20236.9178562164
17.761485997913;37895.8380470276
17.7644024980768;28425.7331829071
17.7673189982407;37592.2073287964
17.7702354984045;24469.5172271729
17.7731519985684;28948.1447868347
17.7760684987323;20914.2442646027
17.7789849988961;15837.9876060486
17.78190149906;25790.3089408875
17.7848179992238;24301.6326122284
17.7877344993877;19007.5696182251
17.7906509995516;26623.5285263062
17.7935674997154;20724.7109947205
17.7964839998793;12382.8281784058
17.7994005000431;13862.9748153687
17.802317000207;11661.9487361908
17.8052335003709;18437.9060974121
17.8081500005347;19823.1927566528
17.8110665006986;15841.8981323242
17.8139830008625;8407.77548217773
17.8168995010263;25269.9037818909
17.8198160011902;13540.6161499023
17.822732501354;16517.7928085327
17.8256490015179;19714.0381317139
17.8285655016818;22572.179895401
17.8314820018456;7790.48829650879
17.8343985020095;10809.1375427246
17.8373150021733;22249.2303161621
17.8402315023372;14322.943321228
17.8431480025011;11795.8921737671
17.8460645026649;20874.4373226166
17.8489810028288;15437.6104927063
17.8518975029926;10003.4021606445
17.8548140031565;18858.8235626221
17.8577305033204;11749.6946334839
17.8606470034842;11415.7068786621
17.8635635036481;13092.098449707
17.8664800038119;15576.3994140625
17.8693965039758;12239.1571578979
17.8723130041397;17586.4456176758
17.8752295043035;12336.1721954346
17.8781460044674;15672.4207344055
17.8810625046312;9899.96253967285
17.8839790047951;13894.6034393311
17.886895504959;12887.1392593384
17.8898120051228;26777.4310760498
17.8927285052867;20474.6433029175
17.8956450054506;22522.3581695557
17.8985615056144;24651.2861557007
17.9014780057783;17108.7761249542
17.9043945059421;14910.1858978271
17.907311006106;12092.97631073
17.9102275062699;6455.19346237183
17.9131440064337;13748.2178611755
17.9160605065976;12077.7494411469
17.9189770067614;16804.4987258911
17.9218935069253;16209.2353363037
17.9248100070892;15966.5451583862
17.927726507253;5801.50321960449
17.9306430074169;14334.1615180969
17.9335595075807;19595.3886871338
17.9364760077446;8524.26985359192
17.9393925079085;3774.26551818848
17.9423090080723;9119.48454666138
17.9452255082362;18764.9733734131
17.9481420084001;8774.02311706543
17.9510585085639;12575.2123947144
17.9539750087278;6175.79614639282
17.9568915088916;9653.30018234253
17.9598080090555;11455.2293701172
17.9627245092194;11359.7031707764
17.9656410093832;12083.9131393433
17.9685575095471;15845.2188873291
17.9714740097109;17585.9936141968
17.9743905098748;17513.5897045136
17.9773070100387;13303.815202713
17.9802235102025;5748.92148590088
17.9831400103664;8685.19105529785
17.9860565105302;10408.5336303711
17.9889730106941;12084.3642139435
17.991889510858;5033.5107460022
17.9948060110218;22436.0118751526
17.9977225111857;10262.8445281982
18.0006390113495;28202.4612121582
18.0035555115134;18486.6639823914
18.0064720116773;17325.102771759
18.0093885118411;35632.7136631012
18.012305012005;18271.7847938538
18.0152215121689;29087.6799468994
18.0181380123327;29566.6128177643
18.0210545124966;30728.151266098
18.0239710126604;32331.8765869141
18.0268875128243;25074.5829105377
18.0298040129882;36553.6983280182
18.032720513152;29941.922454834
18.0356370133159;39176.3825359344
18.0385535134797;29783.2491378784
18.0414700136436;27175.2174339294
18.0443865138075;29352.68998909
18.0473030139713;32045.8962860107
18.0502195141352;27034.5869979858
18.053136014299;28599.4807167053
18.0560525144629;26025.4101715088
18.0589690146268;35814.4915351868
18.0618855147906;31945.2431640625
18.0648020149545;35532.7997627258
18.0677185151183;29747.9982376099
18.0706350152822;36164.1070480347
18.0735515154461;31849.4473571777
18.0764680156099;49930.4413642883
18.0793845157738;38193.8378429413
18.0823010159377;27812.4607925415
18.0852175161015;27786.288520813
18.0881340162654;36322.036857605
18.0910505164292;15768.5125961304
18.0939670165931;32514.0448188782
18.096883516757;30560.7037677765
18.0998000169208;23407.2881622314
18.1027165170847;29735.2724647522
18.1056330172485;21906.9227218628
18.1085495174124;25028.0070781708
18.1114660175763;17327.9900817871
18.1143825177401;26556.7803115845
18.117299017904;26097.6457099915
18.1202155180678;25516.1090660095
18.1231320182317;25734.7773971558
18.1260485183956;25796.5119781494
18.1289650185594;31459.2043190002
18.1318815187233;34269.1136474609
18.1347980188872;37001.255941391
18.137714519051;45695.460609436
18.1406310192149;41513.4776611328
18.1435475193787;42447.9690246582
18.1464640195426;42976.6451034546
18.1493805197065;35334.8286533356
18.1522970198703;51146.3604545593
18.1552135200342;26567.6173019409
18.158130020198;42701.3254241943
18.1610465203619;36726.3194026947
18.1639630205258;23223.2350311279
18.1668795206896;31992.8489952087
18.1697960208535;24461.570022583
18.1727125210173;21118.2776107788
18.1756290211812;23207.0301170349
18.1785455213451;16902.2809963226
18.1814620215089;15466.4948196411
18.1843785216728;15209.5805587769
18.1872950218366;20720.8785057068
18.1902115220005;19679.9175071716
18.1931280221644;14758.03565979
18.1960445223282;22121.4602584839
18.1989610224921;18244.9139633179
18.2018775226559;9899.84338378906
18.2047940228198;10432.0228881836
18.2077105229837;7596.36038208008
18.2106270231475;13250.2100563049
18.2135435233114;10764.7210845947
18.2164600234753;9163.42108726501
18.2193765236391;12574.0908813477
18.222293023803;13208.3798828125
18.2252095239668;13375.4335250854
18.2281260241307;10338.6201438904
18.2310425242946;19326.4582824707
18.2339590244584;16693.5162353516
18.2368755246223;9356.99199676514
18.2397920247861;11391.0067806244
18.24270852495;19515.9803848267
18.2456250251139;14422.5187511444
18.2485415252777;8867.44581604004
18.2514580254416;12487.0191497803
18.2543745256054;9523.34519958496
18.2572910257693;9260.87491416931
18.2602075259332;15612.1030426025
18.263124026097;20386.3317184448
18.2660405262609;10150.8746204376
18.2689570264248;17519.2177276611
18.2718735265886;17707.5981845856
18.2747900267525;16637.5461196899
18.2777065269163;13814.7789268494
18.2806230270802;9990.33331298828
18.2835395272441;8058.63528442383
18.2864560274079;10797.3641662598
18.2893725275718;10659.7425079346
18.2922890277356;10558.6958770752
18.2952055278995;12787.8834762573
18.2981220280634;10993.808380127
18.3010385282272;7976.20896911621
18.3039550283911;9945.66045379639
18.3068715285549;10966.2211380005
18.3097880287188;14591.2857112885
18.3127045288827;15899.0434646606
18.3156210290465;13631.1333351135
18.3185375292104;12202.2857437134
18.3214540293742;12683.4351806641
18.3243705295381;8901.27084922791
18.327287029702;11124.4965229034
18.3302035298658;20628.3485870361
18.3331200300297;19011.1022224426
18.3360365301936;8678.67509460449
18.3389530303574;12198.5587882996
18.3418695305213;13575.6978302002
18.3447860306851;7151.17955780029
18.347702530849;7380.34674835205
18.3506190310129;15231.6709804535
18.3535355311767;12867.9073371887
18.3564520313406;6921.9956073761
18.3593685315044;15092.679397583
18.3622850316683;12456.8249969482
18.3652015318322;9281.76817321777
18.368118031996;7061.05423927307
18.3710345321599;4195.15419578552
18.3739510323237;6586.56453704834
18.3768675324876;20982.5116596222
18.3797840326515;15222.4833755493
18.3827005328153;8458.6417388916
18.3856170329792;10610.0781898499
18.388533533143;9958.46363449097
18.3914500333069;12613.1374816895
18.3943665334708;6314.59790039063
18.3972830336346;15891.0271377563
18.4001995337985;9785.67496681213
18.4031160339624;5589.99362945557
18.4060325341262;6790.42932128906
18.4089490342901;10755.5812740326
18.4118655344539;6124.97284698486
18.4147820346178;8969.83018875122
18.4176985347817;7382.39163208008
18.4206150349455;8068.11676025391
18.4235315351094;6791.82077026367
18.4264480352732;8276.87495803833
18.4293645354371;8557.31463623047
18.432281035601;11339.2848472595
18.4351975357648;9293.24783325195
18.4381140359287;15909.3886871338
18.4410305360925;11378.7915649414
18.4439470362564;13422.6471862793
18.4468635364203;7984.66454696655
18.4497800365841;8184.11378479004
18.452696536748;12299.8219299316
18.4556130369118;12879.3371276855
18.4585295370757;12908.1916809082
18.4614460372396;11239.9040527344
18.4643625374034;10517.8707275391
18.4672790375673;5395.1728515625
18.4701955377312;7286.1036529541
18.473112037895;16286.5620269775
18.4760285380589;4193.6166229248
18.4789450382227;14722.0314178467
18.4818615383866;18738.2819519043
18.4847780385505;8848.02244567871
18.4876945387143;10448.8500652313
18.4906110388782;14722.2458648682
18.493527539042;9949.88344955444
18.4964440392059;6720.75422668457
18.4993605393698;9724.51657867432
18.5022770395336;15766.7764053345
18.5051935396975;14483.2206115723
18.5081100398613;18601.2727432251
18.5110265400252;13228.6439819336
18.5139430401891;11020.1735534668
18.5168595403529;6493.46041870117
18.5197760405168;9297.43330383301
18.5226925406807;10557.4999275208
18.5256090408445;8895.64768981934
18.5285255410084;7157.46667480469
18.5314420411722;8190.96885681152
18.5343585413361;12275.5707855225
18.5372750415;11290.2041549683
18.5401915416638;7596.82759094238
18.5431080418277;5680.41585540771
18.5460245419915;15783.9432296753
18.5489410421554;9269.59033203125
18.5518575423193;7156.89183044434
18.5547740424831;8409.64404296875
18.557690542647;4529.2331237793
18.5606070428108;5503.48118591309
18.5635235429747;11405.1750640869
18.5664400431386;17508.8866271973
18.5693565433024;26032.7755126953
18.5722730434663;6337.83121490479
18.5751895436301;4729.21258544922
18.578106043794;7470.54164886475
18.5810225439579;11373.3682250977
18.5839390441217;10067.4101638794
18.5868555442856;10544.8288269043
18.5897720444495;9246.39953804016
18.5926885446133;6614.91809844971
18.5956050447772;8317.79858398438
18.598521544941;11320.9605083466
18.6014380451049;15942.1757106781
18.6043545452688;8981.7403678894
18.6072710454326;8777.23370933533
18.6101875455965;9783.46670532227
18.6131040457603;13674.1693744659
18.6160205459242;8626.48838043213
18.6189370460881;3672.92344665527
18.6218535462519;12018.4654340744
18.6247700464158;13109.2446746826
18.6276865465796;9041.34425354004
18.6306030467435;9465.02085113525
18.6335195469074;13525.3899745941
18.6364360470712;24983.9503936768
18.6393525472351;4305.9398651123
18.6422690473989;26093.7247314453
18.6451855475628;7829.00109100342
18.6481020477267;7837.46493530273
18.6510185478905;9879.70182037354
18.6539350480544;5682.37773132324
18.6568515482183;5916.11585998535
18.6597680483821;7878.69305610657
18.662684548546;8567.71897888184
18.6656010487098;11364.8985290527
18.6685175488737;13010.1226654053
18.6714340490376;12345.8747138977
18.6743505492014;6470.31250762939
18.6772670493653;6794.41524505615
18.6801835495291;7427.23540496826
18.683100049693;11405.4816131592
18.6860165498569;16975.0023956299
18.6889330500207;13574.4222869873
18.6918495501846;14321.2509765625
18.6947660503484;11901.9149475098
18.6976825505123;15739.4137878418
18.7005990506762;16995.6984710693
18.70351555084;7409.38327407837
18.7064320510039;11235.8180465698
18.7093485511678;5739.89102935791
18.7122650513316;11963.5435180664
18.7151815514955;6169.13328552246
18.7180980516593;21005.4682693481
18.7210145518232;20260.4279880524
18.7239310519871;18367.5729560852
18.7268475521509;17369.7228984833
18.7297640523148;16491.1696243286
18.7326805524786;12454.7966918945
18.7355970526425;12744.97996521
18.7385135528064;34314.4493713379
18.7414300529702;25602.6544189453
18.7443465531341;35554.8116989136
18.7472630532979;41726.0299758911
18.7501795534618;57516.1044979095
18.7530960536257;68250.6499481201
18.7560125537895;80761.3930358887
18.7589290539534;96733.6686782837
18.7618455541172;122694.093029022
18.7647620542811;138125.208269119
18.767678554445;160846.27453804
18.7705950546088;195673.119750977
18.7735115547727;220345.175611496
18.7764280549365;231287.695796967
18.7793445551004;266177.316883087
18.7822610552643;248114.582939148
18.7851775554281;249107.867332458
18.788094055592;290484.669343948
18.7910105557559;279029.446884155
18.7939270559197;244287.01404953
18.7968435560836;243709.322828293
18.7997600562474;235892.978084564
18.8026765564113;217126.525741577
18.8055930565752;201300.991743088
18.808509556739;181312.864700317
18.8114260569029;145364.369827271
18.8143425570667;137208.250932693
18.8172590572306;135754.0266819
18.8201755573945;110569.302906036
18.8230920575583;92264.904504776
18.8260085577222;102901.786960602
18.828925057886;78772.8925552368
18.8318415580499;69759.9269199371
18.8347580582138;70222.1889953613
18.8376745583776;48993.6820106506
18.8405910585415;54323.5187225342
18.8435075587054;49389.419588089
18.8464240588692;43968.212272644
18.8493405590331;31591.1845207214
18.8522570591969;40484.5856704712
18.8551735593608;17679.5499420166
18.8580900595247;37630.0435409546
18.8610065596885;29465.3152694702
18.8639230598524;29897.5118370056
18.8668395600162;29690.0670814514
18.8697560601801;22507.2252197266
18.872672560344;33233.3456420898
18.8755890605078;29901.9899749756
18.8785055606717;23414.4125671387
18.8814220608355;22941.3928794861
18.8843385609994;22544.0673885345
18.8872550611633;13786.6659393311
18.8901715613271;12999.5769195557
18.893088061491;22274.2910327911
18.8960045616548;11868.2599601746
18.8989210618187;18231.6192932129
18.9018375619826;14260.1980133057
18.9047540621464;14172.6483631134
18.9076705623103;19502.3667602539
18.9105870624742;10183.5678863525
18.913503562638;13736.667263031
18.9164200628019;19872.6999549866
18.9193365629657;20083.0673217773
18.9222530631296;17846.3606414795
18.9251695632935;22909.7182178497
18.9280860634573;17705.2350769043
18.9310025636212;13598.9562225342
18.933919063785;12686.2134742737
18.9368355639489;14375.1795539856
18.9397520641128;10160.3124389648
18.9426685642766;8869.65989303589
18.9455850644405;13133.3334197998
18.9485015646043;19453.9020690918
18.9514180647682;14723.9148406982
18.9543345649321;12218.0285110474
18.9572510650959;14653.033493042
18.9601675652598;17440.5459594727
18.9630840654236;23714.6036682129
18.9660005655875;15293.6452026367
18.9689170657514;15641.0577507019
18.9718335659152;16919.8835601807
18.9747500660791;21331.4472770691
18.977666566243;12111.2017669678
18.9805830664068;13562.201171875
18.9834995665707;14293.1680526733
18.9864160667345;17831.5839614868
18.9893325668984;15592.2680053711
18.9922490670623;10731.242980957
18.9951655672261;7908.47282409668
18.99808206739;9964.11825561523
19.0009985675538;14416.2661914825
19.0039150677177;18092.8135070801
19.0068315678816;23318.0704956055
19.0097480680454;22817.7508773804
19.0126645682093;18544.8567352295
19.0155810683731;16113.3889942169
19.018497568537;17454.6709632874
19.0214140687009;17562.7743148804
19.0243305688647;16892.6926116943
19.0272470690286;12004.7999153137
19.0301635691925;11080.0791988373
19.0330800693563;19460.6502151489
19.0359965695202;17662.492805481
19.038913069684;13152.3206119537
19.0418295698479;12989.5270404816
19.0447460700118;12109.2071495056
19.0476625701756;18398.969871521
19.0505790703395;13899.9705638885
19.0534955705033;19542.7908115387
19.0564120706672;20451.7202758789
19.0593285708311;18137.167596817
19.0622450709949;28660.2629394531
19.0651615711588;60778.3359737396
19.0680780713226;85672.2103538513
19.0709945714865;117085.939655304
19.0739110716504;188100.52794838
19.0768275718142;324748.148433685
19.0797440719781;378109.747648239
19.0826605721419;543583.386159897
19.0855770723058;710432.20863533
19.0884935724697;900304.166046143
19.0914100726335;1220989.32470894
19.0943265727974;1417020.5379715
19.0972430729612;1616199.28271675
19.1001595731251;1706106.84813499
19.103076073289;1789141.78636169
19.1059925734528;1771108.71392822
19.1089090736167;1812199.79591751
19.1118255737806;1720153.49033356
19.1147420739444;1477965.69265175
19.1176585741083;1348480.62095451
19.1205750742721;1154660.10776329
19.123491574436;1039109.26883698
19.1264080745999;813941.00261879
19.1293245747637;714852.234769821
19.1322410749276;558118.787490845
19.1351575750914;439742.632575035
19.1380740752553;337523.42628479
19.1409905754192;242669.353467941
19.143907075583;216747.234489441
19.1468235757469;166056.448097229
19.1497400759107;134766.571784973
19.1526565760746;111580.654649734
19.1555730762385;90816.5134830475
19.1584895764023;79592.6370124817
19.1614060765662;51534.4173908234
19.1643225767301;52107.1912670136
19.1672390768939;44250.8898544312
19.1701555770578;42811.015089035
19.1730720772216;33868.7086009979
19.1759885773855;48429.8450584412
19.1789050775494;37550.6615905762
19.1818215777132;42452.3224849701
19.1847380778771;39598.8184947968
19.1876545780409;43503.3525772095
19.1905710782048;36772.5062828064
19.1934875783687;33721.5216636658
19.1964040785325;33121.1585121155
19.1993205786964;43266.8037414551
19.2022370788602;29801.672794342
19.2051535790241;30717.3854179382
19.208070079188;47903.1506881714
19.2109865793518;40562.0794525146
19.2139030795157;23761.0336933136
19.2168195796795;32131.8710784912
19.2197360798434;33291.5921154022
19.2226525800073;25506.305765152
19.2255690801711;27077.3403434753
19.228485580335;24649.6659660339
19.2314020804989;18283.3575763702
19.2343185806627;31145.7194862366
19.2372350808266;19368.5122489929
19.2401515809904;26669.509557724
19.2430680811543;15473.0419521332
19.2459845813182;13743.3799972534
19.248901081482;14847.8768386841
19.2518175816459;19424.9471511841
19.2547340818097;9490.28556632996
19.2576505819736;20589.532371521
19.2605670821375;25089.2292442322
19.2634835823013;16371.5454864502
19.2664000824652;11450.0187072754
19.269316582629;14137.0055084229
19.2722330827929;13564.7646026611
19.2751495829568;19042.0621681213
19.2780660831206;18959.921333313
19.2809825832845;13571.8676147461
19.2838990834483;14601.1895370483
19.2868155836122;15115.0991611481
19.2897320837761;10631.9056034088
19.2926485839399;14240.3895606995
19.2955650841038;18241.7553253174
19.2984815842677;29342.0424938202
19.3013980844315;17655.7824859619
19.3043145845954;8557.47557449341
19.3072310847592;26643.9205913544
19.3101475849231;14247.9290809631
19.313064085087;13209.0030670166
19.3159805852508;17335.5757598877
19.3188970854147;19601.1517791748
19.3218135855785;35360.8979721069
19.3247300857424;13425.1079940796
19.3276465859063;24451.1526947021
19.3305630860701;18421.4136962891
19.333479586234;16899.3199768066
19.3363960863978;35355.9294662476
19.3393125865617;29522.6139183044
19.3422290867256;15770.9064331055
19.3451455868894;24382.4571342468
19.3480620870533;26589.6690139771
19.3509785872171;15014.7639713287
19.353895087381;33721.3088302612
19.3568115875449;19748.0912895203
19.3597280877087;30973.1190338135
19.3626445878726;23285.4826469421
19.3655610880365;23488.2697982788
19.3684775882003;17954.9015693665
19.3713940883642;22609.4669914246
19.374310588528;18440.1069660187
19.3772270886919;20736.8716144562
19.3801435888558;21459.2304725647
19.3830600890196;16595.0173950195
19.3859765891835;27726.6731910706
19.3888930893473;22778.8569889069
19.3918095895112;11672.2728881836
19.3947260896751;16242.2178592682
19.3976425898389;16336.6550369263
19.4005590900028;17342.5173492432
19.4034755901666;19125.7859191895
19.4063920903305;15891.8962001801
19.4093085904944;13791.0381393433
19.4122250906582;23637.3534011841
19.4151415908221;16100.0868244171
19.418058090986;20678.0745849609
19.4209745911498;22357.2022037506
19.4238910913137;47842.1413478851
19.4268075914775;71253.249671936
19.4297240916414;124492.684482574
19.4326405918053;210771.54050827
19.4355570919691;303137.446895599
19.438473592133;500955.224021912
19.4413900922968;823954.223249435
19.4443065924607;1035287.75306892
19.4472230926246;1551865.46520233
19.4501395927884;2122593.19649315
19.4530560929523;2703925.77631378
19.4559725931161;3720316.9523201
19.45888909328;4347505.20188141
19.4618055934439;4967356.59768677
19.4647220936077;5871211.69384003
19.4676385937716;6559506.73214722
19.4705550939354;7202303.44161987
19.4734715940993;7591613.46046829
19.4763880942632;7778442.66555405
19.479304594427;7841923.68907166
19.4822210945909;7328239.31328583
19.4851375947548;6806094.44654083
19.4880540949186;5977510.92158508
19.4909705950825;5223089.20863724
19.4938870952463;4539376.82960224
19.4968035954102;3739993.58174133
19.4997200955741;3148960.41948795
19.5026365957379;2524650.02787018
19.5055530959018;2040377.27159691
19.5084695960656;1765761.60335922
19.5113860962295;1339309.87067413
19.5143025963934;1120971.12011147
19.5172190965572;836472.847068787
19.5201355967211;778227.910697937
19.5230520968849;706443.142578125
19.5259685970488;523476.567367554
19.5288850972127;460423.03956604
19.5318015973765;368298.228675842
19.5347180975404;392909.090240479
19.5376345977042;335193.779891968
19.5405510978681;261019.665340424
19.543467598032;282187.382795334
19.5463840981958;213949.862640381
19.5493005983597;209362.058818817
19.5522170985236;185963.564401627
19.5551335986874;175774.249084473
19.5580500988513;170974.804931641
19.5609665990151;183942.359565735
19.563883099179;167333.842998505
19.5667995993429;175799.837165833
19.5697160995067;214739.45656395
19.5726325996706;262131.44626236
19.5755490998344;287958.745000839
19.5784655999983;305026.431852341
19.5813821001622;380274.245765686
19.584298600326;417802.515365601
19.5872151004899;416357.347288132
19.5901316006537;431298.16746521
19.5930481008176;462680.562294006
19.5959646009815;466456.955177307
19.5988811011453;435411.180273056
19.6017976013092;420131.685085297
19.6047141014731;428860.449090958
19.6076306016369;348764.265327454
19.6105471018008;348066.928253174
19.6134636019646;324147.033227921
19.6163801021285;255984.27457428
19.6192966022924;218515.682022095
19.6222131024562;216478.36730957
19.6251296026201;187109.442400932
19.6280461027839;161184.459793091
19.6309626029478;177283.32636261
19.6338791031117;124327.258903503
19.6367956032755;114080.399402618
19.6397121034394;93686.2548961639
19.6426286036032;100268.180330276
19.6455451037671;80456.9654273987
19.648461603931;86073.0024108887
19.6513781040948;84068.0271034241
19.6542946042587;64627.7054252625
19.6572111044225;62099.872756958
19.6601276045864;55766.4176063538
19.6630441047503;47143.4565658569
19.6659606049141;64712.9917964935
19.668877105078;35667.5871315002
19.6717936052418;56814.9894275665
19.6747101054057;53914.7824325562
19.6776266055696;44781.6876296997
19.6805431057334;36745.0989437103
19.6834596058973;48900.0256118774
19.6863761060612;32818.7917327881
19.689292606225;24280.106918335
19.6922091063889;36579.2323455811
19.6951256065527;33166.6388015747
19.6980421067166;24565.3261833191
19.7009586068805;28328.0069732666
19.7038751070443;30662.557050705
19.7067916072082;31313.5467071533
19.709708107372;20666.4851360321
19.7126246075359;25470.4002532959
19.7155411076998;16877.7409973145
19.7184576078636;25675.5944480896
19.7213741080275;26992.5935020447
19.7242906081913;29591.7452468872
19.7272071083552;18963.4509239197
19.7301236085191;22308.6644859314
19.7330401086829;41011.2050666809
19.7359566088468;19737.4425239563
19.7388731090107;19540.8548049927
19.7417896091745;30094.8134307861
19.7447061093384;19235.0891571045
19.7476226095022;22345.2092590332
19.7505391096661;18943.2368965149
19.75345560983;26862.5965137482
19.7563721099938;21440.7782440186
19.7592886101577;20324.6793708801
19.7622051103215;18781.472038269
19.7651216104854;23924.8149490356
19.7680381106493;17026.9533004761
19.7709546108131;26567.6080932617
19.773871110977;19880.5030136108
19.7767876111408;29105.9145965576
19.7797041113047;25065.69190979
19.7826206114686;17276.49609375
19.7855371116324;22349.7800674438
19.7884536117963;19309.97631073
19.7913701119601;19120.0679244995
19.794286612124;22841.4250259399
19.7972031122879;13565.8568782806
19.8001196124517;26978.198425293
19.8030361126156;16025.3503723145
19.8059526127795;34036.1909980774
19.8088691129433;34704.5872192383
19.8117856131072;23878.3145923615
19.814702113271;23101.6664505005
19.8176186134349;26156.8062133789
19.8205351135988;21453.9329071045
19.8234516137626;10621.9473266602
19.8263681139265;17334.7786636353
19.8292846140903;17588.2832889557
19.8322011142542;21132.8904724121
19.8351176144181;23616.3983840942
19.8380341145819;15184.0819854736
19.8409506147458;18974.1334457397
19.8438671149096;18225.8745307922
19.8467836150735;32654.8783149719
19.8497001152374;23437.0429039001
19.8526166154012;20501.1681289673
19.8555331155651;16637.882648468
19.8584496157289;24554.7175369263
19.8613661158928;24225.0212173462
19.8642826160567;18779.1105041504
19.8671991162205;23231.5228118896
19.8701156163844;19075.7624664307
19.8730321165483;14788.2247219086
19.8759486167121;21052.5518188477
19.878865116876;20811.3986206055
19.8817816170398;21901.2921237946
19.8846981172037;19803.5258483887
19.8876146173676;20422.5602626801
19.8905311175314;18832.780254364
19.8934476176953;17006.546913147
19.8963641178591;12598.5429420471
19.899280618023;11462.9928894043
19.9021971181869;20405.5222358704
19.9051136183507;18501.7535209656
19.9080301185146;19553.2839431763
19.9109466186784;19508.3949604034
19.9138631188423;18151.9280548096
19.9167796190062;28111.0801334381
19.91969611917;5554.30414962769
19.9226126193339;25206.9112548828
19.9255291194978;21839.068572998
19.9284456196616;15562.1086196899
19.9313621198255;24198.4563922882
19.9342786199893;20540.2038650513
19.9371951201532;11108.4338607788
19.9401116203171;12344.4033889771
19.9430281204809;27857.6357879639
19.9459446206448;21121.9774703979
19.9488611208086;18923.4915237427
19.9517776209725;25265.6953659058
19.9546941211364;21846.6361274719
19.9576106213002;24384.3793182373
19.9605271214641;14329.2325210571
19.9634436216279;7592.51614379883
19.9663601217918;7950.75430297852
19.9692766219557;17179.0217437744
19.9721931221195;20389.5283355713
19.9751096222834;13683.1518974304
19.9780261224472;22157.1017150879
19.9809426226111;15444.9620513916
19.983859122775;18234.1360015869
19.9867756229388;13023.254863739
19.9896921231027;24687.4739990234
19.9926086232665;10739.3117218018
19.9955251234304;14456.0885753632
19.9984416235943;19380.8708648682
20.0013581237581;15880.8905029297
20.004274623922;12851.3400497437
20.0071911240859;27988.9525222778
20.0101076242497;8169.73226928711
20.0130241244136;20746.6184673309
20.0159406245774;16907.8546218872
20.0188571247413;22218.389793396
20.0217736249052;13442.0213165283
20.024690125069;12910.4281845093
20.0276066252329;12383.265460968
20.0305231253967;15520.7047615051
20.0334396255606;10540.2458190918
20.0363561257245;15258.1600418091
20.0392726258883;18401.5604400635
20.0421891260522;14009.2489318848
20.045105626216;14326.0065689087
20.0480221263799;16709.3774414063
20.0509386265438;18695.5084381104
20.0538551267076;19038.5971755981
20.0567716268715;11390.9198150635
20.0596881270354;19508.1417160034
20.0626046271992;12142.149887085
20.0655211273631;11714.5809326172
20.0684376275269;8816.8070602417
20.0713541276908;18343.5662689209
20.0742706278547;17569.0980548859
20.0771871280185;13547.4256248474
20.0801036281824;18316.9209289551
20.0830201283462;13274.4334869385
20.0859366285101;15509.3282623291
20.088853128674;6414.18726348877
20.0917696288378;9729.6216583252
20.0946861290017;12433.0791625977
20.0976026291655;17952.5956878662
20.1005191293294;22827.4310302734
20.1034356294933;9394.42502593994
20.1063521296571;15961.7774391174
20.109268629821;14611.7034225464
20.1121851299848;16108.8146457672
20.1151016301487;9701.38776397705
20.1180181303126;16341.0827026367
20.1209346304764;13829.2152862549
20.1238511306403;15331.0237464905
20.1267676308042;8625.43725585938
20.129684130968;22072.0150699615
20.1326006311319;16101.7695007324
20.1355171312957;24535.5614471436
20.1384336314596;27044.5394630432
20.1413501316235;16603.9757671356
20.1442666317873;22546.6072349548
20.1471831319512;25189.5419254303
20.150099632115;36929.1564674377
20.1530161322789;31837.1644744873
20.1559326324428;28701.8947410584
20.1588491326066;51918.9200897217
20.1617656327705;37564.4896316528
20.1646821329343;47630.9436645508
20.1675986330982;34037.3786849976
20.1705151332621;45600.2492599487
20.1734316334259;50755.1391143799
20.1763481335898;55191.5408935547
20.1792646337536;66585.3400592804
20.1821811339175;36663.3234348297
20.1850976340814;40474.0478591919
20.1880141342452;50999.3495674133
20.1909306344091;48182.8889503479
20.193847134573;41875.0392589569
20.1967636347368;48055.5124435425
20.1996801349007;42751.1109237671
20.2025966350645;45872.9141082764
20.2055131352284;46819.1651554108
20.2084296353923;31243.8908290863
20.2113461355561;43429.3121414185
20.21426263572;29751.9527492523
20.2171791358838;45824.4046707153
20.2200956360477;27834.3279342651
20.2230121362116;34781.7039833069
20.2259286363754;25160.5567111969
20.2288451365393;27697.9526424408
20.2317616367031;49581.1371326447
20.234678136867;39038.8773498535
20.2375946370309;28873.3184890747
20.2405111371947;26542.5672626495
20.2434276373586;25386.1046562195
20.2463441375224;23436.951997757
20.2492606376863;32384.5367126465
20.2521771378502;29270.4575920105
20.255093638014;34291.6311893463
20.2580101381779;17503.2177467346
20.2609266383418;21462.2256546021
20.2638431385056;25664.945066452
20.2667596386695;34519.0809402466
20.2696761388333;34604.6276741028
20.2725926389972;31304.352432251
20.2755091391611;26838.1801452637
20.2784256393249;28654.6127567291
20.2813421394888;25389.9465312958
20.2842586396526;23844.5773944855
20.2871751398165;27657.7234983444
20.2900916399804;28854.3525733948
20.2930081401442;35824.4985561371
20.2959246403081;28513.1524276733
20.2988411404719;30332.9019393921
20.3017576406358;21041.0474739075
20.3046741407997;26564.9530334473
20.3075906409635;23475.5199279785
20.3105071411274;22036.1346988678
20.3134236412913;22759.0120067596
20.3163401414551;31383.5602722168
20.319256641619;37367.8190155029
20.3221731417828;27789.079580307
20.3250896419467;28368.1791534424
20.3280061421106;29257.7495174408
20.3309226422744;30886.6423416138
20.3338391424383;19129.8311882019
20.3367556426021;28564.6732292175
20.339672142766;18125.3532676697
20.3425886429299;19363.4745407104
20.3455051430937;29199.5057106018
20.3484216432576;16512.0508556366
20.3513381434214;16289.6079101563
20.3542546435853;27673.2515487671
20.3571711437492;19775.1856536865
20.360087643913;16127.133769989
20.3630041440769;26392.9757843018
20.3659206442407;21187.6050281525
20.3688371444046;17049.3368759155
20.3717536445685;25978.0311470032
20.3746701447323;34320.6172180176
20.3775866448962;38062.6046829224
20.3805031450601;21773.2313232422
20.3834196452239;28903.9953022003
20.3863361453878;27665.3451919556
20.3892526455516;29367.8196487427
20.3921691457155;28265.3869590759
20.3950856458794;23613.9200134277
20.3980021460432;34426.677520752
20.4009186462071;39975.728313446
20.4038351463709;29144.0178623199
20.4067516465348;22920.2897186279
20.4096681466987;19032.9040355682
20.4125846468625;26333.0447177887
20.4155011470264;22810.4780883789
20.4184176471902;18496.3325271606
20.4213341473541;18465.7563838959
20.424250647518;17636.742275238
20.4271671476818;19146.2380065918
20.4300836478457;12408.2643585205
20.4330001480095;12658.0214996338
20.4359166481734;19220.1943511963
20.4388331483373;15718.7728328705
20.4417496485011;13200.8321723938
20.444666148665;17558.8479766846
20.4475826488289;22489.0301952362
20.4504991489927;22006.6674461365
20.4534156491566;19744.1477966309
20.4563321493204;8285.61161613464
20.4592486494843;15946.345123291
20.4621651496482;15164.6199111938
20.465081649812;22026.0071716309
20.4679981499759;8695.3705291748
20.4709146501397;7373.76462554932
20.4738311503036;9828.55403137207
20.4767476504675;12958.313659668
20.4796641506313;17207.3301620483
20.4825806507952;7116.98651123047
20.485497150959;13097.9626045227
20.4884136511229;29121.2752571106
20.4913301512868;8903.40525436401
20.4942466514506;10896.5186977386
20.4971631516145;15539.6951522827
20.5000796517784;28400.5643615723
20.5029961519422;19227.6484680176
20.5059126521061;20455.2316741943
20.5088291522699;6609.11449241638
20.5117456524338;18323.3269577026
20.5146621525977;15196.3081893921
20.5175786527615;16397.3100357056
20.5204951529254;25817.0821723938
20.5234116530892;21258.8547821045
20.5263281532531;22038.3825817108
20.529244653417;27094.8195972443
20.5321611535808;26132.9855918884
20.5350776537447;43769.4151191711
20.5379941539085;72293.2028312683
20.5409106540724;131946.270637512
20.5438271542363;216572.034591675
20.5467436544001;353409.578147888
20.549660154564;539488.457952499
20.5525766547278;803626.190483093
20.5554931548917;1173808.97551727
20.5584096550556;1853189.63007736
20.5613261552194;2470627.8380146
20.5642426553833;3377725.24715042
20.5671591555471;4356941.20406723
20.570075655711;5284333.71528053
20.5729921558749;6383049.06458282
20.5759086560387;7687363.52103043
20.5788251562026;8525450.50938034
20.5817416563665;9827862.78250122
20.5846581565303;10810924.5654526
20.5875746566942;11213821.3066921
20.590491156858;11518246.295681
20.5934076570219;11072108.8270988
20.5963241571858;10194606.2633896
20.5992406573496;9627111.0691185
20.6021571575135;8121753.09454346
20.6050736576773;7000385.5328846
20.6079901578412;5742135.48579216
20.6109066580051;4604097.99201965
20.6138231581689;3808889.19081306
20.6167396583328;3173417.22855568
20.6196561584966;2621646.94445038
20.6225726586605;2033869.31889343
20.6254891588244;1773967.56773376
20.6284056589882;1484266.46965027
20.6313221591521;1297646.93424606
20.634238659316;1144181.27236938
20.6371551594798;994634.252822876
20.6400716596437;841920.461196899
20.6429881598075;742857.379714966
20.6459046599714;633500.258359909
20.6488211601353;586712.457576752
20.6517376602991;515965.390296936
20.654654160463;455333.831806183
20.6575706606268;412163.542732239
20.6604871607907;357021.967857361
20.6634036609546;308907.571907043
20.6663201611184;343205.629903793
20.6692366612823;280494.272909164
20.6721531614461;284847.948253632
20.67506966161;233271.297574997
20.6779861617739;208815.57361412
20.6809026619377;205378.627716064
20.6838191621016;191381.478702545
20.6867356622654;166853.74625206
20.6896521624293;148468.223361969
20.6925686625932;139774.353181839
20.695485162757;145726.711063385
20.6984016629209;137200.475627899
20.7013181630848;130534.78169632
20.7042346632486;108595.48242569
20.7071511634125;103645.01269722
20.7100676635763;105292.247423172
20.7129841637402;93996.8884716034
20.7159006639041;86703.8447761536
20.7188171640679;69860.1281852722
20.7217336642318;88066.5240936279
20.7246501643956;85517.7029857636
20.7275666645595;79185.0888442993
20.7304831647234;73135.6995182037
20.7333996648872;77402.5037345886
20.7363161650511;64485.2162837982
20.7392326652149;58857.2945480347
20.7421491653788;63497.0744781494
20.7450656655427;58925.6680030823
20.7479821657065;55949.4370555878
20.7508986658704;50871.4661903381
20.7538151660342;53221.9920349121
20.7567316661981;49056.9699983597
20.759648166362;54447.2136974335
20.7625646665258;51289.5150928497
20.7654811666897;53177.6401309967
20.7683976668536;44108.7478637695
20.7713141670174;46122.9434661865
20.7742306671813;37478.243309021
20.7771471673451;81463.2092819214
20.780063667509;49240.5712032318
20.7829801676729;32174.4905815125
20.7858966678367;28882.3980388641
20.7888131680006;31471.8523101807
20.7917296681644;37866.443523407
20.7946461683283;48651.9655609131
20.7975626684922;36721.0303592682
20.800479168656;49554.7391281128
20.8033956688199;41438.2604904175
20.8063121689837;28246.6071853638
20.8092286691476;30899.1713409424
20.8121451693115;22371.3620185852
20.8150616694753;32342.9781894684
20.8179781696392;26010.6486244202
20.820894669803;25289.378692627
20.8238111699669;26679.2132263184
20.8267276701308;24666.1641044617
20.8296441702946;41583.0849227905
20.8325606704585;21792.2494449615
20.8354771706224;23512.7679824829
20.8383936707862;29205.3298721313
20.8413101709501;26712.7282047272
20.8442266711139;21168.2294559479
20.8471431712778;32064.1924343109
20.8500596714417;35904.5851974487
20.8529761716055;33367.2876548767
20.8558926717694;27535.248418808
20.8588091719332;36551.7975273132
20.8617256720971;35472.9261779785
20.864642172261;31094.3553600311
20.8675586724248;28780.1046733856
20.8704751725887;33281.7229003906
20.8733916727525;36914.7954978943
20.8763081729164;40392.9525489807
20.8792246730803;43166.7079925537
20.8821411732441;32974.0010147095
20.885057673408;39178.271446228
20.8879741735718;43518.0736789703
20.8908906737357;22097.9186058044
20.8938071738996;31210.3086738586
20.8967236740634;27453.0821380615
20.8996401742273;34212.5669002533
20.9025566743912;26987.1721668243
20.905473174555;31406.43019104
20.9083896747189;26990.1217575073
20.9113061748827;29393.7815551758
20.9142226750466;43163.2100906372
20.9171391752105;30410.7995452881
20.9200556753743;36818.8791027069
20.9229721755382;27773.8046798706
20.925888675702;26575.0166072845
20.9288051758659;24835.7259998322
20.9317216760298;22575.6595840454
20.9346381761936;18893.0286026001
20.9375546763575;22824.325958252
20.9404711765213;29501.8999004364
20.9433876766852;24551.9109039307
20.9463041768491;18672.7532501221
20.9492206770129;21546.8307266235
20.9521371771768;28061.9548492432
20.9550536773407;21437.5324859619
20.9579701775045;21366.031791687
20.9608866776684;30119.9631118774
20.9638031778322;16374.5459041595
20.9667196779961;35953.4537696838
20.96963617816;22756.5770435333
20.9725526783238;25589.7620697021
20.9754691784877;23946.963010788
20.9783856786515;22538.9281082153
20.9813021788154;26429.329870224
20.9842186789793;24999.5341033936
20.9871351791431;23695.597486496
20.990051679307;25234.15599823
20.9929681794708;22044.1218967438
20.9958846796347;21645.5017967224
20.9988011797986;15649.0009841919
21.0017176799624;28753.4443206787
21.0046341801263;16709.892496109
21.0075506802901;28208.9134788513
21.010467180454;30464.9138336182
21.0133836806179;29490.6351718903
21.0163001807817;22141.3437099457
21.0192166809456;24116.2850494385
21.0221331811095;24171.7737312317
21.0250496812733;25657.215470314
21.0279661814372;31856.0060272217
21.030882681601;26371.8037986755
21.0337991817649;21354.8857040405
21.0367156819288;26229.9699802399
21.0396321820926;25682.2245101929
21.0425486822565;23291.0013656616
21.0454651824203;25060.9904174805
21.0483816825842;13096.7666015625
21.0512981827481;31569.0605735779
21.0542146829119;23495.9524402618
21.0571311830758;32403.2173805237
21.0600476832396;18781.03515625
21.0629641834035;22477.8011398315
21.0658806835674;22130.1730499268
21.0687971837312;25320.3120651245
21.0717136838951;21726.7895965576
21.0746301840589;25925.8313674927
21.0775466842228;27523.578125
21.0804631843867;27788.9757957459
21.0833796845505;18151.8781032562
21.0862961847144;20541.0816764832
21.0892126848783;18783.0522689819
21.0921291850421;27227.4560108185
21.095045685206;27160.1210708618
21.0979621853698;13822.5286102295
21.1008786855337;17192.7141857147
21.1037951856976;9452.89635467529
21.1067116858614;17242.1974334717
21.1096281860253;14860.7097854614
21.1125446861891;16562.8276977539
21.115461186353;18785.9426116943
21.1183776865169;31455.4378967285
21.1212941866807;20686.3552913666
21.1242106868446;20091.3420448303
21.1271271870084;28137.9811782837
21.1300436871723;30808.1708068848
21.1329601873362;28994.4021453857
21.1358766875;13019.9779510498
21.1387931876639;39369.375
21.1417096878277;35890.1004486084
21.1446261879916;25075.4616985321
21.1475426881555;24422.88697052
21.1504591883193;23078.1091823578
21.1533756884832;25935.6932830811
21.1562921886471;35416.3227462769
21.1592086888109;32584.2908172607
21.1621251889748;33467.5044212341
21.1650416891386;28267.9307880402
21.1679581893025;31476.9647254944
21.1708746894664;17768.0204162598
21.1737911896302;35725.2481040955
21.1767076897941;33186.7660732269
21.1796241899579;28736.2652130127
21.1825406901218;18517.3188076019
21.1854571902857;35729.5374736786
21.1883736904495;24355.4482402802
21.1912901906134;32224.6163196564
21.1942066907772;30259.4931869507
21.1971231909411;29259.6959228516
21.200039691105;33567.2810058594
21.2029561912688;26057.3155174255
21.2058726914327;19198.3785629272
21.2087891915966;27417.9143981934
21.2117056917604;13904.3177680969
21.2146221919243;20840.5971374512
21.2175386920881;28905.4428863525
21.220455192252;27315.4991455078
21.2233716924159;20469.4823913574
21.2262881925797;17239.1610851288
21.2292046927436;19272.444103241
21.2321211929074;17670.8518009186
21.2350376930713;27882.8038825989
21.2379541932352;19706.3349914551
21.240870693399;19066.0153121948
21.2437871935629;21865.9477348328
21.2467036937267;20835.9849491119
21.2496201938906;36597.8028030396
21.2525366940545;16774.5784454346
21.2554531942183;25507.2190589905
21.2583696943822;23261.8908004761
21.261286194546;21818.4376678467
21.2642026947099;23369.4133300781
21.2671191948738;23906.9384307861
21.2700356950376;25217.7792320251
21.2729521952015;24751.2588424683
21.2758686953654;22488.0192489624
21.2787851955292;18739.4067993164
21.2817016956931;20018.7661056519
21.2846181958569;17960.3433685303
21.2875346960208;17695.9080047607
21.2904511961847;16542.869392395
21.2933676963485;19401.1144104004
21.2962841965124;11649.25390625
21.2992006966762;31606.002035141
21.3021171968401;5760.37090682983
21.305033697004;24169.083366394
21.3079501971678;16700.965927124
21.3108666973317;13853.0683898926
21.3137831974955;13082.7759819031
21.3166996976594;24640.2312068939
21.3196161978233;20055.6461486816
21.3225326979871;17292.0915298462
21.325449198151;15689.2831726074
21.3283656983148;9808.24214363098
21.3312821984787;18924.0977745056
21.3341986986426;14321.2382831573
21.3371151988064;14957.6378822327
21.3400316989703;12224.5527572632
21.3429481991342;24106.1362838745
21.345864699298;10746.4416389465
21.3487811994619;13843.9914245605
21.3516976996257;12805.2486419678
21.3546141997896;13440.756652832
21.3575306999535;12862.0387954712
21.3604472001173;15819.9546432495
21.3633637002812;7919.16793823242
21.366280200445;14798.9745559692
21.3691967006089;20784.6826477051
21.3721132007728;15175.6337413788
21.3750297009366;27974.1019134521
21.3779462011005;29440.2210693359
21.3808627012643;23879.9754905701
21.3837792014282;17477.3518028259
21.3866957015921;15071.1901321411
21.3896122017559;14355.0860137939
21.3925287019198;19275.7162399292
21.3954452020837;19329.0340480804
21.3983617022475;9650.60903739929
21.4012782024114;26259.6294631958
21.4041947025752;10428.8668670654
21.4071112027391;18776.7991256714
21.410027702903;20397.4593048096
21.4129442030668;16034.9795074463
21.4158607032307;21191.3339920044
21.4187772033945;18491.4866790771
21.4216937035584;21336.1438426971
21.4246102037223;22007.0441894531
21.4275267038861;15923.1185817719
21.43044320405;10247.8356781006
21.4333597042138;17501.866651535
21.4362762043777;12044.1770019531
21.4391927045416;22252.6612930298
21.4421092047054;21202.1522979736
21.4450257048693;15779.9015274048
21.4479422050331;16015.520401001
21.450858705197;22177.6728553772
21.4537752053609;18150.3528060913
21.4566917055247;10624.32421875
21.4596082056886;24660.3088054657
21.4625247058524;26470.8289413452
21.4654412060163;15463.9980583191
21.4683577061802;14906.3434276581
21.471274206344;19808.2775783539
21.4741907065079;19658.6551742554
21.4771072066718;26422.591583252
21.4800237068356;26836.778629303
21.4829402069995;17445.5812778473
21.4858567071633;22065.7464580536
21.4887732073272;33808.1889610291
21.4916897074911;25041.5020828247
21.4946062076549;28379.6320610046
21.4975227078188;32134.1675567627
21.5004392079826;32057.3919239044
21.5033557081465;24084.7451782227
21.5062722083104;24475.9584236145
21.5091887084742;26359.3665485382
21.5121052086381;22549.780708313
21.5150217088019;23421.5854492188
21.5179382089658;25942.3515815735
21.5208547091297;22160.2657394409
21.5237712092935;33952.2470855713
21.5266877094574;25464.6703872681
21.5296042096213;24904.758348465
21.5325207097851;34962.0696334839
21.535437209949;27992.3358688354
21.5383537101128;25725.6945552826
21.5412702102767;19432.4708786011
21.5441867104406;28156.5187530518
21.5471032106044;18741.6410655975
21.5500197107683;14265.8096408844
21.5529362109321;13716.8811645508
21.555852711096;10186.1474609375
21.5587692112599;17626.286447525
21.5616857114237;21185.6706848145
21.5646022115876;23330.2106704712
21.5675187117514;12460.1815185547
21.5704352119153;20449.7528343201
21.5733517120792;12030.7664451599
21.576268212243;26057.8641357422
21.5791847124069;14945.0550270081
21.5821012125707;28184.2266769409
21.5850177127346;19960.4982528687
21.5879342128985;15891.9414749146
21.5908507130623;22138.4223976135
21.5937672132262;17398.0728378296
21.5966837133901;23951.7841796875
21.5996002135539;20725.3337211609
21.6025167137178;23428.8993301392
21.6054332138816;22480.5060558319
21.6083497140455;31207.7354621887
21.6112662142094;39091.3287734985
21.6141827143732;19409.6156311035
21.6170992145371;23366.7615585327
21.6200157147009;26652.4479598999
21.6229322148648;51057.5508575439
21.6258487150287;26810.6436023712
21.6287652151925;14955.0383987427
21.6316817153564;21751.4018249512
21.6345982155202;23203.6647872925
21.6375147156841;26101.8006896973
21.640431215848;27310.9780197144
21.6433477160118;24019.2845497131
21.6462642161757;19852.4657611847
21.6491807163395;20648.645406723
21.6520972165034;27076.1046600342
21.6550137166673;21882.9577980042
21.6579302168311;24767.6693115234
21.660846716995;19986.9546966553
21.6637632171589;23309.1603317261
21.6666797173227;11945.076965332
21.6695962174866;19003.355638504
21.6725127176504;22092.4970684052
21.6754292178143;22975.1981182098
21.6783457179782;17825.0204162598
21.681262218142;25589.9793243408
21.6841787183059;18881.8432312012
21.6870952184697;22787.036239624
21.6900117186336;12111.2388114929
21.6929282187975;15304.8019733429
21.6958447189613;21098.7883071899
21.6987612191252;25317.2266616821
21.701677719289;13326.7176055908
21.7045942194529;19044.624961853
21.7075107196168;19303.2188110352
21.7104272197806;18255.7254714966
21.7133437199445;22843.1780204773
21.7162602201083;14697.8787765503
21.7191767202722;18283.1782178879
21.7220932204361;21263.5123443604
21.7250097205999;25396.0071105957
21.7279262207638;21287.5664558411
21.7308427209277;10996.0291061401
21.7337592210915;16604.3262386322
21.7366757212554;17715.0028533936
21.7395922214192;21935.9321403503
21.7425087215831;30697.8827171326
21.745425221747;17380.4142379761
21.7483417219108;10509.694852829
21.7512582220747;13619.4428329468
21.7541747222385;17793.6425952911
21.7570912224024;22716.1298542023
21.7600077225663;14229.7877845764
21.7629242227301;19278.264175415
21.765840722894;13207.9328289032
21.7687572230578;29164.4998855591
21.7716737232217;12871.9699058533
21.7745902233856;16061.9993438721
21.7775067235494;31746.6764278412
21.7804232237133;31875.3305015564
21.7833397238771;25272.2811965942
21.786256224041;27457.8971481323
21.7891727242049;33737.336063385
21.7920892243687;66229.0251922607
21.7950057245326;66759.9608821869
21.7979222246965;134990.268196106
21.8008387248603;209881.771289825
21.8037552250242;291606.154777527
21.806671725188;405202.813760757
21.8095882253519;575385.626430511
21.8125047255158;800296.926933289
21.8154212256796;1103585.29891777
21.8183377258435;1405016.71268845
21.8212542260073;1709321.24149323
21.8241707261712;1960693.41951752
21.8270872263351;2196920.86799622
21.8300037264989;2490949.92994404
21.8329202266628;2744915.83929062
21.8358367268266;2818393.69317436
21.8387532269905;2999465.70816612
21.8416697271544;3015524.61782074
21.8445862273182;3041065.10204506
21.8475027274821;2716036.72182465
21.850419227646;2666367.55550003
21.8533357278098;2555766.79829788
21.8562522279737;2498513.4436245
21.8591687281375;2231161.48482704
21.8620852283014;2043000.40665817
21.8650017284653;1884754.99630928
21.8679182286291;1652991.38179588
21.870834728793;1453805.94791412
21.8737512289568;1371781.95256615
21.8766677291207;1151752.59034538
21.8795842292846;1109624.13768959
21.8825007294484;991298.917818069
21.8854172296123;909861.396503448
21.8883337297761;793709.362988472
21.89125022994;805953.973762512
21.8941667301039;708948.20161438
21.8970832302677;645571.428771973
21.8999997304316;570147.431455612
21.9029162305954;503389.406742096
21.9058327307593;478244.112606049
21.9087492309232;469669.05623436
21.911665731087;464267.424926758
21.9145822312509;405339.798912048
21.9174987314148;387890.104143143
21.9204152315786;346098.342639923
21.9233317317425;334813.15694046
21.9262482319063;327810.064777374
21.9291647320702;300873.899219513
21.9320812322341;262570.449041367
21.9349977323979;197189.026004791
21.9379142325618;212431.709150314
21.9408307327256;205195.621822357
21.9437472328895;170501.843084335
21.9466637330534;180965.738903046
21.9495802332172;140499.865922928
21.9524967333811;123816.239517212
21.9554132335449;128876.49571991
21.9583297337088;137417.376464844
21.9612462338727;110362.691497803
21.9641627340365;89991.6745872498
21.9670792342004;108022.300983429
21.9699957343642;106821.579454422
21.9729122345281;84837.0600814819
21.975828734692;81419.063993454
21.9787452348558;60155.8065471649
21.9816617350197;65321.0061187744
21.9845782351836;78782.0870361328
21.9874947353474;61392.8790683746
21.9904112355113;66823.5077266693
21.9933277356751;47076.8260402679
21.996244235839;61570.7504940033
21.9991607360029;54471.1249809265
22.0020772361667;45074.5108165741
22.0049937363306;44332.4810562134
22.0079102364944;32801.0108261108
22.0108267366583;46034.2885818481
22.0137432368222;34554.7037086487
22.016659736986;46725.0775737762
22.0195762371499;49108.9783668518
22.0224927373137;34384.4375858307
22.0254092374776;32234.0459041595
22.0283257376415;32502.5845794678
22.0312422378053;50828.2293701172
22.0341587379692;48653.3431015015
22.037075238133;27573.4111633301
22.0399917382969;41116.7767620087
22.0429082384608;38611.4317340851
22.0458247386246;42284.4895210266
22.0487412387885;33839.4020690918
22.0516577389524;21682.9942531586
22.0545742391162;30410.5755462646
22.0574907392801;44065.6500205994
22.0604072394439;33900.2211780548
22.0633237396078;28261.7971992493
22.0662402397717;27124.4665145874
22.0691567399355;29197.7127990723
22.0720732400994;31618.7517948151
22.0749897402632;29905.2102127075
22.0779062404271;39049.7997512817
22.080822740591;27394.9340515137
22.0837392407548;16580.646270752
22.0866557409187;19795.2019348145
22.0895722410825;20511.0205802917
22.0924887412464;23200.3041915894
22.0954052414103;23267.4229888916
22.0983217415741;26459.1008758545
22.101238241738;31734.1743621826
22.1041547419019;33793.1098518372
22.1070712420657;26876.0119991302
22.1099877422296;17248.2756729126
22.1129042423934;31179.9999008179
22.1158207425573;19889.5990657806
22.1187372427212;35465.0419769287
22.121653742885;19666.2496604919
22.1245702430489;20673.2747344971
22.1274867432127;30069.2139511108
22.1304032433766;34244.063911438
22.1333197435405;24598.9144515991
22.1362362437043;30336.4173278809
22.1391527438682;20838.1339302063
22.142069244032;27198.3350601196
22.1449857441959;17430.7754554749
22.1479022443598;31850.0263366699
22.1508187445236;25144.4040470123
22.1537352446875;27373.3184432983
22.1566517448513;32105.9605865479
22.1595682450152;18871.8394393921
22.1624847451791;29773.3036994934
22.1654012453429;21988.5126190186
22.1683177455068;28808.1855773926
22.1712342456707;22900.5320167542
22.1741507458345;39626.7631511688
22.1770672459984;44176.0129318237
22.1799837461622;27122.570690155
22.1829002463261;20158.9467811584
22.18581674649;32794.6335334778
22.1887332466538;25978.573720932
22.1916497468177;29005.4076004028
22.1945662469815;23807.082233429
22.1974827471454;38899.4074459076
22.2003992473093;36371.3852539063
22.2033157474731;30201.1046009064
22.206232247637;35554.6696472168
22.2091487478008;41426.7590389252
22.2120652479647;51122.9169769287
22.2149817481286;44984.6234378815
22.2178982482924;44292.8301849365
22.2208147484563;51132.0797576904
22.2237312486201;36006.8300094604
22.226647748784;47461.6023826599
22.2295642489479;35411.0198688507
22.2324807491117;40171.9725761414
22.2353972492756;47533.5980453491
22.2383137494395;38451.8522033691
22.2412302496033;46795.5499591827
22.2441467497672;21831.2409420013
22.247063249931;36239.7982158661
22.2499797500949;26100.7219619751
22.2528962502588;39463.3943595886
22.2558127504226;18282.0251541138
22.2587292505865;41492.5339660645
22.2616457507503;29903.5083885193
22.2645622509142;27335.8424663544
22.2674787510781;36122.5609855652
22.2703952512419;44014.0293884277
22.2733117514058;31263.5883331299
22.2762282515696;31943.0012245178
22.2791447517335;38124.1477489471
22.2820612518974;26916.7816047668
22.2849777520612;32027.8680438995
22.2878942522251;23144.897518158
22.290810752389;31293.6531448364
22.2937272525528;33373.6519622803
22.2966437527167;41639.2130737305
22.2995602528805;23699.1298561096
22.3024767530444;26497.7112121582
22.3053932532083;27314.4382209778
22.3083097533721;15545.6860313416
22.311226253536;18692.8548049927
22.3141427536998;29515.5693664551
22.3170592538637;23374.2605361938
22.3199757540276;30186.7616271973
22.3228922541914;24643.4178161621
22.3258087543553;23768.6404037476
22.3287252545191;16868.1872329712
22.331641754683;16623.8446350098
22.3345582548469;31446.6205024719
22.3374747550107;27838.3669509888
22.3403912551746;17044.4965209961
22.3433077553384;27381.8198623657
22.3462242555023;18485.9351100922
22.3491407556662;12091.5958862305
22.35205725583;17195.9162578583
22.3549737559939;21334.8668498993
22.3578902561577;13065.1731948853
22.3608067563216;34321.1111278534
22.3637232564855;26125.2195625305
22.3666397566493;23681.5598526001
22.3695562568132;30807.8273925781
22.3724727569771;23578.5302734375
22.3753892571409;16507.4969234467
22.3783057573048;23990.8799991608
22.3812222574686;20781.0619049072
22.3841387576325;28958.3070030212
22.3870552577964;15528.4607772827
22.3899717579602;24439.0883026123
22.3928882581241;29735.8948936462
22.3958047582879;30663.6214866638
22.3987212584518;16573.0142669678
22.4016377586157;19808.2844562531
22.4045542587795;12523.9394683838
22.4074707589434;30509.6161956787
22.4103872591072;30374.6769256592
22.4133037592711;21346.360118866
22.416220259435;22019.4283294678
22.4191367595988;32165.9051589966
22.4220532597627;15294.3557243347
22.4249697599266;14899.7967071533
22.4278862600904;14818.3094863892
22.4308027602543;22631.6401634216
22.4337192604181;25308.6880912781
22.436635760582;25765.511177063
22.4395522607459;25611.2787513733
22.4424687609097;25066.4688415527
22.4453852610736;20036.985824585
22.4483017612374;22897.3877258301
22.4512182614013;15754.6772651672
22.4541347615652;16860.2135696411
22.457051261729;14121.0692214966
22.4599677618929;26885.8371429443
22.4628842620567;18171.5280170441
22.4658007622206;17779.6586494446
22.4687172623845;35319.4265060425
22.4716337625483;17895.3261623383
22.4745502627122;12099.6739063263
22.477466762876;16748.4999694824
22.4803832630399;11467.1577911377
22.4832997632038;17610.08934021
22.4862162633676;24514.0794391632
22.4891327635315;17729.1138916016
22.4920492636954;12906.8000793457
22.4949657638592;16059.3089561462
22.4978822640231;14143.3558731079
22.5007987641869;24464.8066978455
22.5037152643508;35319.5737266541
22.5066317645147;15057.4177703857
22.5095482646785;21327.6842956543
22.5124647648424;18341.0450439453
22.5153812650062;13540.0130500793
22.5182977651701;15069.7061920166
22.521214265334;17335.1422557831
22.5241307654978;10534.7683029175
22.5270472656617;10138.2845916748
22.5299637658255;22144.52293396
22.5328802659894;16851.3191871643
22.5357967661533;23311.1968307495
22.5387132663171;18796.7001953125
22.541629766481;21653.4573059082
22.5445462666448;22190.5457000732
22.5474627668087;14855.4254760742
22.5503792669726;21619.5641593933
22.5532957671364;17783.1954441071
22.5562122673003;28563.2142791748
22.5591287674642;22976.3286743164
22.562045267628;29480.2223815918
22.5649617677919;19733.556224823
22.5678782679557;25078.7096443176
22.5707947681196;18772.5684375763
22.5737112682835;24036.2923431396
22.5766277684473;19732.0415649414
22.5795442686112;22641.6102733612
22.582460768775;16323.6586418152
22.5853772689389;10625.9370651245
22.5882937691028;13019.3791618347
22.5912102692666;11398.5105419159
22.5941267694305;21574.2031860352
22.5970432695943;10391.0039329529
22.5999597697582;20778.043510437
22.6028762699221;20852.0093803406
22.6057927700859;21353.575668335
22.6087092702498;8792.17487335205
22.6116257704136;20886.4258880615
22.6145422705775;17584.4168167114
22.6174587707414;12161.8522167206
22.6203752709052;24893.0485916138
22.6232917710691;14154.1677913666
22.626208271233;18890.7800674438
22.6291247713968;35622.173871994
22.6320412715607;11190.1884918213
22.6349577717245;18450.4828643799
22.6378742718884;19642.5518245697
22.6407907720523;23686.7215576172
22.6437072722161;11344.3583374023
22.64662377238;21591.6869163513
22.6495402725438;10225.3586807251
22.6524567727077;13993.5458984375
22.6553732728716;22432.7212772369
22.6582897730354;18321.8781890869
22.6612062731993;14330.4581222534
22.6641227733631;24293.5363616943
22.667039273527;24751.1361541748
22.6699557736909;13979.626914978
22.6728722738547;26046.9847869873
22.6757887740186;22897.7172775269
22.6787052741824;18560.9462661743
22.6816217743463;14028.0559692383
22.6845382745102;16038.1623382568
22.687454774674;16781.3365097046
22.6903712748379;16322.8183479309
22.6932877750018;26343.9816169739
22.6962042751656;14566.6902999878
22.6991207753295;24141.7845458984
22.7020372754933;14265.8644580841
22.7049537756572;17620.0253200531
22.7078702758211;17911.3602313995
22.7107867759849;26362.4746665955
22.7137032761488;13622.7480125427
22.7166197763126;19824.354309082
22.7195362764765;30635.9748382568
22.7224527766404;24535.9677734375
22.7253692768042;25902.5744400024
22.7282857769681;19835.2880783081
22.7312022771319;24198.2916545868
22.7341187772958;20511.8319778442
22.7370352774597;20615.3978500366
22.7399517776235;24695.8463382721
22.7428682777874;16738.2701873779
22.7457847779513;13273.5789375305
22.7487012781151;33173.768699646
22.751617778279;15981.2043380737
22.7545342784428;11480.2169494629
22.7574507786067;30709.2815704346
22.7603672787706;25896.6216983795
22.7632837789344;16031.3626861572
22.7662002790983;11530.3958053589
22.7691167792621;20876.8301239014
22.772033279426;15757.9459915161
22.7749497795899;17912.8998069763
22.7778662797537;11431.0968551636
22.7807827799176;22519.5219173431
22.7836992800814;29593.0456008911
22.7866157802453;17365.2935237885
22.7895322804092;18324.0340881348
22.792448780573;22631.2472381592
22.7953652807369;22747.756652832
22.7982817809007;20740.2044429779
22.8011982810646;26837.6602783203
22.8041147812285;23691.9971218109
22.8070312813923;38098.1717987061
22.8099477815562;42938.9124011993
22.8128642817201;21404.4407234192
22.8157807818839;26547.8128662109
22.8186972820478;18639.9931240082
22.8216137822116;17013.3469009399
22.8245302823755;14022.830034256
22.8274467825394;15549.1456222534
22.8303632827032;22275.5303344727
22.8332797828671;28722.885055542
22.8361962830309;24597.5258235931
22.8391127831948;19703.7466182709
22.8420292833587;30059.3095321655
22.8449457835225;20253.4021511078
22.8478622836864;28223.8829421997
22.8507787838502;19030.6997184753
22.8536952840141;13746.5074424744
22.856611784178;16907.34375
22.8595282843418;18782.4503192902
22.8624447845057;22797.3262825012
22.8653612846695;28084.8683223724
22.8682777848334;16509.1989974976
22.8711942849973;13650.1617851257
22.8741107851611;22877.8596611023
22.877027285325;27117.6335868835
22.8799437854889;20727.5641231537
22.8828602856527;22045.2358283997
22.8857767858166;12304.8687896729
22.8886932859804;18241.3725128174
22.8916097861443;22235.2769470215
22.8945262863082;16162.7359466553
22.897442786472;22470.0499267578
22.9003592866359;13887.9608764648
22.9032757867997;17241.0740470886
22.9061922869636;22184.4923248291
22.9091087871275;26535.4711227417
22.9120252872913;14867.2901382446
22.9149417874552;20242.215965271
22.917858287619;25821.6524963379
22.9207747877829;23506.6665267944
22.9236912879468;11908.1049041748
22.9266077881106;17184.1303710938
22.9295242882745;31311.9780845642
22.9324407884383;17855.3562965393
22.9353572886022;24271.9883079529
22.9382737887661;33981.7407913208
22.9411902889299;29099.1990737915
22.9441067890938;20187.5564346313
22.9470232892577;20007.3047142029
22.9499397894215;30016.2903652191
22.9528562895854;22086.1976242065
22.9557727897492;23292.3814353943
22.9586892899131;28154.7760696411
22.961605790077;30017.9490127563
22.9645222902408;34421.4761962891
22.9674387904047;34165.1201591492
22.9703552905685;19189.3217391968
22.9732717907324;36391.3859157562
22.9761882908963;39069.4162521362
22.9791047910601;29327.8074989319
22.982021291224;39503.5757808685
22.9849377913878;37038.2174377441
22.9878542915517;33792.6312503815
22.9907707917156;33999.6848602295
22.9936872918794;12557.3303070068
22.9966037920433;28701.7798080444
22.9995202922072;16170.0578670502
23.002436792371;19151.5131988525
23.0053532925349;24911.6953639984
23.0082697926987;26837.1345825195
23.0111862928626;18362.1949996948
23.0141027930265;24676.145483017
23.0170192931903;14643.2354507446
23.0199357933542;26664.5268726349
23.022852293518;18059.3752441406
23.0257687936819;23339.2257843018
23.0286852938458;13513.429145813
23.0316017940096;11076.5183563232
23.0345182941735;20079.4398727417
23.0374347943373;14771.1879959106
23.0403512945012;21277.3585071564
23.0432677946651;22167.6569366455
23.0461842948289;28884.7696743011
23.0491007949928;19528.6695404053
23.0520172951566;17189.5846042633
23.0549337953205;15544.5485496521
23.0578502954844;15548.8729896545
23.0607667956482;24651.5680007935
23.0636832958121;22031.545135498
23.066599795976;24971.8444423676
23.0695162961398;26031.8147277832
23.0724327963037;31696.4915313721
23.0753492964675;29608.1933288574
23.0782657966314;22622.6895637512
23.0811822967953;18606.2013721466
23.0840987969591;22903.2811660767
23.087015297123;22932.1625671387
23.0899317972868;21150.1676101685
23.0928482974507;17302.5981826782
23.0957647976146;16748.1838951111
23.0986812977784;21048.8118877411
23.1015977979423;23847.3938140869
23.1045142981061;21113.043548584
23.10743079827;27521.7370681763
23.1103472984339;22275.5556812286
23.1132637985977;19483.9241981506
23.1161802987616;21910.740858078
23.1190967989254;26032.6556854248
23.1220132990893;27791.0512771606
23.1249297992532;26990.8142852783
23.127846299417;28147.6886901855
23.1307627995809;19804.6309509277
23.1336792997448;32542.2713813782
23.1365957999086;18535.055727005
23.1395123000725;32544.933303833
23.1424288002363;22099.8820571899
23.1453453004002;31296.1167068481
23.1482618005641;19644.2217559814
23.1511783007279;28565.572347641
23.1540948008918;18303.8799228668
23.1570113010556;24381.0049705505
23.1599278012195;21528.7677307129
23.1628443013834;28030.9923667908
23.1657608015472;23509.0286102295
23.1686773017111;22173.0022964478
23.1715938018749;38052.3099975586
23.1745103020388;30136.4962368011
23.1774268022027;36695.386926651
23.1803433023665;21951.2861461639
23.1832598025304;25990.4598579407
23.1861763026943;21384.8950538635
23.1890928028581;22787.8544940948
23.192009303022;19211.6203651428
23.1949258031858;23837.2291240692
23.1978423033497;30849.692779541
23.2007588035136;26525.1060905457
23.2036753036774;34073.905330658
23.2065918038413;19951.171081543
23.2095083040051;20629.7488937378
23.212424804169;33255.4860839844
23.2153413043329;19420.561422348
23.2182578044967;29409.0076675415
23.2211743046606;31442.8524246216
23.2240908048244;23926.7638473511
23.2270073049883;18163.1980686188
23.2299238051522;28216.2655792236
23.232840305316;24303.091293335
23.2357568054799;12901.1364440918
23.2386733056437;14559.7738265991
23.2415898058076;21017.8428955078
23.2445063059715;29844.9971618652
23.2474228061353;20975.8233451843
23.2503393062992;22577.6052780151
23.253255806463;22887.0397796631
23.2561723066269;29081.6985778809
23.2590888067908;32034.8006820679
23.2620053069546;22636.8650016785
23.2649218071185;26608.6435585022
23.2678383072824;22237.0884132385
23.2707548074462;23728.4477424622
23.2736713076101;20530.8435554504
23.2765878077739;27959.8821411133
23.2795043079378;11588.6750106812
23.2824208081017;12591.3620491028
23.2853373082655;20778.7748336792
23.2882538084294;32080.1305885315
23.2911703085932;16912.6474533081
23.2940868087571;28399.2137985229
23.297003308921;23628.7828292847
23.2999198090848;30861.9241294861
23.3028363092487;25732.6274013519
23.3057528094125;17375.3746337891
23.3086693095764;16042.0667648315
23.3115858097403;21834.720451355
23.3145023099041;46318.9570503235
23.317418810068;23260.8013000488
23.3203353102319;18157.0554046631
23.3232518103957;19241.0617141724
23.3261683105596;22506.3648529053
23.3290848107234;20281.4649925232
23.3320013108873;24630.3807659149
23.3349178110512;15312.8681259155
23.337834311215;23297.3111839294
23.3407508113789;16911.2518234253
23.3436673115427;17713.0680236816
23.3465838117066;14502.3839435577
23.3495003118705;16696.9121322632
23.3524168120343;19397.1296691895
23.3553333121982;22882.61287117
23.358249812362;23511.202457428
23.3611663125259;19667.2391052246
23.3640828126898;28368.0166702271
23.3669993128536;13722.590637207
23.3699158130175;17019.008813858
23.3728323131813;22836.4789123535
23.3757488133452;43166.4226322174
23.3786653135091;16813.9290943146
23.3815818136729;22698.7383785248
23.3844983138368;16140.0543403625
23.3874148140007;24685.7881469727
23.3903313141645;23793.7765541077
23.3932478143284;26064.7955532074
23.3961643144922;31761.8369216919
23.3990808146561;24951.9467010498
23.40199731482;21125.8694000244
23.4049138149838;32857.5093860626
23.4078303151477;27837.0578269959
23.4107468153115;27763.7474822998
23.4136633154754;22330.0646591187
23.4165798156393;23725.7915477753
23.4194963158031;17407.5201568604
23.422412815967;30409.1692886353
23.4253293161308;17925.797914505
23.4282458162947;20783.1883392334
23.4311623164586;21202.2872047424
23.4340788166224;18678.8284454346
23.4369953167863;24265.8535423279
23.4399118169501;17189.4173278809
23.442828317114;11610.0895900726
23.4457448172779;20588.0362243652
23.4486613174417;20940.623216629
23.4515778176056;30398.8861351013
23.4544943177695;31949.8929519653
23.4574108179333;15453.8377456665
23.4603273180972;25539.4669494629
23.463243818261;17969.956817627
23.4661603184249;19582.0276012421
23.4690768185888;23203.0959014893
23.4719933187526;20785.7487182617
23.4749098189165;24004.9091796875
23.4778263190803;18439.2372131348
23.4807428192442;24646.7054138184
23.4836593194081;18650.5346221924
23.4865758195719;35669.2559928894
23.4894923197358;30569.902961731
23.4924088198996;30551.2150154114
23.4953253200635;18174.3086204529
23.4982418202274;25264.0839385986
23.5011583203912;23093.1306838989
23.5040748205551;24212.6277179718
23.5069913207189;22635.5044937134
23.5099078208828;20064.8935470581
23.5128243210467;21985.0741195679
23.5157408212105;18729.9971961975
23.5186573213744;12592.2785949707
23.5215738215383;24130.7442932129
23.5244903217021;18697.9154682159
23.527406821866;14518.7923049927
23.5303233220298;15701.2417373657
23.5332398221937;15596.8354530334
23.5361563223576;16312.9600257874
23.5390728225214;14509.1628189087
23.5419893226853;21344.6246948242
23.5449058228491;31714.1700210571
23.547822323013;22350.4592266083
23.5507388231769;28890.4435119629
23.5536553233407;29320.6960048676
23.5565718235046;33010.4631214142
23.5594883236684;31217.171081543
23.5624048238323;21667.3041229248
23.5653213239962;19241.2275829315
23.56823782416;15587.6021118164
23.5711543243239;27883.9730072021
23.5740708244877;17012.8879528046
23.5769873246516;15257.1414031982
23.5799038248155;29587.4557418823
23.5828203249793;15165.4729309082
23.5857368251432;24463.5641689301
23.5886533253071;12241.1477622986
23.5915698254709;20723.1083068848
23.5944863256348;18420.3539466858
23.5974028257986;20425.8037796021
23.6003193259625;22430.6591339111
23.6032358261264;19958.5437393188
23.6061523262902;18225.1736106873
23.6090688264541;18106.2265644073
23.6119853266179;14678.7509727478
23.6149018267818;30003.4060058594
23.6178183269457;25857.7603759766
23.6207348271095;27370.7510643005
23.6236513272734;21087.6587963104
23.6265678274372;17710.5440673828
23.6294843276011;31046.9081993103
23.632400827765;32241.7717285156
23.6353173279288;29957.744392395
23.6382338280927;19550.5519065857
23.6411503282566;27768.1765174866
23.6440668284204;21392.2080745697
23.6469833285843;20630.4309501648
23.6498998287481;31026.9609985352
23.652816328912;25528.5067367554
23.6557328290759;35348.1056213379
23.6586493292397;26235.9516868591
23.6615658294036;32118.2447719574
23.6644823295674;22708.9334506989
23.6673988297313;23475.693359375
23.6703153298952;17306.3143024445
23.673231830059;31146.7076187134
23.6761483302229;36533.8835906982
23.6790648303867;17885.6533737183
23.6819813305506;17629.8045845032
23.6848978307145;21589.6179428101
23.6878143308783;21955.2607326508
23.6907308310422;43540.7847576141
23.693647331206;18719.5611915588
23.6965638313699;26458.2369995117
23.6994803315338;21263.1976928711
23.7023968316976;21990.6928749084
23.7053133318615;27877.2683906555
23.7082298320254;36492.802986145
23.7111463321892;29415.0361747742
23.7140628323531;26619.2609100342
23.7169793325169;17259.5729980469
23.7198958326808;39095.634979248
23.7228123328447;37725.6991443634
23.7257288330085;17269.0511722565
23.7286453331724;23010.7729644775
23.7315618333362;19973.6622676849
23.7344783335001;12004.9601249695
23.737394833664;16113.770652771
23.7403113338278;22400.862411499
23.7432278339917;22981.0446624756
23.7461443341555;35422.4836940765
23.7490608343194;21472.4628047943
23.7519773344833;23599.343536377
23.7548938346471;32837.6720046997
23.757810334811;19764.9625854492
23.7607268349748;18485.7912635803
23.7636433351387;29394.2310638428
23.7665598353026;28373.3753814697
23.7694763354664;16121.9073944092
23.7723928356303;37885.274520874
23.7753093357942;23837.9240436554
23.778225835958;16766.4734039307
23.7811423361219;28865.1069641113
23.7840588362857;23861.5728607178
23.7869753364496;23376.3988990784
23.7898918366135;30632.8856506348
23.7928083367773;24782.1470451355
23.7957248369412;26728.2767314911
23.798641337105;29009.2628211975
23.8015578372689;29845.2529907227
23.8044743374328;19788.1148910522
23.8073908375966;16225.6431598663
23.8103073377605;21192.045715332
23.8132238379243;19897.2453403473
23.8161403380882;11307.8646736145
23.8190568382521;20053.4941902161
23.8219733384159;18602.5737457275
23.8248898385798;20583.3666858673
23.8278063387436;20242.8188056946
23.8307228389075;25936.2968673706
23.8336393390714;33893.2076768875
23.8365558392352;26282.7709541321
23.8394723393991;37143.0503234863
23.842388839563;24621.7190666199
23.8453053397268;20373.9809341431
23.8482218398907;16852.5207214355
23.8511383400545;23652.7917480469
23.8540548402184;19888.7580680847
23.8569713403823;27607.1986255646
23.8598878405461;19517.4761734009
23.86280434071;19725.161365509
23.8657208408738;30112.2040863037
23.8686373410377;17635.5429801941
23.8715538412016;26069.0675678253
23.8744703413654;18913.3018798828
23.8773868415293;23913.2976226807
23.8803033416931;37549.7607822418
23.883219841857;43397.5956687927
23.8861363420209;19975.6156845093
23.8890528421847;19853.3148384094
23.8919693423486;24407.4852561951
23.8948858425125;31929.5424098969
23.8978023426763;40478.4412021637
23.9007188428402;24388.6664505005
23.903635343004;36139.8015480042
23.9065518431679;28288.2885837555
23.9094683433318;36200.278678894
23.9123848434956;37171.9689407349
23.9153013436595;34247.4267349243
23.9182178438233;27293.354385376
23.9211343439872;25858.6598739624
23.9240508441511;36416.760269165
23.9269673443149;32431.0760955811
23.9298838444788;44772.9238681793
23.9328003446426;37439.6099433899
23.9357168448065;41759.0730495453
23.9386333449704;30061.5758476257
23.9415498451342;31393.5584774017
23.9444663452981;27959.2980461121
23.9473828454619;40608.0585403442
23.9502993456258;25432.2976531982
23.9532158457897;31512.01978302
23.9561323459535;27071.999458313
23.9590488461174;22243.7662391663
23.9619653462813;40674.3910293579
23.9648818464451;25859.9981689453
23.967798346609;14216.3229446411
23.9707148467728;32627.9118995667
23.9736313469367;31220.4734725952
23.9765478471006;25470.4913711548
23.9794643472644;42003.1396942139
23.9823808474283;27352.618560791
23.9852973475921;23153.5173683167
23.988213847756;26848.9397506714
23.9911303479199;30401.6416454315
23.9940468480837;29716.6757507324
23.9969633482476;33239.7925071716
23.9998798484114;14346.4753036499
24.0027963485753;21284.987203598
24.0057128487392;31572.3339385986
24.008629348903;39551.262802124
24.0115458490669;24590.6130943298
24.0144623492307;32184.1091518402
24.0173788493946;27222.0806770325
24.0202953495585;29677.9082946777
24.0232118497223;38740.0009689331
24.0261283498862;35014.1725387573
24.0290448500501;14683.9032764435
24.0319613502139;29903.9728469849
24.0348778503778;29747.1042289734
24.0377943505416;30333.9568710327
24.0407108507055;49348.0039682388
24.0436273508694;20860.6876831055
24.0465438510332;34751.2861824036
24.0494603511971;29754.8559265137
24.0523768513609;27883.0573730469
24.0552933515248;39300.8011760712
24.0582098516887;35951.8032989502
24.0611263518525;34713.2723693848
24.0640428520164;30706.0149536133
24.0669593521802;25929.4604911804
24.0698758523441;34648.2854003906
24.072792352508;35408.5506134033
24.0757088526718;39289.090215683
24.0786253528357;31598.7152080536
24.0815418529996;33919.0705566406
24.0844583531634;37382.2901916504
24.0873748533273;37302.9998016357
24.0902913534911;38448.7470779419
24.093207853655;43824.0200805664
24.0961243538189;35704.2222499847
24.0990408539827;29929.7016658783
24.1019573541466;43510.7621994019
24.1048738543104;21797.6687698364
24.1077903544743;29629.5894317627
24.1107068546382;20595.3818435669
24.113623354802;45464.1817932129
24.1165398549659;38165.7071151733
24.1194563551297;36208.4196548462
24.1223728552936;26208.3308868408
24.1252893554575;22074.6325683594
24.1282058556213;22799.117389679
24.1311223557852;25479.174697876
24.134038855949;17139.8021678925
24.1369553561129;22775.1156730652
24.1398718562768;26933.381269455
24.1427883564406;20438.7211761475
24.1457048566045;39813.5050354004
24.1486213567683;24913.8983154297
24.1515378569322;26230.7432098389
24.1544543570961;24760.5107040405
24.1573708572599;33614.4074287415
24.1602873574238;40924.6919555664
24.1632038575877;17296.709487915
24.1661203577515;20666.616815567
24.1690368579154;32166.0695953369
24.1719533580792;27078.0326690674
24.1748698582431;22382.5131130219
24.177786358407;35253.2563381195
24.1807028585708;26700.4941768646
24.1836193587347;27728.0817642212
24.1865358588985;26422.3485488892
24.1894523590624;27129.3583374023
24.1923688592263;32596.4265556335
24.1952853593901;29363.0675640106
24.198201859554;26569.9528503418
24.2011183597178;26883.3783397675
24.2040348598817;34285.0546665192
24.2069513600456;32036.6143684387
24.2098678602094;20012.5819644928
24.2127843603733;33862.7161636353
24.2157008605372;25160.0546245575
24.218617360701;30526.8642597198
24.2215338608649;39332.417388916
24.2244503610287;45683.7747459412
24.2273668611926;28522.5406112671
24.2302833613565;21101.9224014282
24.2331998615203;29559.8510055542
24.2361163616842;35310.4744300842
24.239032861848;37175.758108139
24.2419493620119;43139.1049194336
24.2448658621758;34009.2950935364
24.2477823623396;35044.429107666
24.2506988625035;26697.5141601563
24.2536153626673;34325.8956508636
24.2565318628312;27754.7605361938
24.2594483629951;22737.1769542694
24.2623648631589;35106.6269760132
24.2652813633228;28114.9311180115
24.2681978634866;30542.9332695007
24.2711143636505;23293.2906570435
24.2740308638144;29594.3791751862
24.2769473639782;25875.915517807
24.2798638641421;24549.6480560303
24.282780364306;26399.4205951691
24.2856968644698;30935.8114318848
24.2886133646337;37606.2237892151
24.2915298647975;40384.835559845
24.2944463649614;41578.1220912933
24.2973628651253;15087.476644516
24.3002793652891;30349.3524246216
24.303195865453;27905.7019138336
24.3061123656168;30971.3459434509
24.3090288657807;24115.5720882416
24.3119453659446;31452.8384838104
24.3148618661084;42233.8665294647
24.3177783662723;29144.8452949524
24.3206948664361;35351.7878742218
24.3236113666;43817.6470489502
24.3265278667639;38361.1079330444
24.3294443669277;28017.6244945526
24.3323608670916;24487.0232543945
24.3352773672554;35980.4765472412
24.3381938674193;24916.5567016602
24.3411103675832;33962.6090984344
24.344026867747;39097.5404491425
24.3469433679109;28699.8484954834
24.3498598680748;29556.5959758759
24.3527763682386;38139.0094451904
24.3556928684025;13805.4908008575
24.3586093685663;31085.1139984131
24.3615258687302;41683.452665329
24.3644423688941;33394.4804229736
24.3673588690579;28207.3412017822
24.3702753692218;22321.4475860596
24.3731918693856;38026.8245849609
24.3761083695495;33465.2811813354
24.3790248697134;22460.5144748688
24.3819413698772;30628.0623435974
24.3848578700411;29939.3222942352
24.3877743702049;25356.882396698
24.3906908703688;35399.1471786499
24.3936073705327;30097.0270061493
24.3965238706965;31626.9655647278
24.3994403708604;26647.7536087036
24.4023568710242;24266.075050354
24.4052733711881;35479.5045661926
24.408189871352;36263.7468261719
24.4111063715158;13176.3071136475
24.4140228716797;33182.2764587402
24.4169393718436;13969.2979774475
24.4198558720074;26130.73072052
24.4227723721713;32500.7481765747
24.4256888723351;49244.1641120911
24.428605372499;28055.7989273071
24.4315218726629;26087.9723930359
24.4344383728267;36423.0491886139
24.4373548729906;39829.3601379395
24.4402713731544;27568.8867549896
24.4431878733183;42754.6850891113
24.4461043734822;38603.1959190369
24.449020873646;26287.5063934326
24.4519373738099;36378.1656723022
24.4548538739737;20896.6690368652
24.4577703741376;36027.7210845947
24.4606868743015;43140.1080169678
24.4636033744653;35247.0644283295
24.4665198746292;34157.6153945923
24.469436374793;27422.9837188721
24.4723528749569;54295.2765579224
24.4752693751208;22508.9232177734
24.4781858752846;35258.9437389374
24.4811023754485;37157.229637146
24.4840188756124;43198.1556930542
24.4869353757762;34367.1738243103
24.4898518759401;26221.1127853394
24.4927683761039;41011.2955780029
24.4956848762678;33598.7933425903
24.4986013764317;24681.0520401001
24.5015178765955;36232.1241378784
24.5044343767594;20790.9143199921
24.5073508769232;42160.9197540283
24.5102673770871;30154.5201797485
24.513183877251;32547.6292686462
24.5161003774148;29048.6874237061
24.5190168775787;36641.3521614075
24.5219333777425;32081.1365337372
24.5248498779064;38577.2892379761
24.5277663780703;38491.6003170013
24.5306828782341;31269.1490783691
24.533599378398;33901.9040279388
24.5365158785619;45816.7663421631
24.5394323787257;36534.584854126
24.5423488788896;26908.4973487854
24.5452653790534;42067.6669921875
24.5481818792173;35577.5108642578
24.5510983793812;38059.0940151215
24.554014879545;35341.2572021484
24.5569313797089;26103.7835083008
24.5598478798727;40884.6006851196
24.5627643800366;34459.8860149384
24.5656808802005;36226.9830551147
24.5685973803643;35669.8377456665
24.5715138805282;28865.6234130859
24.574430380692;32702.9072723389
24.5773468808559;35098.9492778778
24.5802633810198;43489.9694976807
24.5831798811836;37555.254776001
24.5860963813475;33879.22315979
24.5890128815113;31937.2920799255
24.5919293816752;36941.578332901
24.5948458818391;29000.9050750732
24.5977623820029;41246.020778656
24.6006788821668;29812.2269363403
24.6035953823307;23059.2263717651
24.6065118824945;32076.239074707
24.6094283826584;34851.7055892944
24.6123448828222;39480.4694423676
24.6152613829861;44226.0797290802
24.61817788315;32287.7934169769
24.6210943833138;40038.2422637939
24.6240108834777;25306.6991176605
24.6269273836415;29299.950876236
24.6298438838054;35810.6384220123
24.6327603839693;41805.4775428772
24.6356768841331;22017.0409030914
24.638593384297;35537.3928375244
24.6415098844608;46284.1559658051
24.6444263846247;36594.9475746155
24.6473428847886;32723.3003387451
24.6502593849524;42856.3535575867
24.6531758851163;35639.1798095703
24.6560923852801;29473.7718429565
24.659008885444;41236.7927856445
24.6619253856079;22932.0458831787
24.6648418857717;39374.5479927063
24.6677583859356;22506.1145629883
24.6706748860995;29226.8489379883
24.6735913862633;38995.7822036743
24.6765078864272;36016.7762908936
24.679424386591;43619.1668701172
24.6823408867549;30626.3018684387
24.6852573869188;32516.8321704865
24.6881738870826;34465.1815490723
24.6910903872465;29613.7945194244
24.6940068874103;25163.2857818604
24.6969233875742;23421.347454071
24.6998398877381;36708.0849609375
24.7027563879019;40014.2192230225
24.7056728880658;37078.2323284149
24.7085893882296;36868.5286712646
24.7115058883935;47198.0488300323
24.7144223885574;34270.0124454498
24.7173388887212;33687.2375144959
24.7202553888851;24595.93775177
24.7231718890489;31143.7969589233
24.7260883892128;36608.6469230652
24.7290048893767;40748.308177948
24.7319213895405;27187.224439621
24.7348378897044;28358.3571777344
24.7377543898683;49268.6414642334
24.7406708900321;33286.3206691742
24.743587390196;31745.2335224152
24.7465038903598;43721.3969783783
24.7494203905237;21728.5823364258
24.7523368906876;34000.0364494324
24.7552533908514;56350.3914642334
24.7581698910153;42700.0916519165
24.7610863911791;41835.0600013733
24.764002891343;43011.5099945068
24.7669193915069;16328.0654602051
24.7698358916707;27149.5718307495
24.7727523918346;29549.8746109009
24.7756688919984;32937.9664039612
24.7785853921623;27816.557094574
24.7815018923262;38638.5134353638
24.78441839249;37361.1194419861
24.7873348926539;27538.2823429108
24.7902513928178;30002.4499359131
24.7931678929816;21178.222951889
24.7960843931455;21714.232585907
24.7990008933093;26176.9314785004
24.8019173934732;33470.7247753143
24.8048338936371;39208.2366504669
24.8077503938009;34886.3661994934
24.8106668939648;43272.41456604
24.8135833941286;28942.6051483154
24.8164998942925;38568.9981994629
24.8194163944564;25897.0963420868
24.8223328946202;25584.910276413
24.8252493947841;36490.9279174805
24.8281658949479;30797.0437278748
24.8310823951118;31076.4742984772
24.8339988952757;50462.9678859711
24.8369153954395;34840.5784683228
24.8398318956034;31568.5812911987
24.8427483957672;30553.1183395386
24.8456648959311;33507.1579360962
24.848581396095;45004.1594238281
24.8514978962588;37831.5277671814
24.8544143964227;33923.0336208344
24.8573308965866;33507.7577667236
24.8602473967504;39326.8443832397
24.8631638969143;38646.3241271973
24.8660803970781;38896.7357177734
24.868996897242;56524.8842906952
24.8719133974059;41767.0458183289
24.8748298975697;24771.6220855713
24.8777463977336;26766.6857376099
24.8806628978974;31769.2207546234
24.8835793980613;30181.0811309814
24.8864958982252;40211.227678299
24.889412398389;31737.5516204834
24.8923288985529;37534.1273756027
24.8952453987167;32236.4742870331
24.8981618988806;44148.3213043213
24.9010783990445;33105.6491470337
24.9039948992083;39865.1298446655
24.9069113993722;39949.7150726318
24.909827899536;29941.2789916992
24.9127443996999;35834.4572963715
24.9156608998638;35071.0552749634
24.9185774000276;27459.1310462952
24.9214939001915;32966.5968513489
24.9244104003554;30690.1516494751
24.9273269005192;30672.4747409821
24.9302434006831;36515.7751579285
24.9331599008469;50529.6584796906
24.9360764010108;35597.2186431885
24.9389929011747;36197.5496368408
24.9419094013385;32641.151386261
24.9448259015024;37971.6345252991
24.9477424016662;37940.4551906586
24.9506589018301;38202.7892303467
24.953575401994;48068.5726909637
24.9564919021578;55289.0740566254
24.9594084023217;44290.6094474792
24.9623249024855;61530.969367981
24.9652414026494;62572.5694103241
24.9681579028133;47969.0161933899
24.9710744029771;55043.2768039703
24.973990903141;55595.0811347961
24.9769074033049;67521.0099945068
24.9798239034687;39463.4719314575
24.9827404036326;38140.8786849976
24.9856569037964;47888.4688816071
24.9885734039603;47191.6219863892
24.9914899041242;48939.9475765228
24.994406404288;48265.1616973877
24.9973229044519;40394.5261306763
25.0002394046157;60036.8771057129
25.0031559047796;55455.0604553223
25.0060724049435;51694.874420166
25.0089889051073;41043.4244270325
25.0119054052712;57735.890460968
25.014821905435;37266.8506088257
25.0177384055989;36461.8173027039
25.0206549057628;43833.7567024231
25.0235714059266;38279.8416652679
25.0264879060905;40411.203414917
25.0294044062543;44811.1033935547
25.0323209064182;44115.9176025391
25.0352374065821;44847.208946228
25.0381539067459;41710.4768791199
25.0410704069098;35810.8775634766
25.0439869070736;62351.8417396545
25.0469034072375;39180.0083694458
25.0498199074014;30997.5854492188
25.0527364075652;45793.0041236877
25.0556529077291;56135.487449646
25.058569407893;43969.9549407959
25.0614859080568;35087.0419845581
25.0644024082207;41102.6978816986
25.0673189083845;26701.349029541
25.0702354085484;27983.0692844391
25.0731519087123;32772.1121673584
25.0760684088761;39562.2007446289
25.07898490904;44776.0412349701
25.0819014092038;40427.8854904175
25.0848179093677;34380.0969848633
25.0877344095316;41616.3092327118
25.0906509096954;40045.6398944855
25.0935674098593;50190.1235256195
25.0964839100231;42550.2074584961
25.099400410187;43281.1256427765
25.1023169103509;43957.9787597656
25.1052334105147;38110.4326534271
25.1081499106786;32250.3160629272
25.1110664108425;41498.223443985
25.1139829110063;32427.2892856598
25.1168994111702;46966.7737693787
25.119815911334;38424.0969829559
25.1227324114979;55105.7115821838
25.1256489116618;42362.779882431
25.1285654118256;38222.956823349
25.1314819119895;34302.2183227539
25.1343984121533;55153.7391929626
25.1373149123172;31892.5757045746
25.1402314124811;51756.1241111755
25.1431479126449;50514.733341217
25.1460644128088;37975.3319892883
25.1489809129726;32928.406414032
25.1518974131365;45152.4787826538
25.1548139133004;37906.997423172
25.1577304134642;34812.7971172333
25.1606469136281;34612.9733734131
25.1635634137919;44798.8377189636
25.1664799139558;33033.8954086304
25.1693964141197;48629.1467437744
25.1723129142835;33821.072933197
25.1752294144474;52873.384469986
25.1781459146113;57359.2467460632
25.1810624147751;47011.3110656738
25.183978914939;36715.8832683563
25.1868954151028;62520.7350120544
25.1898119152667;51730.3620605469
25.1927284154306;24968.7383480072
25.1956449155944;43131.9828948975
25.1985614157583;41464.175163269
25.2014779159221;51210.2082633972
25.204394416086;43047.3490943909
25.2073109162499;43490.7564086914
25.2102274164137;37995.4158096313
25.2131439165776;33466.2758102417
25.2160604167414;47180.8533420563
25.2189769169053;27488.7333850861
25.2218934170692;40723.5645561218
25.224809917233;42702.8659744263
25.2277264173969;35281.7723255157
25.2306429175607;37823.590133667
25.2335594177246;42496.9246311188
25.2364759178885;29863.3188037872
25.2393924180523;46418.890378952
25.2423089182162;38437.9145412445
25.2452254183801;49282.1321105957
25.2481419185439;33605.0433254242
25.2510584187078;30552.9912071228
25.2539749188716;43899.9306316376
25.2568914190355;38573.2316131592
25.2598079191994;26136.8957443237
25.2627244193632;21187.0858840942
25.2656409195271;26411.4157714844
25.2685574196909;31706.6014099121
25.2714739198548;50179.7165031433
25.2743904200187;53087.6837215424
25.2773069201825;37111.492805481
25.2802234203464;38902.9543380737
25.2831399205102;21952.8235836029
25.2860564206741;46418.249671936
25.288972920838;34878.9367733002
25.2918894210018;24160.0949325562
25.2948059211657;30789.4243621826
25.2977224213295;39860.6319046021
25.3006389214934;37008.7034816742
25.3035554216573;27194.7335891724
25.3064719218211;49440.5195198059
25.309388421985;36624.992401123
25.3123049221489;34243.5087852478
25.3152214223127;40737.2886238098
25.3181379224766;25372.9550170898
25.3210544226404;32282.1682815552
25.3239709228043;40405.4854450226
25.3268874229682;32743.813079834
25.329803923132;36321.1958618164
25.3327204232959;36689.8952636719
25.3356369234597;45368.6269569397
25.3385534236236;42961.2796592712
25.3414699237875;45205.6290073395
25.3443864239513;28192.9404640198
25.3473029241152;27976.3689842224
25.350219424279;39218.7750511169
25.3531359244429;42345.7874145508
25.3560524246068;30664.6866073608
25.3589689247706;46402.7099533081
25.3618854249345;48842.7154331207
25.3648019250983;39944.4233398438
25.3677184252622;44349.8903160095
25.3706349254261;30698.1442775726
25.3735514255899;45653.2749938965
25.3764679257538;34717.7786521912
25.3793844259177;35501.5624217987
25.3823009260815;21968.3757133484
25.3852174262454;38602.4121837616
25.3881339264092;35229.8235626221
25.3910504265731;26657.5267505646
25.393966926737;39532.2230262756
25.3968834269008;41521.8158988953
25.3997999270647;35368.819770813
25.4027164272285;24008.8269538879
25.4056329273924;37278.4297142029
25.4085494275563;35280.6256027222
25.4114659277201;42897.9907989502
25.414382427884;38616.7754955292
25.4172989280478;29837.1320419312
25.4202154282117;54209.719039917
25.4231319283756;26793.654882431
25.4260484285394;41122.2099609375
25.4289649287033;48034.6241226196
25.4318814288672;39177.8859825134
25.434797929031;38671.7952251434
25.4377144291949;41939.1016349792
25.4406309293587;39816.7105789185
25.4435474295226;58272.8670349121
25.4464639296865;44288.3824005127
25.4493804298503;46715.2073040009
25.4522969300142;37551.5505123138
25.455213430178;41156.2321357727
25.4581299303419;47172.5918827057
25.4610464305058;47002.8630924225
25.4639629306696;50368.0892486572
25.4668794308335;43658.5451450348
25.4697959309973;49282.5057296753
25.4727124311612;51386.0449256897
25.4756289313251;46776.1374473572
25.4785454314889;41795.7839889526
25.4814619316528;48242.4323425293
25.4843784318166;52655.430015564
25.4872949319805;41501.5603837967
25.4902114321444;51653.3934822083
25.4931279323082;57575.1806793213
25.4960444324721;53356.3006591797
25.498960932636;52338.0958213806
25.5018774327998;44171.3281898499
25.5047939329637;53474.5850696564
25.5077104331275;33210.371307373
25.5106269332914;40174.5943450928
25.5135434334553;42496.6629447937
25.5164599336191;44765.3281669617
25.519376433783;44933.0323181152
25.5222929339468;45438.4493274689
25.5252094341107;31087.6229381561
25.5281259342746;77678.4771060944
25.5310424344384;38871.5924243927
25.5339589346023;42592.2942829132
25.5368754347661;38830.1324691772
25.53979193493;33919.9351177216
25.5427084350939;32501.8835010529
25.5456249352577;41289.4812812805
25.5485414354216;34578.628200531
25.5514579355854;37259.8975219727
25.5543744357493;49131.1889457703
25.5572909359132;37313.7923259735
25.560207436077;36034.0958709717
25.5631239362409;45293.5848236084
25.5660404364048;39788.5698699951
25.5689569365686;33198.234375
25.5718734367325;38976.6811676025
25.5747899368963;39191.7687358856
25.5777064370602;42154.8294086456
25.5806229372241;37883.4728393555
25.5835394373879;36110.7579460144
25.5864559375518;35429.0690002441
25.5893724377156;52728.0178108215
25.5922889378795;40408.5801200867
25.5952054380434;32812.7916526794
25.5981219382072;38604.7919692993
25.6010384383711;35174.5427684784
25.6039549385349;36842.334690094
25.6068714386988;43502.2890739441
25.6097879388627;45418.4958667755
25.6127044390265;53007.5447692871
25.6156209391904;29136.6031570435
25.6185374393542;46175.420501709
25.6214539395181;55945.6732521057
25.624370439682;60035.461730957
25.6272869398458;46511.7481861115
25.6302034400097;48999.3453903198
25.6331199401736;35307.1956710815
25.6360364403374;30911.7773742676
25.6389529405013;45528.9868469238
25.6418694406651;56262.7672863007
25.644785940829;40640.3348121643
25.6477024409929;34857.8192977905
25.6506189411567;37281.2894897461
25.6535354413206;25563.9209098816
25.6564519414844;40473.1372528076
25.6593684416483;49913.0118103027
25.6622849418122;30258.2259311676
25.665201441976;47061.5390892029
25.6681179421399;35928.7014884949
25.6710344423037;34813.8413696289
25.6739509424676;45754.8147659302
25.6768674426315;62801.4645767212
25.6797839427953;43097.36328125
25.6827004429592;42098.2996826172
25.6856169431231;39404.4134197235
25.6885334432869;41022.1493301392
25.6914499434508;45708.7999362946
25.6943664436146;44654.8180065155
25.6972829437785;27821.0226097107
25.7001994439424;34202.3272285461
25.7031159441062;39300.697063446
25.7060324442701;55069.4008483887
25.7089489444339;64658.8802700043
25.7118654445978;29571.9978179932
25.7147819447617;58230.0391845703
25.7176984449255;38717.6979217529
25.7206149450894;44589.8938293457
25.7235314452532;46088.4550590515
25.7264479454171;50941.5507164001
25.729364445581;29966.9045028687
25.7322809457448;34446.7994976044
25.7351974459087;42764.7757415771
25.7381139460725;47949.2319793701
25.7410304462364;48174.6124362946
25.7439469464003;50951.4580688477
25.7468634465641;44165.6834945679
25.749779946728;40534.0583572388
25.7526964468919;45001.5746078491
25.7556129470557;28865.1797122955
25.7585294472196;43159.0749588013
25.7614459473834;58737.9431095123
25.7643624475473;40823.6792964935
25.7672789477112;44122.0059280396
25.770195447875;51136.4041671753
25.7731119480389;33821.8687973022
25.7760284482027;34584.2891578674
25.7789449483666;37054.6546859741
25.7818614485305;41159.2323074341
25.7847779486943;31024.0548095703
25.7876944488582;47487.1326446533
25.790610949022;37817.8800640106
25.7935274491859;40703.0806846619
25.7964439493498;39583.051782608
25.7993604495136;38093.6422901154
25.8022769496775;29335.1889476776
25.8051934498413;47447.8616104126
25.8081099500052;40465.2828235626
25.8110264501691;56300.6671981812
25.8139429503329;46697.5853614807
25.8168594504968;41740.0518951416
25.8197759506607;45151.6029891968
25.8226924508245;50663.9888591766
25.8256089509884;42227.2403488159
25.8285254511522;54809.5808830261
25.8314419513161;41392.948135376
25.83435845148;44492.9145736694
25.8372749516438;39450.1435508728
25.8401914518077;51672.5789928436
25.8431079519715;38509.3299102783
25.8460244521354;36249.0570964813
25.8489409522993;40555.72905159
25.8518574524631;30275.9832954407
25.854773952627;26188.1988143921
25.8576904527908;51866.9804859161
25.8606069529547;33600.8009796143
25.8635234531186;38392.4738502502
25.8664399532824;31368.92735672
25.8693564534463;45692.26171875
25.8722729536102;48224.5145664215
25.875189453774;30246.8156280518
25.8781059539379;49991.9196777344
25.8810224541017;32708.0378227234
25.8839389542656;50464.2836265564
25.8868554544295;24606.9861183167
25.8897719545933;36637.2499008179
25.8926884547572;53793.6709747314
25.895604954921;32952.480594635
25.8985214550849;30721.1771430969
25.9014379552488;42784.5345611572
25.9043544554126;33876.0037975311
25.9072709555765;59962.1579341888
25.9101874557403;51531.7624645233
25.9131039559042;35331.0087509155
25.9160204560681;47127.0551071167
25.9189369562319;60587.9973487854
25.9218534563958;59843.1808319092
25.9247699565596;62214.2446651459
25.9276864567235;55912.125
25.9306029568874;65986.3518409729
25.9335194570512;54328.6973056793
25.9364359572151;64701.8984680176
25.9393524573789;66641.6173915863
25.9422689575428;74271.2212104797
25.9451854577067;75078.3161659241
25.9481019578705;103712.512638092
25.9510184580344;84890.8026504517
25.9539349581983;75822.5552902222
25.9568514583621;79262.5911140442
25.959767958526;65959.830657959
25.9626844586898;86048.827507019
25.9656009588537;69949.1543178558
25.9685174590176;63727.5897579193
25.9714339591814;68762.9638900757
25.9743504593453;67051.4428482056
25.9772669595091;57857.4686565399
25.980183459673;57557.8869075775
25.9830999598369;68965.8118553162
25.9860164600007;71178.9563732147
25.9889329601646;67698.3950080872
25.9918494603284;58622.4624042511
25.9947659604923;65876.8394203186
25.9976824606562;61233.443031311
26.00059896082;39583.0899772644
26.0035154609839;72313.4565048218
26.0064319611478;56235.9155349731
26.0093484613116;65195.3508033752
26.0122649614755;49730.6331577301
26.0151814616393;48292.4367179871
26.0180979618032;51833.4540138245
26.0210144619671;39321.582244873
26.0239309621309;47339.2558059692
26.0268474622948;68321.9219017029
26.0297639624586;59842.49650383
26.0326804626225;45580.4445037842
26.0355969627864;68491.1369552612
26.0385134629502;41777.7978248596
26.0414299631141;51279.1104640961
26.0443464632779;59505.7626590729
26.0472629634418;57308.2117805481
26.0501794636057;44128.8970241547
26.0530959637695;37262.7336959839
26.0560124639334;50847.4463539124
26.0589289640972;54846.3267936707
26.0618454642611;56515.211265564
26.064761964425;44664.4406890869
26.0676784645888;38447.9257507324
26.0705949647527;52085.8249053955
26.0735114649166;55444.8454360962
26.0764279650804;52478.3245410919
26.0793444652443;55276.1248168945
26.0822609654081;29483.8003501892
26.085177465572;45836.9631614685
26.0880939657359;59034.0209903717
26.0910104658997;48196.5312137604
26.0939269660636;54311.557258606
26.0968434662274;55123.9351768494
26.0997599663913;58140.0334529877
26.1026764665552;48232.4487228394
26.105592966719;56932.1319732666
26.1085094668829;54401.3899364471
26.1114259670467;46883.5144004822
26.1143424672106;48467.4578437805
26.1172589673745;57392.5280208588
26.1201754675383;63794.3901863098
26.1230919677022;44625.080083847
26.126008467866;53857.7914047241
26.1289249680299;45709.9659786224
26.1318414681938;56290.3435878754
26.1347579683576;46136.7445526123
26.1376744685215;50524.7386322021
26.1405909686854;46294.4076347351
26.1435074688492;42036.8000507355
26.1464239690131;68602.3952178955
26.1493404691769;47179.3595275879
26.1522569693408;45588.512140274
26.1551734695047;50866.4674453735
26.1580899696685;42714.4875259399
26.1610064698324;48031.575963974
26.1639229699962;47674.1989364624
26.1668394701601;45102.9695491791
26.169755970324;59333.72382164
26.1726724704878;41236.2023239136
26.1755889706517;58116.6403274536
26.1785054708155;51082.3645706177
26.1814219709794;39322.9234008789
26.1843384711433;43678.6548080444
26.1872549713071;59326.3762130737
26.190171471471;45608.2402992249
26.1930879716348;61501.2470626831
26.1960044717987;51990.7651901245
26.1989209719626;53460.7195301056
26.2018374721264;35856.7350616455
26.2047539722903;42135.1182556152
26.2076704724542;48483.966211319
26.210586972618;54698.6788101196
26.2135034727819;80369.1915950775
26.2164199729457;56953.9937114716
26.2193364731096;46035.1679840088
26.2222529732735;64485.0625686646
26.2251694734373;44832.3940849304
26.2280859736012;45486.1762542725
26.231002473765;51890.6479454041
26.2339189739289;58815.2819671631
26.2368354740928;52692.8276596069
26.2397519742566;55003.9622039795
26.2426684744205;53593.5360336304
26.2455849745843;44308.449344635
26.2485014747482;55527.2216300964
26.2514179749121;52079.1096191406
26.2543344750759;48044.2370834351
26.2572509752398;37688.3751907349
26.2601674754036;51871.0996551514
26.2630839755675;58569.3247871399
26.2660004757314;28670.4933700562
26.2689169758952;34476.8782119751
26.2718334760591;41469.7850799561
26.274749976223;57368.2032318115
26.2776664763868;42585.6748085022
26.2805829765507;47246.1258850098
26.2834994767145;39608.2373390198
26.2864159768784;42607.3827400208
26.2893324770423;47983.5039768219
26.2922489772061;51167.0559558868
26.29516547737;38982.3718948364
26.2980819775338;51313.717092514
26.3009984776977;44365.5254573822
26.3039149778616;50914.5697631836
26.3068314780254;49721.7736663818
26.3097479781893;54825.9173431396
26.3126644783531;43538.6741580963
26.315580978517;69067.9853897095
26.3184974786809;38992.5489425659
26.3214139788447;45382.6570549011
26.3243304790086;48200.1999015808
26.3272469791725;45112.5480213165
26.3301634793363;53542.4709892273
26.3330799795002;55831.6983451843
26.335996479664;41411.395529747
26.3389129798279;56289.8250160217
26.3418294799918;39066.994228363
26.3447459801556;44430.7561378479
26.3476624803195;54337.7192420959
26.3505789804833;38389.6507759094
26.3534954806472;68718.1594696045
26.3564119808111;51487.6180400848
26.3593284809749;56711.510887146
26.3622449811388;43852.9042854309
26.3651614813026;52755.4765357971
26.3680779814665;52490.6379508972
26.3709944816304;53627.8074321747
26.3739109817942;55199.3356933594
26.3768274819581;45262.3578262329
26.3797439821219;37796.5592823029
26.3826604822858;50437.2090454102
26.3855769824497;65325.8395080566
26.3884934826135;49325.3196277618
26.3914099827774;44715.4182128906
26.3943264829413;54013.3686828613
26.3972429831051;54548.2232131958
26.400159483269;56566.855758667
26.4030759834328;57747.7285728455
26.4059924835967;42484.6453742981
26.4089089837606;39229.1654129028
26.4118254839244;56911.0027618408
26.4147419840883;50495.1052970886
26.4176584842521;54689.1252212524
26.420574984416;36637.3449306488
26.4234914845799;58347.9131126404
26.4264079847437;42080.3518848419
26.4293244849076;68732.3384990692
26.4322409850714;50458.8198375702
26.4351574852353;49776.2271308899
26.4380739853992;50242.5420265198
26.440990485563;54983.9182338715
26.4439069857269;79498.4482574463
26.4468234858907;35962.5450382233
26.4497399860546;49735.7639961243
26.4526564862185;57639.1693878174
26.4555729863823;53952.8498382568
26.4584894865462;68816.5882415771
26.4614059867101;64322.2105884552
26.4643224868739;59991.4182376862
26.4672389870378;54196.2061843872
26.4701554872016;50112.624130249
26.4730719873655;43786.4873847961
26.4759884875294;49252.7956428528
26.4789049876932;59255.4995346069
26.4818214878571;57938.9181118011
26.4847379880209;42865.832862854
26.4876544881848;49051.9268493652
26.4905709883487;56958.4059066772
26.4934874885125;56389.620552063
26.4964039886764;43933.5887584686
26.4993204888402;42041.5735931396
26.5022369890041;66186.2471237183
26.505153489168;68866.0715141296
26.5080699893318;41642.8620109558
26.5109864894957;54724.3130970001
26.5139029896595;52101.7015323639
26.5168194898234;48194.9723472595
26.5197359899873;48677.36901474
26.5226524901511;56707.9308948517
26.525568990315;32306.0283279419
26.5284854904789;75125.4842720032
26.5314019906427;62578.4156684875
26.5343184908066;60062.5836582184
26.5372349909704;80452.0251464844
26.5401514911343;47921.9289550781
26.5430679912982;45002.1963233948
26.545984491462;55545.7797603607
26.5489009916259;59693.3871517181
26.5518174917897;62593.1449069977
26.5547339919536;50408.0747756958
26.5576504921175;60938.1003990173
26.5605669922813;67742.2541770935
26.5634834924452;52190.5327396393
26.566399992609;61550.3589019775
26.5693164927729;42584.5276031494
26.5722329929368;56336.5580444336
26.5751494931006;57620.9682865143
26.5780659932645;58896.0871772766
26.5809824934284;65889.7662124634
26.5838989935922;86402.0717086792
26.5868154937561;100732.112005234
26.5897319939199;56137.2036590576
26.5926484940838;62716.1104660034
26.5955649942477;67895.5815811157
26.5984814944115;64432.5435142517
26.6013979945754;66737.3134078979
26.6043144947392;68142.5775222778
26.6072309949031;75165.2233161926
26.610147495067;74088.7664413452
26.6130639952308;46731.4163322449
26.6159804953947;72632.5261535645
26.6188969955585;61144.3510780334
26.6218134957224;69166.8012065887
26.6247299958863;58617.1747875214
26.6276464960501;64996.5328445435
26.630562996214;58498.0536994934
26.6334794963778;60149.0252304077
26.6363959965417;76167.7799930573
26.6393124967056;71301.3794059753
26.6422289968694;47764.5501747131
26.6451454970333;58777.7877235413
26.6480619971972;42572.2361068726
26.650978497361;53129.041885376
26.6538949975249;52278.3877315521
26.6568114976887;48313.0920982361
26.6597279978526;60177.8950538635
26.6626444980165;51978.3537712097
26.6655609981803;74485.692155838
26.6684774983442;51589.0956058502
26.671393998508;72517.7686080933
26.6743104986719;52309.4994430542
26.6772269988358;60109.9106769562
26.6801434989996;63995.0183181763
26.6830599991635;52775.4001083374
26.6859764993273;70714.1128005981
26.6888929994912;74342.5699386597
26.6918094996551;69395.3678455353
26.6947259998189;67680.5738754272
26.6976424999828;49776.9102725983
26.7005590001466;65278.0734939575
26.7034755003105;49926.3622932434
26.7063920004744;52753.0466747284
26.7093085006382;40242.0490398407
26.7122250008021;77171.4986572266
26.715141500966;57441.1196956635
26.7180580011298;55168.5906829834
26.7209745012937;50113.6478118896
26.7238910014575;54734.724565506
26.7268075016214;55457.7654037476
26.7297240017853;57067.4022064209
26.7326405019491;66241.7162742615
26.735557002113;70102.2001361847
26.7384735022768;46122.4951629639
26.7413900024407;56347.6398239136
26.7443065026046;53677.7509536743
26.7472230027684;57103.1465187073
26.7501395029323;70245.2329101563
26.7530560030961;53836.6750659943
26.75597250326;48079.2109413147
26.7588890034239;73410.1215400696
26.7618055035877;51361.745513916
26.7647220037516;60890.0908050537
26.7676385039155;61397.5708789825
26.7705550040793;58243.2119102478
26.7734715042432;62470.5231895447
26.776388004407;60857.9564971924
26.7793045045709;67552.4447784424
26.7822210047348;69364.3299274445
26.7851375048986;58824.8743190765
26.7880540050625;45385.4557094574
26.7909705052263;66478.7615509033
26.7938870053902;52334.8396587372
26.7968035055541;69976.8307685852
26.7997200057179;48808.6242580414
26.8026365058818;63597.486158371
26.8055530060456;61159.056137085
26.8084695062095;49679.6026134491
26.8113860063734;65507.6402893066
26.8143025065372;54206.8836021423
26.8172190067011;54841.1836681366
26.8201355068649;69540.8708343506
26.8230520070288;63065.7397460938
26.8259685071927;69442.9027404785
26.8288850073565;59101.3036804199
26.8318015075204;58047.3231506348
26.8347180076842;55942.512260437
26.8376345078481;56624.9812545776
26.840551008012;48407.3352203369
26.8434675081758;64949.9790363312
26.8463840083397;61465.8940143585
26.8493005085036;73624.6260375977
26.8522170086674;48481.7093982697
26.8551335088313;69574.0100231171
26.8580500089951;54897.2590026855
26.860966509159;49834.9448394775
26.8638830093229;73336.1723613739
26.8667995094867;71243.0051078796
26.8697160096506;67238.9800701141
26.8726325098144;73468.4416503906
26.8755490099783;75271.7201957703
26.8784655101422;82531.3002662659
26.881382010306;69810.428812027
26.8842985104699;76689.8919887543
26.8872150106337;74404.7820205688
26.8901315107976;87333.1508636475
26.8930480109615;71876.8099155426
26.8959645111253;65713.2140655518
26.8988810112892;64192.8859786987
26.9017975114531;72320.5432090759
26.9047140116169;75278.5044593811
26.9076305117808;88167.8897724152
26.9105470119446;77075.5770339966
26.9134635121085;74566.3310089111
26.9163800122724;71618.9867401123
26.9192965124362;63339.4776878357
26.9222130126001;59698.4807624817
26.9251295127639;71349.7286453247
26.9280460129278;65416.2466583252
26.9309625130917;76358.9953517914
26.9338790132555;78027.2954101563
26.9367955134194;62961.4989452362
26.9397120135832;76518.5215206146
26.9426285137471;74171.579875946
26.945545013911;79474.5091114044
26.9484615140748;60876.348072052
26.9513780142387;53396.1978759766
26.9542945144025;67784.1472854614
26.9572110145664;76960.8204956055
26.9601275147303;75654.1886405945
26.9630440148941;69422.4386138916
26.965960515058;62570.6163368225
26.9688770152219;62141.0780105591
26.9717935153857;62841.0260295868
26.9747100155496;67833.185333252
26.9776265157134;64489.7967395782
26.9805430158773;62735.3943958282
26.9834595160412;53511.1266670227
26.986376016205;54419.6360645294
26.9892925163689;46582.3055839539
26.9922090165327;64872.4980010986
26.9951255166966;64881.5233078003
26.9980420168605;68722.351770401
27.0009585170243;74653.0009155273
27.0038750171882;66032.7650299072
27.006791517352;61742.7298488617
27.0097080175159;56566.577911377
27.0126245176798;80078.1683101654
27.0155410178436;92398.0408935547
27.0184575180075;54954.7419490814
27.0213740181713;64378.1097717285
27.0242905183352;79983.5975456238
27.0272070184991;61741.5962753296
27.0301235186629;66764.5085830688
27.0330400188268;82895.6301651001
27.0359565189907;64351.3296470642
27.0388730191545;57555.7734069824
27.0417895193184;61828.7377471924
27.0447060194822;59117.6540737152
27.0476225196461;88247.0757217407
27.05053901981;70455.6360340118
27.0534555199738;67093.1650695801
27.0563720201377;40574.6229553223
27.0592885203015;75407.8405761719
27.0622050204654;69088.3593292236
27.0651215206293;72228.6913604736
27.0680380207931;87958.1019096375
27.070954520957;59187.3122329712
27.0738710211208;75287.6235809326
27.0767875212847;65058.279964447
27.0797040214486;94252.6599159241
27.0826205216124;50024.8497695923
27.0855370217763;72702.1658325195
27.0884535219401;65396.9074344635
27.091370022104;45754.5244731903
27.0942865222679;55672.1510620117
27.0972030224317;69360.3177776337
27.1001195225956;75595.7911491394
27.1030360227595;60371.5380973816
27.1059525229233;73098.2071475983
27.1088690230872;55617.6895675659
27.111785523251;71994.5915431976
27.1147020234149;73487.739938736
27.1176185235788;75673.0741653442
27.1205350237426;80776.2298030853
27.1234515239065;73245.443271637
27.1263680240703;59619.7821388245
27.1292845242342;68776.4436302185
27.1322010243981;67841.7585220337
27.1351175245619;62134.6053657532
27.1380340247258;62564.4494361877
27.1409505248896;68329.4686737061
27.1438670250535;67250.5938148499
27.1467835252174;56166.9440307617
27.1497000253812;62539.433467865
27.1526165255451;64730.4858036041
27.1555330257089;95875.4619998932
27.1584495258728;59998.3838348389
27.1613660260367;58981.8911647797
27.1642825262005;69722.037689209
27.1671990263644;57596.6985855103
27.1701155265283;72106.4272480011
27.1730320266921;64499.3287944794
27.175948526856;47953.13671875
27.1788650270198;77420.8152008057
27.1817815271837;65074.151927948
27.1846980273476;65237.7031421661
27.1876145275114;66724.0021286011
27.1905310276753;75647.2012405396
27.1934475278391;59716.2374782562
27.196364028003;59750.4058227539
27.1992805281669;76662.3885250092
27.2021970283307;68408.3018531799
27.2051135284946;55178.6546897888
27.2080300286584;60239.1543121338
27.2109465288223;70766.4323406219
27.2138630289862;71190.3456859589
27.21677952915;79538.3183517456
27.2196960293139;68704.1331443787
27.2226125294778;47408.6032867432
27.2255290296416;65290.3995609283
27.2284455298055;71246.1657810211
27.2313620299693;49552.6143627167
27.2342785301332;58900.2468509674
27.2371950302971;62490.9425945282
27.2401115304609;68756.3208255768
27.2430280306248;45671.2108078003
27.2459445307886;67020.3402557373
27.2488610309525;75847.4942264557
27.2517775311164;65000.1041526794
27.2546940312802;70066.8264884949
27.2576105314441;56281.4068717957
27.2605270316079;67692.9133682251
27.2634435317718;71574.8493423462
27.2663600319357;63545.8137207031
27.2692765320995;60528.6916885376
27.2721930322634;64468.9067897797
27.2751095324272;89280.2357082367
27.2780260325911;73989.7574043274
27.280942532755;72977.5491752625
27.2838590329188;58530.1216983795
27.2867755330827;57381.4943313599
27.2896920332466;91258.3515625
27.2926085334104;47217.1545734406
27.2955250335743;59412.9926376343
27.2984415337381;59268.3986663818
27.301358033902;66310.207824707
27.3042745340659;55277.9249248505
27.3071910342297;83508.6109428406
27.3101075343936;72802.9901313782
27.3130240345574;81303.3257217407
27.3159405347213;60867.0292816162
27.3188570348852;92308.5918598175
27.321773535049;63779.4158630371
27.3246900352129;87567.7719697952
27.3276065353767;56978.347946167
27.3305230355406;60255.9266700745
27.3334395357045;68295.6206817627
27.3363560358683;92002.1970558167
27.3392725360322;66888.5969390869
27.342189036196;72414.2674560547
27.3451055363599;58335.2527732849
27.3480220365238;62016.2942657471
27.3509385366876;55419.6216526031
27.3538550368515;54500.3618392944
27.3567715370154;55475.2696056366
27.3596880371792;59617.8974094391
27.3626045373431;67362.0438327789
27.3655210375069;58489.8590049744
27.3684375376708;68802.939491272
27.3713540378347;60322.682970047
27.3742705379985;57839.3864860535
27.3771870381624;64712.8291339874
27.3801035383262;55782.5304412842
27.3830200384901;63523.45703125
27.385936538654;64020.259967804
27.3888530388178;71513.8214492798
27.3917695389817;66056.6266860962
27.3946860391455;45775.9702987671
27.3976025393094;74153.1083145142
27.4005190394733;76939.7418556213
27.4034355396371;62744.7278766632
27.406352039801;63648.3035049438
27.4092685399648;70789.5990352631
27.4121850401287;72560.1861858368
27.4151015402926;76771.1172370911
27.4180180404564;66253.7721042633
27.4209345406203;61675.1400680542
27.4238510407842;79859.1916732788
27.426767540948;63209.5995769501
27.4296840411119;85255.7670001984
27.4326005412757;63663.1866226196
27.4355170414396;68293.7727947235
27.4384335416035;67205.9605102539
27.4413500417673;84241.363275528
27.4442665419312;59419.2336826324
27.447183042095;62951.5937900543
27.4500995422589;60554.9268550873
27.4530160424228;63785.6002559662
27.4559325425866;72537.6066207886
27.4588490427505;57556.7375984192
27.4617655429143;51019.1673049927
27.4646820430782;69185.5200653076
27.4675985432421;68267.5800876617
27.4705150434059;88814.1553497314
27.4734315435698;64034.2176647186
27.4763480437337;74176.8343544006
27.4792645438975;64320.1278171539
27.4821810440614;74304.8339443207
27.4850975442252;69047.9166431427
27.4880140443891;62221.2704029083
27.490930544553;59595.9915332794
27.4938470447168;69481.5653076172
27.4967635448807;73175.7070789337
27.4996800450445;92470.6567077637
27.5025965452084;90843.8729896545
27.5055130453723;64997.4559135437
27.5084295455361;74367.5233230591
27.5113460457;64928.0066738129
27.5142625458638;82665.6732139587
27.5171790460277;77099.1662902832
27.5200955461916;85107.4692001343
27.5230120463554;67670.869562149
27.5259285465193;100257.955335617
27.5288450466831;67576.5786647797
27.531761546847;91138.9172401428
27.5346780470109;69244.2502212524
27.5375945471747;76681.1784286499
27.5405110473386;98297.7751674652
27.5434275475025;69562.0378093719
27.5463440476663;76589.7716999054
27.5492605478302;78284.5639457703
27.552177047994;66667.1610717773
27.5550935481579;89598.0295276642
27.5580100483218;66848.6514148712
27.5609265484856;71823.9853172302
27.5638430486495;63868.3423614502
27.5667595488133;67613.3947124481
27.5696760489772;68459.8050079346
27.5725925491411;75488.95570755
27.5755090493049;65719.4307441711
27.5784255494688;79977.9873905182
27.5813420496326;85584.7771606445
27.5842585497965;70202.521856308
27.5871750499604;80074.2172527313
27.5900915501242;75250.6796188354
27.5930080502881;93532.8612976074
27.5959245504519;64324.4670028687
27.5988410506158;80887.7926559448
27.6017575507797;81062.9772586823
27.6046740509435;58788.595457077
27.6075905511074;64232.5274181366
27.6105070512713;70497.6726531982
27.6134235514351;60411.8902282715
27.616340051599;59056.1465129852
27.6192565517628;93675.1303634644
27.6221730519267;64717.4789066315
27.6250895520906;73331.1019458771
27.6280060522544;62202.529709816
27.6309225524183;60320.8784370422
27.6338390525821;62017.7322845459
27.636755552746;73215.9242324829
27.6396720529099;64258.6307487488
27.6425885530737;73195.8507080078
27.6455050532376;80488.1478118896
27.6484215534014;81806.4473543167
27.6513380535653;79684.3893280029
27.6542545537292;57205.1302204132
27.657171053893;65238.6110134125
27.6600875540569;74794.5546550751
27.6630040542208;75817.4005813599
27.6659205543846;83987.8031330109
27.6688370545485;57185.8847045898
27.6717535547123;78925.444519043
27.6746700548762;60062.3498649597
27.6775865550401;57153.7417449951
27.6805030552039;65749.3396682739
27.6834195553678;88707.2270355225
27.6863360555316;58213.5228500366
27.6892525556955;64489.1571445465
27.6921690558594;65938.6554412842
27.6950855560232;68665.3113079071
27.6980020561871;67214.5784378052
27.7009185563509;52453.1319084167
27.7038350565148;64058.7867488861
27.7067515566787;80669.8739337921
27.7096680568425;66574.8537712097
27.7125845570064;51915.2821407318
27.7155010571702;64248.5395202637
27.7184175573341;80769.9100151062
27.721334057498;84285.5582771301
27.7242505576618;61872.0240135193
27.7271670578257;59948.5803375244
27.7300835579895;89916.9358863831
27.7330000581534;83728.9038200378
27.7359165583173;65479.2552585602
27.7388330584811;69157.1459407806
27.741749558645;57248.3525600433
27.7446660588089;78585.8289489746
27.7475825589727;53487.5760421753
27.7504990591366;64744.2616329193
27.7534155593004;66960.6396827698
27.7563320594643;65014.1059818268
27.7592485596282;65384.8943157196
27.762165059792;61498.1932239532
27.7650815599559;41841.8199996948
27.7679980601197;81095.6380710602
27.7709145602836;65121.2739086151
27.7738310604475;53201.7092609406
27.7767475606113;68699.2409515381
27.7796640607752;63603.7093734741
27.782580560939;79128.460817337
27.7854970611029;62643.5907001495
27.7884135612668;68473.462179184
27.7913300614306;50630.9587841034
27.7942465615945;73250.8316478729
27.7971630617584;63376.0492839813
27.8000795619222;86081.9732074738
27.8029960620861;84177.3309612274
27.8059125622499;72860.8891353607
27.8088290624138;68594.782781601
27.8117455625777;70488.285150528
27.8146620627415;56820.8110637665
27.8175785629054;75733.8393783569
27.8204950630692;67313.8975257874
27.8234115632331;75231.6442565918
27.826328063397;64172.1678981781
27.8292445635608;102701.374053955
27.8321610637247;65793.7379150391
27.8350775638885;85046.466594696
27.8379940640524;75179.3110961914
27.8409105642163;70946.7215251923
27.8438270643801;82858.6313591003
27.846743564544;85211.583984375
27.8496600647078;66716.9488258362
27.8525765648717;72738.7423610687
27.8554930650356;90357.1363182068
27.8584095651994;98798.0224838257
27.8613260653633;57658.2439098358
27.8642425655272;77751.4902114868
27.867159065691;67763.5398979187
27.8700755658549;69905.4300689697
27.8729920660187;76197.5205059052
27.8759085661826;110875.176778793
27.8788250663465;100849.743309021
27.8817415665103;90283.9052343369
27.8846580666742;79130.2793884277
27.887574566838;63927.247587204
27.8904910670019;82886.6143989563
27.8934075671658;77884.365486145
27.8963240673296;65465.6405143738
27.8992405674935;76856.497209549
27.9021570676573;77388.9927978516
27.9050735678212;63905.1880607605
27.9079900679851;69266.6514949799
27.9109065681489;81225.7348747253
27.9138230683128;67688.1883907318
27.9167395684766;74078.603225708
27.9196560686405;77411.864074707
27.9225725688044;77782.6095466614
27.9254890689682;65387.1533107758
27.9284055691321;74069.6308689117
27.931322069296;80162.7587909698
27.9342385694598;82968.8495082855
27.9371550696237;72384.0652542114
27.9400715697875;66969.3203735352
27.9429880699514;63802.7186126709
27.9459045701153;63381.7048492432
27.9488210702791;78852.1500320435
27.951737570443;72593.3812599182
27.9546540706068;83644.2567214966
27.9575705707707;74335.7355728149
27.9604870709346;57228.0845184326
27.9634035710984;70136.3526363373
27.9663200712623;99797.8351745605
27.9692365714261;73733.2489261627
27.97215307159;60776.2295379639
27.9750695717539;69575.9839668274
27.9779860719177;55431.2004833221
27.9809025720816;71447.1673202515
27.9838190722454;81469.1061000824
27.9867355724093;66875.0427436829
27.9896520725732;85297.8289966583
27.992568572737;66330.9759483337
27.9954850729009;89727.9978370667
27.9984015730648;79904.9492359161
28.0013180732286;54687.336271286
28.0042345733925;80788.4687347412
28.0071510735563;54649.5808162689
28.0100675737202;84575.4980154037
28.0129840738841;70507.5090637207
28.0159005740479;68190.0677757263
28.0188170742118;83350.5969295502
28.0217335743756;74911.1205635071
28.0246500745395;67204.9378509521
28.0275665747034;100587.393096924
28.0304830748672;70664.2530441284
28.0333995750311;75480.1503295898
28.0363160751949;79047.3803367615
28.0392325753588;65963.6543941498
28.0421490755227;61210.2641983032
28.0450655756865;62960.6645336151
28.0479820758504;77281.6241226196
28.0508985760142;65428.7523422241
28.0538150761781;69643.2962684631
28.056731576342;72866.9800605774
28.0596480765058;81915.135471344
28.0625645766697;91301.5080242157
28.0654810768336;84089.6300010681
28.0683975769974;72350.4441699982
28.0713140771613;67871.8123378754
28.0742305773251;75577.375629425
28.077147077489;65501.073261261
28.0800635776529;65818.1951217651
28.0829800778167;78015.1361312866
28.0858965779806;76422.8355026245
28.0888130781444;74925.9725608826
28.0917295783083;80753.2444553375
28.0946460784722;59988.9163093567
28.097562578636;82193.6386356354
28.1004790787999;109811.038894653
28.1033955789637;60835.8758296967
28.1063120791276;71733.7920570374
28.1092285792915;62320.4778022766
28.1121450794553;57969.227848053
28.1150615796192;88223.0937252045
28.1179780797831;88343.1557388306
28.1208945799469;76801.7993774414
28.1238110801108;57959.0780754089
28.1267275802746;67647.448513031
28.1296440804385;78082.3153381348
28.1325605806024;67253.5132331848
28.1354770807662;82120.9973163605
28.1383935809301;82195.3744468689
28.1413100810939;62237.1019248962
28.1442265812578;85406.8611068726
28.1471430814217;70924.2841978073
28.1500595815855;85185.8972740173
28.1529760817494;82827.9781074524
28.1558925819132;90355.7722015381
28.1588090820771;73047.4995536804
28.161725582241;70565.9756622314
28.1646420824048;59908.7209415436
28.1675585825687;92137.5542259216
28.1704750827325;68260.8421325684
28.1733915828964;61953.8577957153
28.1763080830603;101882.972196579
28.1792245832241;58679.100019455
28.182141083388;67167.4971981049
28.1850575835519;65975.364985466
28.1879740837157;86277.9304714203
28.1908905838796;76210.9806861877
28.1938070840434;66681.7119598389
28.1967235842073;80825.7954368591
28.1996400843712;77968.618347168
28.202556584535;71112.1707725525
28.2054730846989;60451.1874923706
28.2083895848627;74395.9998474121
28.2113060850266;85567.3032684326
28.2142225851905;54496.9531497955
28.2171390853543;83746.420501709
28.2200555855182;88804.8380050659
28.222972085682;75056.886349678
28.2258885858459;65069.6570281982
28.2288050860098;78256.0101509094
28.2317215861736;71458.6665039063
28.2346380863375;68956.9778938293
28.2375545865013;67981.1414241791
28.2404710866652;75088.1569366455
28.2433875868291;91543.8403148651
28.2463040869929;94621.4841461182
28.2492205871568;65303.9095554352
28.2521370873207;67920.5044307709
28.2550535874845;79314.0912742615
28.2579700876484;81257.8731689453
28.2608865878122;67314.1547374725
28.2638030879761;70923.6473388672
28.26671958814;73255.2074584961
28.2696360883038;90353.9345817566
28.2725525884677;72138.7916030884
28.2754690886315;74231.8359298706
28.2783855887954;75731.4229335785
28.2813020889593;101198.352104187
28.2842185891231;71050.8169441223
28.287135089287;76376.2904090881
28.2900515894508;62852.5937271118
28.2929680896147;87984.6196975708
28.2958845897786;67394.0728874207
28.2988010899424;67870.1096515656
28.3017175901063;81124.177822113
28.3046340902701;68199.8701171875
28.307550590434;74417.6174182892
28.3104670905979;79918.8916530609
28.3133835907617;61175.3049221039
28.3163000909256;85769.6933574677
28.3192165910895;82389.2868919373
28.3221330912533;89839.0969791412
28.3250495914172;66386.0322723389
28.327966091581;74014.9832210541
28.3308825917449;66154.9731521606
28.3337990919088;72950.795085907
28.3367155920726;93447.9635562897
28.3396320922365;62115.3006420136
28.3425485924003;66321.1459159851
28.3454650925642;61839.82081604
28.3483815927281;87364.3900203705
28.3512980928919;75825.5409469604
28.3542145930558;91544.0930652618
28.3571310932196;62277.4396724701
28.3600475933835;75518.7669219971
28.3629640935474;96340.1616477966
28.3658805937112;94744.8005847931
28.3687970938751;98424.874042511
28.371713594039;69592.2070827484
28.3746300942028;81918.1758804321
28.3775465943667;57784.7021846771
28.3804630945305;89481.2269058228
28.3833795946944;81894.8397445679
28.3862960948583;73276.5393447876
28.3892125950221;64989.8782863617
28.392129095186;82750.2321491241
28.3950455953498;58000.2607498169
28.3979620955137;78091.6737117767
28.4008785956776;73744.3948631287
28.4037950958414;63932.6433410645
28.4067115960053;71839.6845188141
28.4096280961691;101420.354894638
28.412544596333;97945.5675830841
28.4154610964969;91739.8280258179
28.4183775966607;58725.1152248383
28.4212940968246;75136.0771694183
28.4242105969884;57223.7178783417
28.4271270971523;67620.0515861511
28.4300435973162;78449.7198181152
28.43296009748;80311.2439727783
28.4358765976439;90950.4585418701
28.4387930978078;73454.2035484314
28.4417095979716;81006.1372947693
28.4446260981355;71286.810760498
28.4475425982993;102789.609470367
28.4504590984632;69895.7484855652
28.4533755986271;74523.7302446365
28.4562920987909;58726.7891139984
28.4592085989548;82252.7622909546
28.4621250991186;91459.0651016235
28.4650415992825;67301.1232700348
28.4679580994464;79708.5669536591
28.4708745996102;76819.8025283813
28.4737910997741;75573.919713974
28.4767075999379;75420.959526062
28.4796241001018;74240.1519470215
28.4825406002657;93327.8852043152
28.4854571004295;82818.8450431824
28.4883736005934;86258.182510376
28.4912901007572;63663.538690567
28.4942066009211;76901.1888122559
28.497123101085;103311.175802231
28.5000396012488;73414.0389251709
28.5029561014127;81002.6550197601
28.5058726015766;68199.4833068848
28.5087891017404;81922.8077392578
28.5117056019043;75279.7316169739
28.5146221020681;105898.074012756
28.517538602232;69681.4209403992
28.5204551023959;78118.5383319855
28.5233716025597;62288.5981311798
28.5262881027236;83646.4824371338
28.5292046028874;88930.4779815674
28.5321211030513;89297.0984363556
28.5350376032152;56733.5584411621
28.537954103379;77889.2350749969
28.5408706035429;84896.9706859589
28.5437871037067;81343.3488292694
28.5467036038706;75230.2683639526
28.5496201040345;86885.1783218384
28.5525366041983;72891.6991939545
28.5554531043622;90222.6344833374
28.558369604526;72702.1799507141
28.5612861046899;73884.6245880127
28.5642026048538;100254.532548904
28.5671191050176;83507.229095459
28.5700356051815;76314.3564968109
28.5729521053454;77126.4487075806
28.5758686055092;84113.6009273529
28.5787851056731;76721.6458187103
28.5817016058369;80729.6949882507
28.5846181060008;77277.2635555267
28.5875346061647;69505.0874862671
28.5904511063285;64056.3579921722
28.5933676064924;68176.3412475586
28.5962841066562;87663.8456916809
28.5992006068201;74186.2038936615
28.602117106984;127137.716497421
28.6050336071478;95478.5877017975
28.6079501073117;67805.7704048157
28.6108666074755;78168.2104873657
28.6137831076394;87588.2454528809
28.6166996078033;94440.7014636993
28.6196161079671;90789.7517089844
28.622532608131;82670.5428504944
28.6254491082948;89275.9583435059
28.6283656084587;63977.0037078857
28.6312821086226;91056.6774139404
28.6341986087864;89423.5293102264
28.6371151089503;81139.9346694946
28.6400316091142;75403.2034072876
28.642948109278;88262.8479499817
28.6458646094419;93024.4522590637
28.6487811096057;75968.5965061188
28.6516976097696;73767.4512882233
28.6546141099335;87384.0155944824
28.6575306100973;71784.6228618622
28.6604471102612;67414.2662181854
28.663363610425;96352.1125106812
28.6662801105889;96276.5265960693
28.6691966107528;77832.1929321289
28.6721131109166;96904.0426778793
28.6750296110805;93255.2538909912
28.6779461112443;74815.7312431335
28.6808626114082;79344.3897399902
28.6837791115721;74648.8483982086
28.6866956117359;71162.3683547974
28.6896121118998;64263.5507125854
28.6925286120637;90256.0282459259
28.6954451122275;81912.5906219482
28.6983616123914;98937.7516136169
28.7012781125552;102064.317005157
28.7041946127191;84803.417766571
28.707111112883;87611.5828514099
28.7100276130468;95246.5932617188
28.7129441132107;73508.5246696472
28.7158606133745;83742.4489479065
28.7187771135384;99158.6788578033
28.7216936137023;107371.482341766
28.7246101138661;72232.8207969666
28.72752661403;94265.7894115448
28.7304431141938;90552.6078739166
28.7333596143577;82246.9552593231
28.7362761145216;89995.503868103
28.7391926146854;84118.5663528442
28.7421091148493;95184.010055542
28.7450256150131;88488.0656166077
28.747942115177;98028.3154067993
28.7508586153409;107725.846084595
28.7537751155047;85103.401342392
28.7566916156686;67703.1431465149
28.7596081158324;78111.916759491
28.7625246159963;89535.4981746674
28.7654411161602;77680.7429943085
28.768357616324;81901.0543518066
28.7712741164879;80630.1541042328
28.7741906166518;115249.839767456
28.7771071168156;91978.3197212219
28.7800236169795;86367.2348155975
28.7829401171433;97925.9022312164
28.7858566173072;93537.9073314667
28.7887731174711;83269.2851314545
28.7916896176349;98231.2547149658
28.7946061177988;74811.3712768555
28.7975226179626;78800.2522182465
28.8004391181265;68258.6029224396
28.8033556182904;74190.0008010864
28.8062721184542;82862.9506340027
28.8091886186181;79745.4448261261
28.8121051187819;99922.8646221161
28.8150216189458;87936.9680271149
28.8179381191097;71710.3491249084
28.8208546192735;78324.6091442108
28.8237711194374;106046.992080688
28.8266876196013;96488.5581092834
28.8296041197651;83330.5009803772
28.832520619929;106400.530008316
28.8354371200928;77574.3086147308
28.8383536202567;78370.068646431
28.8412701204206;107403.755760193
28.8441866205844;98940.3934822083
28.8471031207483;78290.1244411469
28.8500196209121;90331.2810611725
28.852936121076;77199.812746048
28.8558526212399;91097.5967063904
28.8587691214037;79991.0456218719
28.8616856215676;88419.4468994141
28.8646021217314;84357.2104530334
28.8675186218953;94025.6751785278
28.8704351220592;71655.3290672302
28.873351622223;103601.473272324
28.8762681223869;81939.1772422791
28.8791846225507;86349.414276123
28.8821011227146;80155.1431732178
28.8850176228785;76840.8982868195
28.8879341230423;82356.0105609894
28.8908506232062;85123.6719017029
28.8937671233701;78576.9823684692
28.8966836235339;82157.7118682861
28.8996001236978;74632.0610351563
28.9025166238616;86825.8962287903
28.9054331240255;79584.5342273712
28.9083496241894;70396.7995662689
28.9112661243532;77614.9930171967
28.9141826245171;95927.0837783813
28.9170991246809;83448.8701629639
28.9200156248448;104204.945264816
28.9229321250087;73085.9641933441
28.9258486251725;70677.0680522919
28.9287651253364;83852.1374549866
28.9316816255002;78163.6695976257
28.9345981256641;97837.8983707428
28.937514625828;101273.390962601
28.9404311259918;73930.0587215424
28.9433476261557;75990.073638916
28.9462641263195;101751.615089417
28.9491806264834;64815.6299476624
28.9520971266473;81789.0916061401
28.9550136268111;79456.9046325684
28.957930126975;81050.7855014801
28.9608466271389;70893.2460613251
28.9637631273027;82626.5632667542
28.9666796274666;85022.5650978088
28.9695961276304;68625.0068798065
28.9725126277943;105200.217559814
28.9754291279582;72252.3329315186
28.978345628122;65570.5184116364
28.9812621282859;67582.0546379089
28.9841786284497;100916.783309937
28.9870951286136;75115.7427120209
28.9900116287775;79407.0808792114
28.9929281289413;91403.4569377899
28.9958446291052;87798.4807434082
28.998761129269;97026.1812973022
29.0016776294329;76211.486120224
29.0045941295968;104337.101390839
29.0075106297606;87989.383266449
29.0104271299245;86244.9031772614
29.0133436300884;63923.6091480255
29.0162601302522;90221.7282981873
29.0191766304161;90812.3640441895
29.0220931305799;80337.7456359863
29.0250096307438;83920.6826324463
29.0279261309077;100761.625049591
29.0308426310715;87051.1872692108
29.0337591312354;67875.2748069763
29.0366756313992;87544.0283679962
29.0395921315631;65163.4179077148
29.042508631727;98176.7967071533
29.0454251318908;79180.5468101501
29.0483416320547;79952.7888221741
29.0512581322185;71801.4262428284
29.0541746323824;80849.1417541504
29.0570911325463;63391.4097938538
29.0600076327101;106079.727508545
29.062924132874;95478.9936447144
29.0658406330378;75511.726764679
29.0687571332017;74808.2713279724
29.0716736333656;77831.229347229
29.0745901335294;85113.472694397
29.0775066336933;84094.140827179
29.0804231338572;83543.8063430786
29.083339634021;101486.628326416
29.0862561341849;75375.8993377686
29.0891726343487;91537.4542770386
29.0920891345126;93508.0666007996
29.0950056346765;95645.0753517151
29.0979221348403;88200.0622615814
29.1008386350042;57241.3498001099
29.103755135168;74136.1339111328
29.1066716353319;69680.7403717041
29.1095881354958;89761.468788147
29.1125046356596;87937.1985702515
29.1154211358235;67528.7265033722
29.1183376359873;67946.5079879761
29.1212541361512;89041.9491882324
29.1241706363151;58519.8066368103
29.1270871364789;101402.842643738
29.1300036366428;74862.7056427002
29.1329201368066;106014.072538376
29.1358366369705;64594.5749835968
29.1387531371344;104301.08032608
29.1416696372982;86481.2308712006
29.1445861374621;103871.969459534
29.147502637626;76702.6082057953
29.1504191377898;84463.3419075012
29.1533356379537;79177.3839035034
29.1562521381175;87324.2481079102
29.1591686382814;98837.0084037781
29.1620851384453;94066.8808403015
29.1650016386091;80122.2309608459
29.167918138773;75808.2087783813
29.1708346389368;66225.3510684967
29.1737511391007;63592.5720539093
29.1766676392646;94985.5766181946
29.1795841394284;79653.7804031372
29.1825006395923;86992.9084091187
29.1854171397561;94091.6453685761
29.18833363992;84613.6330375671
29.1912501400839;85889.9792175293
29.1941666402477;72574.3590602875
29.1970831404116;82358.2301635742
29.1999996405754;94375.7290382385
29.2029161407393;77875.4985351563
29.2058326409032;55980.283870697
29.208749141067;64484.5364589691
29.2116656412309;70051.9679965973
29.2145821413948;77422.4865188599
29.2174986415586;69204.4047660828
29.2204151417225;91777.1488628387
29.2233316418863;78151.1489028931
29.2262481420502;75795.5731182098
29.2291646422141;86889.3408565521
29.2320811423779;74572.1095428467
29.2349976425418;83524.5068283081
29.2379141427056;76351.4106235504
29.2408306428695;88238.1739025116
29.2437471430334;76366.0637626648
29.2466636431972;98743.7600955963
29.2495801433611;60369.4867324829
29.2524966435249;99239.8014659882
29.2554131436888;74862.044921875
29.2583296438527;101370.371940613
29.2612461440165;79877.683057785
29.2641626441804;85870.2389945984
29.2670791443442;87770.8617362976
29.2699956445081;74580.3697013855
29.272912144672;78553.791519165
29.2758286448358;83705.1253471375
29.2787451449997;78016.8118610382
29.2816616451636;82216.9035434723
29.2845781453274;100420.46157074
29.2874946454913;74291.6721305847
29.2904111456551;85294.1015052795
29.293327645819;61054.8541870117
29.2962441459829;88001.2353153229
29.2991606461467;89575.7278289795
29.3020771463106;89672.9136657715
29.3049936464744;92632.321688652
29.3079101466383;73904.0392837524
29.3108266468022;71757.4856910706
29.313743146966;70784.5908508301
29.3166596471299;79092.6710243225
29.3195761472937;87051.9832172394
29.3224926474576;105219.224254608
29.3254091476215;90588.2816257477
29.3283256477853;107467.893943787
29.3312421479492;78533.3332824707
29.3341586481131;75727.7760829926
29.3370751482769;87167.0498409271
29.3399916484408;74292.3214683533
29.3429081486046;86693.6107711792
29.3458246487685;95321.5205307007
29.3487411489324;92826.3284111023
29.3516576490962;79611.3178329468
29.3545741492601;102242.843791962
29.3574906494239;97193.27592659
29.3604071495878;85272.2196846008
29.3633236497517;105010.544204712
29.3662401499155;79792.0892734528
29.3691566500794;92540.9761161804
29.3720731502432;100379.100372314
29.3749896504071;81723.0130214691
29.377906150571;89981.5692558289
29.3808226507348;95556.2987136841
29.3837391508987;73404.6563148499
29.3866556510625;106899.201702118
29.3895721512264;114313.14805603
29.3924886513903;96995.674955368
29.3954051515541;98441.5010223389
29.398321651718;93764.7662506104
29.4012381518819;78557.2533569336
29.4041546520457;100900.060844421
29.4070711522096;80392.8860778809
29.4099876523734;96594.0663375854
29.4129041525373;75936.7802715302
29.4158206527012;74476.0861568451
29.418737152865;81013.4802093506
29.4216536530289;85347.5180768967
29.4245701531927;88296.3594436646
29.4274866533566;69315.5685501099
29.4304031535205;86618.1922302246
29.4333196536843;94301.3283843994
29.4362361538482;68097.2748413086
29.439152654012;97373.1539039612
29.4420691541759;82549.9204349518
29.4449856543398;87203.2808742523
29.4479021545036;71985.889881134
29.4508186546675;77462.2893447876
29.4537351548313;79132.8461532593
29.4566516549952;98998.2269763947
29.4595681551591;81017.7893447876
29.4624846553229;71060.7970924377
29.4654011554868;67429.826461792
29.4683176556507;82660.7700195313
29.4712341558145;64118.1373500824
29.4741506559784;92830.9581508636
29.4770671561422;80873.7835063934
29.4799836563061;79027.5659542084
29.48290015647;75023.4630737305
29.4858166566338;92963.6347255707
29.4887331567977;104992.739479065
29.4916496569615;117398.946517944
29.4945661571254;131124.335004807
29.4974826572893;130902.131206512
29.5003991574531;162444.305282593
29.503315657617;138483.146125793
29.5062321577808;163470.894454956
29.5091486579447;176715.188524246
29.5120651581086;179231.380844116
29.5149816582724;160310.476055145
29.5178981584363;162783.770889282
29.5208146586001;172702.057777405
29.523731158764;142600.123931885
29.5266476589279;169656.835536957
29.5295641590917;149953.849113464
29.5324806592556;175535.813259125
29.5353971594195;127389.351070404
29.5383136595833;132517.266618729
29.5412301597472;146737.712677002
29.544146659911;123189.46528244
29.5470631600749;132054.151639938
29.5499796602388;139335.240585327
29.5528961604026;125941.500038147
29.5558126605665;124160.653879166
29.5587291607303;106903.327173233
29.5616456608942;99585.6166210175
29.5645621610581;116061.771717072
29.5674786612219;150188.309408188
29.5703951613858;98726.3020763397
29.5733116615496;102477.201972961
29.5762281617135;127057.867767334
29.5791446618774;112216.699699402
29.5820611620412;96393.0132217407
29.5849776622051;129549.389938354
29.587894162369;116750.111320496
29.5908106625328;139901.109714508
29.5937271626967;121233.758626938
29.5966436628605;121882.749139786
29.5995601630244;95414.6332168579
29.6024766631883;83174.6110630035
29.6053931633521;109164.411128998
29.608309663516;111571.352775574
29.6112261636798;82264.1961154938
29.6141426638437;86735.670173645
29.6170591640076;109970.787668228
29.6199756641714;98033.2268867493
29.6228921643353;101347.664129257
29.6258086644991;109354.067466736
29.628725164663;80153.6919212341
29.6316416648269;89858.5226097107
29.6345581649907;146378.908678055
29.6374746651546;85742.1712379456
29.6403911653184;116198.858850479
29.6433076654823;95044.7864494324
29.6462241656462;90088.9454689026
29.64914066581;108410.923221588
29.6520571659739;110824.30683136
29.6549736661377;113202.294939041
29.6578901663016;83417.4551239014
29.6608066664655;101278.487895966
29.6637231666293;95015.1308994293
29.6666396667932;80786.7069740295
29.6695561669571;86439.392036438
29.6724726671209;125576.854202271
29.6753891672848;79655.6642627716
29.6783056674486;98198.2242946625
29.6812221676125;82534.6424255371
29.6841386677764;81359.9907836914
29.6870551679402;91781.759059906
29.6899716681041;59182.1432285309
29.6928881682679;103894.903326035
29.6958046684318;82853.7539024353
29.6987211685957;91885.4935150146
29.7016376687595;103876.755567551
29.7045541689234;100514.286245346
29.7074706690872;91352.0606422424
29.7103871692511;81346.9139308929
29.713303669415;90072.6325302124
29.7162201695788;88747.9073829651
29.7191366697427;96002.7858295441
29.7220531699066;78480.3391304016
29.7249696700704;105735.412492752
29.7278861702343;89150.11378479
29.7308026703981;84018.0884609222
29.733719170562;74864.7590942383
29.7366356707259;78611.5218582153
29.7395521708897;114280.479324341
29.7424686710536;111667.79240036
29.7453851712174;117811.976537704
29.7483016713813;99440.2861824036
29.7512181715452;102746.685949326
29.754134671709;85735.7824306488
29.7570511718729;99981.0701389313
29.7599676720367;99804.7137336731
29.7628841722006;78073.6192703247
29.7658006723645;93456.4022846222
29.7687171725283;105706.667108536
29.7716336726922;110037.889556885
29.774550172856;76130.2257957459
29.7774666730199;116232.266765594
29.7803831731838;91184.4585552216
29.7832996733476;105107.532617569
29.7862161735115;87691.6215019226
29.7891326736754;83865.7277927399
29.7920491738392;91956.86095047
29.7949656740031;79076.4852333069
29.7978821741669;87675.4861602783
29.8007986743308;94172.4661426544
29.8037151744947;99000.6902236938
29.8066316746585;98215.4132766724
29.8095481748224;76939.0595626831
29.8124646749862;101409.397720337
29.8153811751501;87626.6297721863
29.818297675314;73569.2244129181
29.8212141754778;81187.8068847656
29.8241306756417;133618.213230133
29.8270471758055;76726.3516101837
29.8299636759694;76900.666765213
29.8328801761333;69063.8451061249
29.8357966762971;97237.4736347198
29.838713176461;80441.1643562317
29.8416296766248;101773.102222443
29.8445461767887;105691.261707306
29.8474626769526;120847.791114807
29.8503791771164;82445.976354599
29.8532956772803;123877.698564529
29.8562121774442;109225.464029312
29.859128677608;93755.2281761169
29.8620451777719;115058.465084076
29.8649616779357;73027.8656463623
29.8678781780996;128190.908592224
29.8707946782635;81544.5163173676
29.8737111784273;90691.6405792236
29.8766276785912;70894.3589515686
29.879544178755;97402.9229431152
29.8824606789189;96673.8163070679
29.8853771790828;94846.4789104462
29.8882936792466;107013.16872406
29.8912101794105;91249.4472789764
29.8941266795743;80740.7730178833
29.8970431797382;97606.2484474182
29.8999596799021;93579.1469230652
29.9028761800659;84856.7746677399
29.9057926802298;76593.3621120453
29.9087091803937;71429.8519706726
29.9116256805575;107317.237010956
29.9145421807214;98777.4687538147
29.9174586808852;107629.544988632
29.9203751810491;95158.7897415161
29.923291681213;83079.491771698
29.9262081813768;110969.845777512
29.9291246815407;83033.0416107178
29.9320411817045;104306.656053543
29.9349576818684;88465.8909950256
29.9378741820323;92434.6679420471
29.9407906821961;105336.816711426
29.94370718236;98548.5783615112
29.9466236825238;88502.8565635681
29.9495401826877;71977.5287513733
29.9524566828516;108529.947668076
29.9553731830154;100661.194189072
29.9582896831793;87873.6612129211
29.9612061833431;83089.1020317078
29.964122683507;105019.391880035
29.9670391836709;124810.590906143
29.9699556838347;94817.7218532562
29.9728721839986;105314.815198898
29.9757886841625;79161.4710159302
29.9787051843263;86697.4763202667
29.9816216844902;99367.2793159485
29.984538184654;123137.058294296
29.9874546848179;87117.0525875092
29.9903711849818;75418.5657176971
29.9932876851456;88887.898141861
29.9962041853095;82805.7221164703
29.9991206854733;71920.6946792603
30.0020371856372;92478.1735687256
30.0049536858011;94497.0708198547
30.0078701859649;87640.3545856476
30.0107866861288;88031.5925674438
30.0137031862926;96960.2312221527
30.0166196864565;78913.3936977386
30.0195361866204;97490.6251869202
30.0224526867842;79338.7611312866
30.0253691869481;97692.7269020081
30.0282856871119;74495.854019165
30.0312021872758;86932.785118103
30.0341186874397;105538.301935196
30.0370351876035;112836.534255981
30.0399516877674;90193.8566265106
30.0428681879313;93783.5144348145
30.0457846880951;81459.7570419312
30.048701188259;79574.3211669922
30.0516176884228;77828.895526886
30.0545341885867;95920.8325042725
30.0574506887506;94939.0335083008
30.0603671889144;96147.8830566406
30.0632836890783;73812.7248325348
30.0662001892421;93816.7132587433
30.069116689406;94008.9594688416
30.0720331895699;85368.8491821289
30.0749496897337;89501.3188209534
30.0778661898976;94162.1809692383
30.0807826900614;101122.372367859
30.0836991902253;87882.2194194794
30.0866156903892;93742.9008979797
30.089532190553;95868.8826370239
30.0924486907169;62808.5648784637
30.0953651908807;85858.6394500732
30.0982816910446;88660.3913097382
30.1011981912085;105651.538183212
30.1041146913723;112410.024349213
30.1070311915362;109996.348104477
30.1099476917001;92637.4359836578
30.1128641918639;90701.7971172333
30.1157806920278;81126.9899482727
30.1186971921916;101428.581438065
30.1216136923555;90771.5834178925
30.1245301925194;95354.4638538361
30.1274466926832;94147.0230789185
30.1303631928471;112969.52252388
30.1332796930109;72240.8653526306
30.1361961931748;97975.4410209656
30.1391126933387;81286.4138317108
30.1420291935025;103885.466571808
30.1449456936664;95586.6007766724
30.1478621938302;79920.9769134521
30.1507786939941;100717.108755112
30.153695194158;92948.9831848145
30.1566116943218;84252.0258522034
30.1595281944857;88846.2531394959
30.1624446946495;106897.187501907
30.1653611948134;99238.5882778168
30.1682776949773;114058.078643799
30.1711941951411;105086.085763931
30.174110695305;90567.2705841064
30.1770271954689;87604.4872264862
30.1799436956327;82658.3657302856
30.1828601957966;110276.16784668
30.1857766959604;92796.0624732971
30.1886931961243;85127.3362598419
30.1916096962882;95190.0267448425
30.194526196452;101246.517696381
30.1974426966159;77679.40117836
30.2003591967797;90180.6522064209
30.2032756969436;94932.8921508789
30.2061921971075;94872.8059082031
30.2091086972713;99157.7700901031
30.2120251974352;101883.391750336
30.214941697599;92797.361000061
30.2178581977629;94843.3999996185
30.2207746979268;87819.4164733887
30.2236911980906;136930.244750977
30.2266076982545;104958.463262558
30.2295241984184;93870.5012893677
30.2324406985822;90184.901058197
30.2353571987461;110453.979967117
30.2382736989099;113502.334127426
30.2411901990738;80965.245880127
30.2441066992377;88186.7489929199
30.2470231994015;85067.483335495
30.2499396995654;97193.3681468964
30.2528561997292;110008.490987778
30.2557726998931;93445.0716991425
30.258689200057;80759.3224468231
30.2616057002208;88619.9321594238
30.2645222003847;85810.5545253754
30.2674387005485;101492.91418457
30.2703552007124;73001.1840000153
30.2732717008763;111328.931146622
30.2761882010401;70152.4791603088
30.279104701204;111483.124246597
30.2820212013678;65711.0544815063
30.2849377015317;85379.2369117737
30.2878542016956;92082.0879802704
30.2907707018594;85601.128610611
30.2936872020233;80248.4961299896
30.2966037021872;100685.832286835
30.299520202351;107887.527011871
30.3024367025149;88811.6680660248
30.3053532026787;114699.317909241
30.3082697028426;79825.7396259308
30.3111862030065;110674.302042007
30.3141027031703;83158.9011039734
30.3170192033342;100573.484010696
30.319935703498;81181.2289409637
30.3228522036619;107878.719577789
30.3257687038258;91865.8208847046
30.3286852039896;89783.4790592194
30.3316017041535;95737.7974262238
30.3345182043173;91881.6653766632
30.3374347044812;107218.080291748
30.3403512046451;95164.5998516083
30.3432677048089;86768.6449356079
30.3461842049728;94942.108751297
30.3491007051366;88505.7684307098
30.3520172053005;76725.1665096283
30.3549337054644;87795.871099472
30.3578502056282;103578.218448639
30.3607667057921;84705.3078727722
30.363683205956;111841.495359421
30.3665997061198;96791.8788795471
30.3695162062837;96841.9332561493
30.3724327064475;93518.1243667603
30.3753492066114;65988.590839386
30.3782657067753;100824.990242004
30.3811822069391;95553.3421020508
30.384098707103;93524.6234741211
30.3870152072668;117486.043506622
30.3899317074307;87257.68242836
30.3928482075946;92508.7747449875
30.3957647077584;85684.7008972168
30.3986812079223;114400.274181366
30.4015977080861;82404.4099807739
30.40451420825;90885.008102417
30.4074307084139;109282.773399353
30.4103472085777;91783.2026844025
30.4132637087416;92583.570022583
30.4161802089054;92311.9517230988
30.4190967090693;94878.1623382568
30.4220132092332;93219.2977561951
30.424929709397;79980.203420639
30.4278462095609;105027.458211899
30.4307627097248;94883.9278469086
30.4336792098886;91731.1227912903
30.4365957100525;111263.782245636
30.4395122102163;81805.4961338043
30.4424287103802;84715.0366191864
30.4453452105441;103940.225589752
30.4482617107079;89327.1396598816
30.4511782108718;92809.5686645508
30.4540947110356;88296.0005607605
30.4570112111995;117454.437477112
30.4599277113634;93478.2660713196
30.4628442115272;86004.6833515167
30.4657607116911;106705.408634186
30.4686772118549;86925.1137485504
30.4715937120188;84998.041179657
30.4745102121827;91962.5429954529
30.4774267123465;103979.087024689
30.4803432125104;112923.284866333
30.4832597126743;99800.4920253754
30.4861762128381;79042.5818023682
30.489092713002;111335.489336014
30.4920092131658;93506.564201355
30.4949257133297;98088.5037117004
30.4978422134936;80335.4173660278
30.5007587136574;100683.768135071
30.5036752138213;97053.344701767
30.5065917139851;74810.2463035584
30.509508214149;116090.090694427
30.5124247143129;100440.043493271
30.5153412144767;103907.695354462
30.5182577146406;82530.6037044525
30.5211742148044;95469.8616905212
30.5240907149683;88681.8712043762
30.5270072151322;91436.8841924667
30.529923715296;95475.8846263886
30.5328402154599;96293.0768928528
30.5357567156237;96610.0888652802
30.5386732157876;69927.3201675415
30.5415897159515;85554.0199394226
30.5445062161153;95817.7053604126
30.5474227162792;98013.4254074097
30.550339216443;85735.4033279419
30.5532557166069;89055.7922801971
30.5561722167708;90451.8890590668
30.5590887169346;92066.502248764
30.5620052170985;99733.4603843689
30.5649217172624;78017.6728343964
30.5678382174262;80980.5307998657
30.5707547175901;97992.0531082153
30.5736712177539;94160.27135849
30.5765877179178;81172.1608486176
30.5795042180817;77270.1943759918
30.5824207182455;108151.113435745
30.5853372184094;90403.1740646362
30.5882537185732;114592.973697662
30.5911702187371;77815.3534793854
30.594086718901;109443.523937225
30.5970032190648;83146.9490814209
30.5999197192287;103311.8621521
30.6028362193925;112156.70807457
30.6057527195564;91726.1547241211
30.6086692197203;100976.007900238
30.6115857198841;78512.1132144928
30.614502220048;93499.2343254089
30.6174187202119;120041.482515335
30.6203352203757;114857.440441132
30.6232517205396;109995.669433594
30.6261682207034;97475.6943645477
30.6290847208673;76175.7427024841
30.6320012210312;97186.2963638306
30.634917721195;88463.4755973816
30.6378342213589;92742.1991138458
30.6407507215227;81992.1443710327
30.6436672216866;100903.156585693
30.6465837218505;92732.7524986267
30.6495002220143;103582.010192871
30.6524167221782;87969.843044281
30.655333222342;104777.054901123
30.6582497225059;81392.5297775269
30.6611662226698;106543.975159645
30.6640827228336;93080.2005977631
30.6669992229975;92208.8243713379
30.6699157231613;89375.3262023926
30.6728322233252;76463.1165542603
30.6757487234891;118729.009727478
30.6786652236529;103039.81051445
30.6815817238168;84386.2577438354
30.6844982239807;100821.524143219
30.6874147241445;108064.285461426
30.6903312243084;110757.685863495
30.6932477244722;96157.7893390656
30.6961642246361;99305.1115722656
30.6990807248;91692.8057289124
30.7019972249638;106567.276679993
30.7049137251277;101633.453742981
30.7078302252915;74894.6307888031
30.7107467254554;78677.4672966003
30.7136632256193;91766.713092804
30.7165797257831;106863.588100433
30.719496225947;92063.4164428711
30.7224127261108;84068.0544223785
30.7253292262747;84476.8477993011
30.7282457264386;107985.162811279
30.7311622266024;66500.4241371155
30.7340787267663;115880.878112793
30.7369952269301;82146.9615764618
30.739911727094;83863.157957077
30.7428282272579;98452.3710727692
30.7457447274217;83744.1802444458
30.7486612275856;88401.6355361938
30.7515777277495;98778.8960456848
30.7544942279133;87348.3654975891
30.7574107280772;101232.530496597
30.760327228241;86397.8692073822
30.7632437284049;75540.2427787781
30.7661602285688;76827.7226753235
30.7690767287326;93964.8040809631
30.7719932288965;102196.034793854
30.7749097290603;79098.8088970184
30.7778262292242;85640.7995738983
30.7807427293881;91550.4630336761
30.7836592295519;87916.3388347626
30.7865757297158;83091.1769104004
30.7894922298796;97139.0376052856
30.7924087300435;100940.395908356
30.7953252302074;101679.999265671
30.7982417303712;80387.8651752472
30.8011582305351;105025.416920662
30.804074730699;126778.524297714
30.8069912308628;101850.794519424
30.8099077310267;88230.7817649841
30.8128242311905;108819.448612213
30.8157407313544;98533.4002399445
30.8186572315183;114470.124698639
30.8215737316821;66037.8609523773
30.824490231846;91973.1886806488
30.8274067320098;95088.5946884155
30.8303232321737;81802.8864593506
30.8332397323376;89887.6642551422
30.8361562325014;97384.0396156311
30.8390727326653;109133.446245193
30.8419892328291;92637.938331604
30.844905732993;94648.5426063538
30.8478222331569;124549.873958588
30.8507387333207;91641.147403717
30.8536552334846;96672.8491363525
30.8565717336484;88775.321516037
30.8594882338123;84269.9421310425
30.8624047339762;104749.447738647
30.86532123414;120715.653968811
30.8682377343039;86364.2956867218
30.8711542344677;109756.23849678
30.8740707346316;91115.3596572876
30.8769872347955;109477.046348572
30.8799037349593;97290.6265068054
30.8828202351232;84884.9135532379
30.8857367352871;112594.683942795
30.8886532354509;120229.101154327
30.8915697356148;94616.8252334595
30.8944862357786;131358.440906525
30.8974027359425;98810.0013275146
30.9003192361064;106397.41632843
30.9032357362702;105573.836658478
30.9061522364341;94689.6420040131
30.9090687365979;113540.876869202
30.9119852367618;87702.2975006104
30.9149017369257;101888.373991013
30.9178182370895;104298.977291107
30.9207347372534;103923.224113464
30.9236512374172;83848.645526886
30.9265677375811;109945.805225372
30.929484237745;106969.237030029
30.9324007379088;87397.5299072266
30.9353172380727;110092.731987
30.9382337382366;85144.5201931
30.9411502384004;82096.8877506256
30.9440667385643;91236.4652919769
30.9469832387281;95549.7088108063
30.949899738892;88719.5926141739
30.9528162390559;93255.7378444672
30.9557327392197;101652.914295197
30.9586492393836;103170.259840012
30.9615657395474;98270.4258956909
30.9644822397113;79012.0290603638
30.9673987398752;89476.7103271484
30.970315240039;86842.1081085205
30.9732317402029;79356.1891479492
30.9761482403667;87657.3452644348
30.9790647405306;98402.1939086914
30.9819812406945;70521.5971317291
30.9848977408583;92683.8540782928
30.9878142410222;103054.333602905
30.990730741186;75779.8460426331
30.9936472413499;73874.0522079468
30.9965637415138;92502.1474380493
30.9994802416776;97679.9263458252
31.0023967418415;98195.0229530334
31.0053132420054;92006.7365245819
31.0082297421692;81152.1498832703
31.0111462423331;109669.276245117
31.0140627424969;124303.899188995
31.0169792426608;115140.606311798
31.0198957428247;103104.895324707
31.0228122429885;90071.3598117828
31.0257287431524;83079.7211894989
31.0286452433162;94470.3288936615
31.0315617434801;109190.700195313
31.034478243644;74251.5221366882
31.0373947438078;118049.330360413
31.0403112439717;98031.9696044922
31.0432277441355;123774.441177368
31.0461442442994;112739.883163452
31.0490607444633;111878.440322876
31.0519772446271;129706.077461243
31.054893744791;109035.079558372
31.0578102449548;135220.751190186
31.0607267451187;87042.224855423
31.0636432452826;94935.6876182556
31.0665597454464;109980.570222855
31.0694762456103;106194.59321785
31.0723927457742;114568.946483612
31.075309245938;111393.032159805
31.0782257461019;107422.830053329
31.0811422462657;114221.105243683
31.0840587464296;107301.767150879
31.0869752465935;131843.440488815
31.0898917467573;104392.770431519
31.0928082469212;112073.837116241
31.095724747085;103498.051673889
31.0986412472489;85163.3998241425
31.1015577474128;100608.304605484
31.1044742475766;114705.001367569
31.1073907477405;102439.111026764
31.1103072479043;91868.9226074219
31.1132237480682;92588.7288398743
31.1161402482321;98587.6340236664
31.1190567483959;104497.473968506
31.1219732485598;117382.085500717
31.1248897487237;80004.5361042023
31.1278062488875;113632.922302246
31.1307227490514;101738.693544388
31.1336392492152;108384.63054657
31.1365557493791;93056.1397018433
31.139472249543;106008.464963913
31.1423887497068;124825.555316925
31.1453052498707;114651.718624115
31.1482217500345;105997.367881775
31.1511382501984;95503.7765903473
31.1540547503623;107655.412296295
31.1569712505261;87661.3465023041
31.15988775069;104233.518936157
31.1628042508538;74578.755235672
31.1657207510177;93310.5327377319
31.1686372511816;87298.9516658783
31.1715537513454;89456.7842903137
31.1744702515093;90333.1219062805
31.1773867516731;99972.9606399536
31.180303251837;95214.8664741516
31.1832197520009;97631.822013855
31.1861362521647;95533.471321106
31.1890527523286;89344.0613231659
31.1919692524925;102081.43460083
31.1948857526563;82403.444858551
31.1978022528202;103639.854139328
31.200718752984;85674.4160308838
31.2036352531479;92006.1772785187
31.2065517533118;85214.6084785461
31.2094682534756;79183.4025230408
31.2123847536395;77768.6032218933
31.2153012538033;81659.7665901184
31.2182177539672;96008.6047363281
31.2211342541311;97187.4923667908
31.2240507542949;86658.5103034973
31.2269672544588;80069.3672103882
31.2298837546226;93400.8979301453
31.2328002547865;103392.400016785
31.2357167549504;92971.2313804626
31.2386332551142;100013.582294464
31.2415497552781;107771.448181152
31.2444662554419;86683.3516654968
31.2473827556058;78855.6112747192
31.2502992557697;86385.5329780579
31.2532157559335;105424.739006042
31.2561322560974;100321.341777802
31.2590487562613;96468.0770874023
31.2619652564251;107056.331752777
31.264881756589;89047.8279533386
31.2677982567528;91068.3501701355
31.2707147569167;77184.4744949341
31.2736312570806;100464.013362885
31.2765477572444;119078.469537735
31.2794642574083;73180.3763313293
31.2823807575721;79852.011182785
31.285297257736;90386.1203918457
31.2882137578999;77359.7964344025
31.2911302580637;105725.008447647
31.2940467582276;99881.996799469
31.2969632583914;94435.6179599762
31.2998797585553;89571.3593521118
31.3027962587192;92611.6217193604
31.305712758883;106981.3204422
31.3086292590469;92231.8855514526
31.3115457592107;93200.9081687927
31.3144622593746;89739.5180530548
31.3173787595385;121227.139497757
31.3202952597023;87561.2351856232
31.3232117598662;86499.9493579865
31.3261282600301;80682.2761859894
31.3290447601939;120274.528024673
31.3319612603578;98047.3664302826
31.3348777605216;100258.387708664
31.3377942606855;87828.6931724548
31.3407107608494;109414.92152977
31.3436272610132;108135.69058609
31.3465437611771;90352.0737190247
31.3494602613409;92308.7296829224
31.3523767615048;102062.354434967
31.3552932616687;108912.500095367
31.3582097618325;94384.3987731934
31.3611262619964;78744.5344696045
31.3640427621602;93485.6484718323
31.3669592623241;103302.773365021
31.369875762488;61519.2148532867
31.3727922626518;81924.3128814697
31.3757087628157;99322.5455474854
31.3786252629796;107002.709915161
31.3815417631434;108238.950429916
31.3844582633073;90614.1404953003
31.3873747634711;98236.9583492279
31.390291263635;106586.550269127
31.3932077637989;94526.7850818634
31.3961242639627;110894.989746094
31.3990407641266;84240.9621582031
31.4019572642904;103244.969312668
31.4048737644543;100016.726608276
31.4077902646182;107586.806192398
31.410706764782;98489.4367256165
31.4136232649459;86496.1765441895
31.4165397651097;101278.715614319
31.4194562652736;108091.582391739
31.4223727654375;95065.9456634521
31.4252892656013;96878.9105949402
31.4282057657652;102525.097604752
31.431122265929;116511.878845215
31.4340387660929;71388.5849208832
31.4369552662568;94787.3204879761
31.4398717664206;108565.257051468
31.4427882665845;94226.0370292664
31.4457047667483;101936.169286728
31.4486212669122;77411.7780780792
31.4515377670761;102337.68296051
31.4544542672399;90818.2677021027
31.4573707674038;102013.265750885
31.4602872675677;82822.8510284424
31.4632037677315;102330.131111145
31.4661202678954;100793.71812439
31.4690367680592;76426.5516471863
31.4719532682231;86686.0432319641
31.474869768387;90517.6770706177
31.4777862685508;105497.956525803
31.4807027687147;97081.9863052368
31.4836192688785;84570.822385788
31.4865357690424;93899.9066886902
31.4894522692063;87269.9646701813
31.4923687693701;75184.2617340088
31.495285269534;87332.6767730713
31.4982017696978;103031.370353699
31.5011182698617;90544.6947669983
31.5040347700256;83797.7951278687
31.5069512701894;105421.83543396
31.5098677703533;120709.849746704
31.5127842705172;120817.382728577
31.515700770681;83233.5662727356
31.5186172708449;101106.747688293
31.5215337710087;79511.9083099365
31.5244502711726;91365.9256782532
31.5273667713365;107250.609367371
31.5302832715003;97213.6106796265
31.5331997716642;99267.1856212616
31.536116271828;89540.1646499634
31.5390327719919;98295.5329551697
31.5419492721558;104776.163543701
--------------------
